CONTIG	POS	CHR	MALE_POS	FEMALE_POS
LG1	28240	1	0.000	0.000
LG1	28286	1	0.000	0.000
LG1	34372	1	0.193	0.189
LG1	34375	1	0.193	0.189
LG1	34411	1	0.485	0.189
LG1	44294	1	0.485	0.189
LG1	81167	1	0.609	0.465
LG1	81174	1	0.609	0.465
LG1	136303	1	0.728	0.465
LG1	175683	1	0.728	0.585
LG1	197892	1	0.841	0.945
LG1	209164	1	0.953	0.945
LG1	214210	1	1.288	1.060
LG1	226523	1	1.288	1.289
LG1	338228	1	1.288	1.289
LG1	390471	1	1.288	1.401
LG1	390475	1	1.288	1.401
LG1	392722	1	1.288	1.401
LG1	403249	1	1.288	1.401
LG1	410620	1	1.288	1.511
LG1	424431	1	1.288	1.620
LG1	425968	1	1.288	1.620
LG1	442696	1	1.288	1.620
LG1	465753	1	1.288	1.730
LG1	480214	1	1.288	1.730
LG1	519749	1	1.288	1.730
LG1	519765	1	1.288	2.057
LG1	533150	1	1.397	2.057
LG1	533179	1	1.397	2.057
LG1	539622	1	1.397	2.057
LG1	585278	1	1.505	2.057
LG1	585305	1	1.505	2.165
LG1	612405	1	1.935	2.273
LG1	612412	1	1.935	2.597
LG1	629337	1	2.042	3.138
LG1	653943	1	2.472	3.354
LG1	653948	1	2.472	3.354
LG1	653949	1	2.472	3.354
LG1	653957	1	2.472	3.354
LG1	735292	1	3.010	4.217
LG1	742255	1	3.010	4.217
LG1	748526	1	3.010	4.217
LG1	756792	1	3.010	4.217
LG1	764214	1	3.010	4.217
LG1	890052	1	3.010	4.217
LG1	907052	1	3.010	4.217
LG1	1020289	1	3.117	4.217
LG1	1041726	1	3.117	4.538
LG1	1058717	1	3.117	4.538
LG1	1096268	1	3.117	4.538
LG1	1096296	1	3.331	4.538
LG1	1098181	1	3.331	4.538
LG1	1137375	1	3.331	4.752
LG1	1137443	1	3.438	5.288
LG1	1144489	1	3.438	5.288
LG1	1198830	1	3.545	5.394
LG1	1204415	1	3.545	5.394
LG1	1204421	1	3.545	5.608
LG1	1208387	1	3.545	5.608
LG1	1209122	1	3.545	5.608
LG1	1211463	1	3.545	5.608
LG1	1211477	1	3.545	5.608
LG1	1217308	1	3.545	5.608
LG1	1217312	1	3.545	5.608
LG1	1217337	1	3.545	5.608
LG1	1217580	1	3.545	5.608
LG1	1217603	1	3.545	5.608
LG1	1217630	1	3.545	5.608
LG1	1219795	1	3.545	5.608
LG1	1222816	1	3.545	5.822
LG1	1258567	1	3.545	6.035
LG1	1258592	1	3.545	6.142
LG1	1261591	1	3.545	6.142
LG1	1261600	1	3.545	6.142
LG1	1273165	1	3.545	6.142
LG1	1273187	1	3.545	6.142
LG1	1273190	1	3.545	6.249
LG1	1273386	1	3.545	6.249
LG1	1287129	1	3.545	6.355
LG1	1293397	1	3.545	6.462
LG1	1295276	1	3.758	6.569
LG1	1295293	1	3.758	6.569
LG1	1302220	1	3.758	6.569
LG1	1302286	1	3.758	6.676
LG1	1302533	1	3.758	6.782
LG1	1308353	1	3.865	6.782
LG1	1316008	1	3.865	6.889
LG1	1338034	1	3.865	7.103
LG1	1338048	1	3.865	7.103
LG1	1338084	1	3.865	7.316
LG1	1346290	1	3.865	7.530
LG1	1348743	1	4.186	7.958
LG1	1369138	1	4.292	8.279
LG1	1395231	1	4.292	8.279
LG1	1399442	1	4.292	8.493
LG1	1420394	1	4.399	9.029
LG1	1437263	1	4.399	9.029
LG1	1437327	1	4.399	9.565
LG1	1571781	1	4.399	9.886
LG1	1609739	1	4.399	9.992
LG1	1747615	1	4.399	10.313
LG1	1748098	1	4.399	10.313
LG1	1765526	1	4.399	10.527
LG1	1785323	1	4.399	10.634
LG1	1813450	1	4.399	10.634
LG1	1833373	1	4.506	10.634
LG1	1850130	1	4.506	10.634
LG1	1850157	1	4.506	10.634
LG1	1853782	1	4.506	11.062
LG1	1875477	1	4.506	11.275
LG1	1889408	1	4.506	11.275
LG1	1891092	1	4.613	11.704
LG1	1891093	1	4.613	11.704
LG1	1900076	1	4.826	11.917
LG1	1904478	1	4.826	11.917
LG1	1904517	1	4.826	11.917
LG1	1968742	1	4.933	12.453
LG1	1990827	1	4.933	12.774
LG1	1998409	1	4.933	12.774
LG1	1998442	1	4.933	12.774
LG1	1998461	1	4.933	12.774
LG1	2003660	1	4.933	12.774
LG1	2003723	1	4.933	12.881
LG1	2014544	1	5.147	13.417
LG1	2044808	1	5.147	13.631
LG1	2065954	1	5.360	13.631
LG1	2065986	1	5.360	13.631
LG1	2067399	1	5.360	13.631
LG1	2082935	1	5.360	13.737
LG1	2140521	1	5.467	14.166
LG1	2140527	1	5.467	14.379
LG1	2156692	1	5.467	14.700
LG1	2210464	1	5.467	14.807
LG1	2214847	1	5.467	14.913
LG1	2232496	1	5.467	15.234
LG1	2236755	1	5.467	15.341
LG1	2247139	1	5.467	15.341
LG1	2311530	1	5.467	15.341
LG1	2316839	1	5.467	15.341
LG1	2363772	1	5.467	15.555
LG1	2363804	1	5.467	15.555
LG1	2367364	1	5.467	15.661
LG1	2370379	1	5.467	15.661
LG1	2371305	1	5.467	15.661
LG1	2371338	1	5.467	15.661
LG1	2378936	1	5.467	15.661
LG1	2379134	1	5.467	15.768
LG1	2379182	1	5.467	15.768
LG1	2389373	1	5.574	15.875
LG1	2389402	1	5.574	15.982
LG1	2390433	1	5.574	15.982
LG1	2391881	1	5.574	16.088
LG1	2397840	1	5.574	16.088
LG1	2400158	1	5.681	16.195
LG1	2403221	1	5.681	16.195
LG1	2403244	1	5.681	16.195
LG1	2403286	1	5.681	16.195
LG1	2403344	1	5.681	16.195
LG1	2453787	1	5.894	16.302
LG1	2476306	1	5.894	16.409
LG1	2484840	1	6.001	16.837
LG1	2484863	1	6.001	16.944
LG1	2556160	1	6.001	17.157
LG1	2560578	1	6.108	17.371
LG1	2591118	1	6.108	17.585
LG1	2591212	1	6.108	17.691
LG1	2605151	1	6.108	17.798
LG1	2612025	1	6.214	18.226
LG1	2612031	1	6.214	18.226
LG1	2613522	1	6.214	18.547
LG1	2614508	1	6.214	18.654
LG1	2620395	1	6.214	18.654
LG1	2663751	1	6.321	19.190
LG1	2670503	1	6.321	19.403
LG1	2670508	1	6.321	19.403
LG1	2694009	1	6.321	19.724
LG1	2694039	1	6.321	19.724
LG1	2698115	1	6.321	20.260
LG1	2716491	1	6.321	20.474
LG1	2716500	1	6.321	20.688
LG1	2729480	1	6.428	21.223
LG1	2729835	1	6.642	22.301
LG1	2812694	1	6.642	22.408
LG1	2847703	1	6.748	22.621
LG1	2860160	1	6.855	22.942
LG1	2860178	1	6.855	22.942
LG1	2863823	1	6.962	23.049
LG1	2885488	1	6.962	24.018
LG1	2937783	1	7.068	24.232
LG1	2947490	1	7.068	24.232
LG1	2949630	1	7.282	24.660
LG1	2949636	1	7.282	24.660
LG1	2967278	1	7.282	25.088
LG1	2967279	1	7.282	25.088
LG1	2967280	1	7.282	25.088
LG1	2967281	1	7.282	25.088
LG1	2967282	1	7.282	25.088
LG1	2967283	1	7.389	25.088
LG1	2967299	1	7.389	25.088
LG1	2967305	1	7.389	25.088
LG1	2967320	1	7.389	25.302
LG1	2971624	1	7.389	25.515
LG1	2971674	1	7.389	25.515
LG1	2971678	1	7.389	25.515
LG1	3007037	1	7.389	25.515
LG1	3009456	1	7.496	25.622
LG1	3009458	1	7.496	25.943
LG1	3023959	1	7.496	26.264
LG1	3034580	1	7.602	26.264
LG1	3067454	1	7.709	26.585
LG1	3068502	1	7.709	26.585
LG1	3068511	1	7.709	26.585
LG1	3068544	1	7.816	26.798
LG1	3072207	1	7.816	27.012
LG1	3075398	1	7.922	27.119
LG1	3075989	1	8.029	27.119
LG1	3106363	1	8.029	27.119
LG1	3109098	1	8.029	27.119
LG1	3109114	1	8.029	27.119
LG1	3159853	1	8.029	27.226
LG1	3159854	1	8.029	27.226
LG1	3192448	1	8.029	27.332
LG1	3193526	1	8.136	27.332
LG1	3193528	1	8.136	27.332
LG1	3258713	1	8.136	27.332
LG1	3264166	1	8.136	27.868
LG1	3265438	1	8.136	27.975
LG1	3271948	1	8.136	28.189
LG1	3312764	1	8.136	28.295
LG1	3314115	1	8.136	28.402
LG1	3315068	1	8.136	28.509
LG1	3316666	1	8.136	28.615
LG1	3317969	1	8.136	28.829
LG1	3331753	1	8.136	29.043
LG1	3343642	1	8.243	29.364
LG1	3363366	1	8.349	29.577
LG1	3423698	1	8.349	30.873
LG1	3456848	1	8.349	31.842
LG1	3497423	1	8.349	32.378
LG1	3504137	1	8.349	33.022
LG1	3542950	1	8.456	33.450
LG1	3551958	1	8.670	33.557
LG1	3551973	1	8.670	33.664
LG1	3552464	1	8.670	33.877
LG1	3552754	1	8.670	33.877
LG1	3552759	1	8.670	33.984
LG1	3583273	1	8.670	33.984
LG1	3609858	1	8.670	34.091
LG1	3609904	1	8.670	34.091
LG1	3654337	1	8.776	34.197
LG1	3693207	1	8.776	34.411
LG1	3714491	1	8.776	34.411
LG1	3714497	1	8.776	34.411
LG1	3714502	1	8.776	34.518
LG1	3721574	1	8.776	34.518
LG1	3725937	1	8.776	34.518
LG1	3728406	1	8.776	34.625
LG1	3728407	1	8.776	34.625
LG1	3728451	1	8.776	34.625
LG1	3728452	1	8.776	34.625
LG1	3728463	1	8.883	34.625
LG1	3728492	1	8.883	34.625
LG1	3746476	1	8.883	34.945
LG1	3746496	1	8.883	34.945
LG1	3747117	1	8.883	34.945
LG1	3747236	1	8.883	34.945
LG1	3749313	1	8.883	34.945
LG1	3760225	1	8.883	34.945
LG1	3763911	1	8.883	34.945
LG1	3763919	1	8.883	34.945
LG1	3763957	1	8.883	34.945
LG1	3764031	1	8.883	34.945
LG1	3766391	1	8.883	34.945
LG1	3766393	1	8.883	34.945
LG1	3803438	1	8.883	35.052
LG1	3803443	1	8.883	35.052
LG1	3815101	1	8.883	35.052
LG1	3815103	1	8.883	35.159
LG1	3827805	1	8.883	35.372
LG1	3836348	1	8.883	35.372
LG1	3836383	1	8.883	35.372
LG1	3842955	1	8.883	35.372
LG1	3851593	1	9.097	35.586
LG1	3851594	1	9.097	35.586
LG1	3872493	1	9.097	35.586
LG1	3879435	1	9.097	35.907
LG1	3879814	1	9.097	35.907
LG1	3879816	1	9.097	35.907
LG1	3879830	1	9.097	35.907
LG1	3879881	1	9.097	35.907
LG1	3879890	1	9.097	35.907
LG1	3879909	1	9.097	35.907
LG1	3879941	1	9.097	35.907
LG1	3881793	1	9.097	36.228
LG1	3881811	1	9.097	36.335
LG1	3881840	1	9.097	36.655
LG1	3896359	1	9.097	36.762
LG1	3927992	1	9.097	36.762
LG1	3933548	1	9.097	36.869
LG1	3933558	1	9.097	36.869
LG1	3979427	1	9.097	36.869
LG1	3979428	1	9.097	36.869
LG1	3979458	1	9.097	36.869
LG1	3982225	1	9.097	37.083
LG1	3986950	1	9.097	37.083
LG1	3990200	1	9.097	37.189
LG1	4051948	1	9.097	37.189
LG1	4051952	1	9.097	37.189
LG1	4071024	1	9.097	37.296
LG1	4073821	1	9.204	37.296
LG1	4075280	1	9.204	37.296
LG1	4085639	1	9.310	37.403
LG1	4085655	1	9.310	37.403
LG1	4090017	1	9.310	37.403
LG1	4090038	1	9.310	37.403
LG1	4144399	1	9.310	37.616
LG1	4161483	1	9.417	37.616
LG1	4161517	1	9.417	37.616
LG1	4202617	1	9.417	37.616
LG1	4228684	1	9.417	37.616
LG1	4242909	1	9.524	37.723
LG1	4242926	1	9.524	37.723
LG1	4272177	1	9.524	37.830
LG1	4281635	1	9.524	37.830
LG1	4324842	1	9.630	37.830
LG1	4376944	1	9.630	37.830
LG1	4391513	1	9.630	37.830
LG1	4447289	1	9.844	37.830
LG1	4473541	1	9.844	37.830
LG1	4479881	1	9.844	37.937
LG1	4479893	1	9.844	37.937
LG1	4557011	1	9.844	38.043
LG1	4557505	1	9.844	38.043
LG1	4567289	1	9.844	38.043
LG1	4569710	1	9.844	38.043
LG1	4580500	1	9.844	38.043
LG1	4604419	1	9.844	38.150
LG1	4604468	1	9.844	38.150
LG1	4657939	1	9.951	38.150
LG1	4657962	1	9.951	38.150
LG1	4657966	1	9.951	38.150
LG1	4671454	1	9.951	38.150
LG1	4691957	1	9.951	38.257
LG1	4761956	1	9.951	38.470
LG1	4767307	1	9.951	38.684
LG1	4779486	1	9.951	38.684
LG1	4813519	1	9.951	38.684
LG1	4815629	1	9.951	38.684
LG1	4815631	1	9.951	38.684
LG1	4850427	1	9.951	38.684
LG1	4871991	1	9.951	38.684
LG1	4875569	1	9.951	38.684
LG1	4891154	1	9.951	38.684
LG1	4921850	1	9.951	38.898
LG1	4932948	1	9.951	38.898
LG1	4944451	1	9.951	38.898
LG1	4944471	1	9.951	39.111
LG1	4944476	1	9.951	39.111
LG1	4996403	1	9.951	39.325
LG1	5002252	1	9.951	39.432
LG1	5002264	1	9.951	39.432
LG1	5002334	1	9.951	39.432
LG1	5011175	1	9.951	39.432
LG1	5011188	1	9.951	39.432
LG1	5018402	1	9.951	39.432
LG1	5018404	1	9.951	39.432
LG1	5072940	1	9.951	39.539
LG1	5123332	1	9.951	39.752
LG1	5143031	1	9.951	39.859
LG1	5143799	1	9.951	39.966
LG1	5159409	1	9.951	40.072
LG1	5159419	1	9.951	40.072
LG1	5161260	1	9.951	40.072
LG1	5183904	1	9.951	40.072
LG1	5199908	1	9.951	40.286
LG1	5207462	1	9.951	40.286
LG1	5207507	1	9.951	40.286
LG1	5222655	1	9.951	40.393
LG1	5247872	1	9.951	40.500
LG1	5322304	1	10.165	41.251
LG1	5343840	1	10.165	41.251
LG1	5373495	1	10.165	41.358
LG1	5382368	1	10.165	41.358
LG1	5382375	1	10.165	41.572
LG1	5385230	1	10.271	41.679
LG1	5390194	1	10.271	41.785
LG1	5390227	1	10.271	41.785
LG1	5390229	1	10.271	41.785
LG1	5390230	1	10.271	41.785
LG1	5390231	1	10.271	41.785
LG1	5395668	1	10.271	41.785
LG1	5395775	1	10.271	41.785
LG1	5404356	1	10.378	41.999
LG1	5404409	1	10.378	41.999
LG1	5414211	1	10.378	41.999
LG1	5414230	1	10.378	41.999
LG1	5421612	1	10.378	41.999
LG1	5427211	1	10.378	41.999
LG1	5430714	1	10.485	41.999
LG1	5433138	1	10.485	41.999
LG1	5433192	1	10.485	42.213
LG1	5448780	1	10.485	42.213
LG1	5448797	1	10.485	42.213
LG1	5466946	1	10.485	42.213
LG1	5466954	1	10.485	42.213
LG1	5480926	1	10.485	42.213
LG1	5480941	1	10.485	42.213
LG1	5570592	1	10.485	42.426
LG1	5570604	1	10.485	42.426
LG1	5570612	1	10.591	42.533
LG1	5678402	1	10.591	42.640
LG1	5708428	1	10.591	42.640
LG1	5714690	1	10.698	43.068
LG1	5714737	1	10.698	43.175
LG1	5727440	1	10.698	43.175
LG1	5750152	1	10.698	43.282
LG1	5750153	1	10.698	43.282
LG1	5773529	1	10.698	43.282
LG1	5807242	1	10.698	43.388
LG1	5820990	1	10.698	43.388
LG1	5830671	1	10.698	43.388
LG1	5834360	1	10.698	43.495
LG1	5880809	1	10.698	43.816
LG1	5890919	1	10.698	43.923
LG1	5897214	1	10.698	44.029
LG1	5911180	1	10.698	44.136
LG1	5919990	1	10.698	44.136
LG1	5925838	1	10.698	44.136
LG1	5931942	1	10.698	44.136
LG1	5931948	1	10.698	44.136
LG1	5942314	1	10.698	44.136
LG1	5950453	1	10.698	44.136
LG1	5950534	1	10.698	44.243
LG1	5970568	1	10.698	44.243
LG1	5986730	1	10.698	44.349
LG1	6001846	1	10.698	44.349
LG1	6024916	1	10.698	44.778
LG1	6058231	1	10.698	44.778
LG1	6058232	1	10.698	44.884
LG1	6058277	1	10.698	44.884
LG1	6058296	1	10.698	44.884
LG1	6079440	1	10.698	45.205
LG1	6089146	1	10.698	45.205
LG1	6089281	1	10.698	45.205
LG1	6094093	1	10.698	45.205
LG1	6099881	1	10.805	45.205
LG1	6100450	1	10.805	45.419
LG1	6100464	1	10.805	45.526
LG1	6141297	1	10.805	45.526
LG1	6141309	1	10.805	46.062
LG1	6150642	1	10.805	46.275
LG1	6175021	1	10.805	46.489
LG1	6186182	1	10.805	47.894
LG1	6343907	1	10.805	48.001
LG1	6353893	1	10.805	48.108
LG1	6475048	1	10.805	48.215
LG1	6506512	1	10.805	48.321
LG1	6582052	1	10.805	48.321
LG1	6582710	1	10.805	48.321
LG1	6582719	1	10.805	48.321
LG1	6597998	1	10.805	48.535
LG1	6620433	1	10.805	48.535
LG1	6620446	1	10.805	48.535
LG1	6644288	1	11.019	48.535
LG1	6644957	1	11.019	48.535
LG1	6665959	1	11.019	48.535
LG1	6682738	1	11.019	48.535
LG1	6713222	1	11.019	48.535
LG1	6722863	1	11.019	48.535
LG1	6749862	1	11.019	48.642
LG1	6770199	1	11.019	48.642
LG1	6770203	1	11.019	48.642
LG1	6834665	1	11.019	48.642
LG1	6860766	1	11.019	48.642
LG1	6860818	1	11.019	48.748
LG1	6900733	1	11.019	48.748
LG1	6900745	1	11.019	49.069
LG1	6959242	1	11.019	49.069
LG1	6965856	1	11.019	49.176
LG1	6965929	1	11.019	49.176
LG1	6965947	1	11.019	49.283
LG1	6965948	1	11.019	49.283
LG1	6982754	1	11.019	49.389
LG1	6982772	1	11.019	49.389
LG1	7015638	1	11.019	49.389
LG1	7040225	1	11.019	49.496
LG1	7041776	1	11.125	49.603
LG1	7087283	1	11.125	49.710
LG1	7090969	1	11.125	49.816
LG1	7090975	1	11.125	49.816
LG1	7090976	1	11.125	49.816
LG1	7090999	1	11.125	49.923
LG1	7123941	1	11.125	50.783
LG1	7146832	1	11.232	50.890
LG1	7176782	1	11.232	50.997
LG1	7192213	1	11.232	51.641
LG1	7192216	1	11.232	51.961
LG1	7257821	1	11.232	52.175
LG1	7260909	1	11.232	52.175
LG1	7283207	1	11.232	52.389
LG1	7385479	1	11.232	52.389
LG1	7442179	1	11.232	52.602
LG1	7442480	1	11.232	52.709
LG1	7505758	1	11.232	52.923
LG1	7505761	1	11.232	52.923
LG1	7508429	1	11.232	53.137
LG1	7530715	1	11.232	53.888
LG1	7600264	1	11.232	53.995
LG1	7682672	1	11.232	53.995
LG1	7702492	1	11.232	54.209
LG1	7710058	1	11.232	54.316
LG1	7710071	1	11.232	54.316
LG1	7710088	1	11.232	54.316
LG1	7753928	1	11.232	54.316
LG1	7754002	1	11.232	54.316
LG1	7766135	1	11.232	54.422
LG1	7812165	1	11.232	54.636
LG1	7812167	1	11.232	54.636
LG1	7885463	1	11.232	54.636
LG1	7885465	1	11.232	55.172
LG1	8652441	1	11.232	55.279
LG1	8703464	1	11.232	55.279
LG1	8703531	1	11.232	55.279
LG1	8724227	1	11.232	55.279
LG1	8736614	1	11.232	55.279
LG1	8736623	1	11.232	55.707
LG1	8782729	1	11.232	55.707
LG1	8808068	1	11.232	55.707
LG1	8836307	1	11.232	55.707
LG1	8836308	1	11.232	55.707
LG1	8884435	1	11.232	55.921
LG1	8985002	1	11.232	55.921
LG1	9038925	1	11.232	56.349
LG1	9038930	1	11.232	56.349
LG1	9090677	1	11.232	56.562
LG1	9096922	1	11.232	56.562
LG1	9160585	1	11.232	56.883
LG1	9353172	1	11.232	56.883
LG1	9576826	1	11.232	56.883
LG1	9689352	1	11.232	56.883
LG1	9822663	1	11.232	56.883
LG1	10078132	1	11.232	56.883
LG1	10330259	1	11.232	56.990
LG1	10434784	1	11.232	56.990
LG1	10977184	1	11.232	56.990
LG1	10977212	1	11.232	56.990
LG1	10991102	1	11.232	56.990
LG1	10991107	1	11.232	56.990
LG1	10991115	1	11.232	56.990
LG1	11099910	1	11.232	56.990
LG1	11103042	1	11.339	57.097
LG1	11177339	1	11.339	57.097
LG1	11203599	1	11.339	57.097
LG1	11203637	1	11.339	57.097
LG1	11203638	1	11.339	57.097
LG1	11204740	1	11.339	57.097
LG1	11244147	1	11.339	57.097
LG1	11244150	1	11.339	57.097
LG1	11259622	1	11.339	57.097
LG1	11259650	1	11.339	57.097
LG1	11259723	1	11.339	57.097
LG1	11263450	1	11.339	57.097
LG1	11297298	1	11.445	57.203
LG1	11418731	1	11.445	57.310
LG1	11422890	1	11.445	57.310
LG1	11472021	1	11.552	57.417
LG1	11480902	1	11.552	57.524
LG1	11490906	1	11.659	57.630
LG1	11511099	1	11.766	57.630
LG1	11567104	1	11.872	57.737
LG1	11567105	1	11.872	57.737
LG1	11567106	1	11.872	57.737
LG1	11607695	1	11.979	57.737
LG1	11607697	1	11.979	57.737
LG1	11607698	1	11.979	57.737
LG1	11641749	1	12.300	57.737
LG1	11641796	1	12.300	57.844
LG1	11648812	1	12.300	57.844
LG1	11648818	1	12.300	57.844
LG1	11648933	1	12.621	57.951
LG1	11649472	1	12.834	58.057
LG1	11649530	1	12.834	58.164
LG1	11764998	1	12.941	58.164
LG1	11781121	1	12.941	58.164
LG1	11904287	1	12.941	58.164
LG1	11933447	1	12.941	58.271
LG1	11948418	1	12.941	58.271
LG1	11997700	1	12.941	58.271
LG1	12062129	1	12.941	58.271
LG1	12265139	1	12.941	58.271
LG1	12265417	1	12.941	58.271
LG1	12372934	1	12.941	58.484
LG1	12394415	1	12.941	58.484
LG1	12394426	1	12.941	58.484
LG1	12422934	1	12.941	58.484
LG1	12433156	1	12.941	58.591
LG1	12441216	1	12.941	58.591
LG1	12444162	1	12.941	58.591
LG1	12482639	1	12.941	58.805
LG1	12528743	1	12.941	58.805
LG1	12537619	1	12.941	58.805
LG1	12677067	1	12.941	58.805
LG1	12677896	1	12.941	58.805
LG1	12677913	1	12.941	58.805
LG1	12699411	1	12.941	58.805
LG1	12754761	1	13.048	58.805
LG1	12770540	1	13.048	58.805
LG1	12791976	1	13.048	58.912
LG1	12811562	1	13.048	58.912
LG1	12885840	1	13.048	59.018
LG1	12986614	1	13.048	59.125
LG1	12986615	1	13.048	59.125
LG1	12986625	1	13.048	59.125
LG1	13027731	1	13.048	59.125
LG1	13061129	1	13.048	59.339
LG1	13083353	1	13.048	59.339
LG1	13083380	1	13.048	59.339
LG1	13167036	1	13.048	59.660
LG1	13177860	1	13.048	59.660
LG1	13177872	1	13.048	59.660
LG1	13178018	1	13.048	59.660
LG1	13215441	1	13.048	59.660
LG1	13218843	1	13.048	59.660
LG1	13224201	1	13.048	59.660
LG1	13328540	1	13.048	59.766
LG1	13328553	1	13.048	59.873
LG1	13336152	1	13.155	59.980
LG1	13441416	1	13.155	60.193
LG1	13446191	1	13.155	60.729
LG1	13446234	1	13.155	61.158
LG1	13547615	1	13.155	61.158
LG1	13554564	1	13.155	61.264
LG1	13577757	1	13.155	61.264
LG1	13634135	1	13.155	61.585
LG1	13634172	1	13.155	61.585
LG1	13635842	1	13.155	61.692
LG1	13735356	1	13.155	61.799
LG1	13735380	1	13.155	61.799
LG1	13765902	1	13.155	61.799
LG1	13765989	1	13.155	61.799
LG1	13812820	1	13.155	61.905
LG1	13829345	1	13.155	62.119
LG1	13829349	1	13.155	62.119
LG1	13836783	1	13.261	62.119
LG1	13892246	1	13.261	62.119
LG1	13895577	1	13.261	62.119
LG1	13895607	1	13.261	62.333
LG1	13915546	1	13.475	62.333
LG1	13915669	1	13.475	62.439
LG1	13918140	1	13.475	62.439
LG1	13918150	1	13.475	62.546
LG1	13985544	1	13.475	62.546
LG1	14014433	1	13.582	62.653
LG1	14054994	1	13.582	62.653
LG1	14074067	1	13.582	62.760
LG1	14106161	1	13.582	62.760
LG1	14106177	1	13.582	62.760
LG1	14109754	1	13.582	62.760
LG1	14109770	1	13.582	62.760
LG1	14124243	1	13.582	62.760
LG1	14139326	1	13.582	62.760
LG1	14159246	1	13.582	62.760
LG1	14159256	1	13.582	62.760
LG1	14184887	1	13.582	62.760
LG1	14184908	1	13.582	62.760
LG1	14184916	1	13.582	62.760
LG1	14191867	1	13.688	62.760
LG1	14191886	1	13.688	62.973
LG1	14191887	1	13.688	62.973
LG1	14191914	1	13.688	63.080
LG1	14193110	1	13.688	63.401
LG1	14232032	1	13.688	63.614
LG1	14339213	1	13.688	63.614
LG1	14339214	1	13.688	63.614
LG1	14339393	1	13.688	63.614
LG1	14344522	1	13.688	63.614
LG1	14344547	1	13.688	63.614
LG1	14373357	1	13.688	63.614
LG1	14373358	1	13.688	63.614
LG1	14434546	1	13.688	63.721
LG1	14469675	1	13.688	63.828
LG1	14469678	1	13.688	63.935
LG1	14488025	1	13.688	63.935
LG1	14488060	1	13.688	63.935
LG1	14508702	1	13.688	64.148
LG1	14527606	1	13.688	64.362
LG1	14561681	1	13.688	64.469
LG1	14673505	1	13.688	64.575
LG1	14706485	1	13.688	64.575
LG1	14717925	1	13.688	64.682
LG1	14717962	1	13.688	64.682
LG1	14723774	1	13.688	65.218
LG1	14757385	1	13.688	65.539
LG1	14765380	1	13.688	65.646
LG1	14773715	1	13.688	65.646
LG1	14773722	1	13.688	65.646
LG1	14787428	1	13.688	65.752
LG1	14792626	1	13.688	65.752
LG1	14823859	1	13.688	65.966
LG1	14825600	1	13.688	65.966
LG1	14838699	1	13.688	66.073
LG1	14875638	1	13.688	66.179
LG1	14885461	1	13.688	66.286
LG1	14904664	1	13.688	66.714
LG1	14913213	1	13.688	66.714
LG1	14915100	1	13.688	67.250
LG1	14921100	1	13.688	67.357
LG1	15015487	1	13.688	67.678
LG1	15041017	1	13.688	67.999
LG1	15042385	1	13.688	67.999
LG1	15111053	1	13.688	68.106
LG1	15111063	1	13.688	68.319
LG1	15132642	1	13.795	68.319
LG1	15132663	1	13.795	68.319
LG1	15163021	1	13.795	68.319
LG1	15163026	1	13.795	68.319
LG1	15163029	1	13.795	68.319
LG1	15177405	1	13.795	68.319
LG1	15177427	1	13.795	68.319
LG1	15177428	1	13.795	68.319
LG1	15297111	1	13.795	68.747
LG1	15314658	1	13.795	68.961
LG1	15314696	1	13.795	69.068
LG1	15328196	1	13.795	69.389
LG1	15345764	1	13.795	69.495
LG1	15345780	1	13.795	69.709
LG1	15382083	1	13.795	69.816
LG1	15382090	1	13.795	69.816
LG1	15393394	1	13.795	69.816
LG1	15416108	1	13.795	69.923
LG1	15419378	1	13.795	70.029
LG1	15434451	1	13.795	70.029
LG1	15487367	1	13.902	70.781
LG1	15552047	1	14.009	70.781
LG1	15590796	1	14.009	71.209
LG1	15657553	1	14.009	71.530
LG1	15689225	1	14.009	71.637
LG1	15689243	1	14.009	71.637
LG1	15689244	1	14.009	71.637
LG1	15693340	1	14.009	71.637
LG1	15701733	1	14.009	71.744
LG1	15701734	1	14.009	71.851
LG1	15701771	1	14.009	71.851
LG1	15735107	1	14.009	71.957
LG1	15765301	1	14.115	72.064
LG1	15775067	1	14.115	72.278
LG1	15775115	1	14.115	72.384
LG1	15977838	1	14.222	72.598
LG1	15988310	1	14.222	72.705
LG1	16039911	1	14.222	73.133
LG1	16039912	1	14.222	73.133
LG1	16039957	1	14.222	73.133
LG1	16082294	1	14.436	73.133
LG1	16082321	1	14.436	73.133
LG1	16082339	1	14.436	73.240
LG1	16082925	1	14.436	73.453
LG1	16161477	1	14.436	73.774
LG1	16165861	1	14.436	73.774
LG1	16188393	1	14.436	73.774
LG1	16233116	1	14.543	73.774
LG1	16239164	1	14.543	74.095
LG1	16239169	1	14.543	74.095
LG1	16243813	1	14.543	74.095
LG1	16277473	1	14.543	74.739
LG1	16284214	1	14.543	74.953
LG1	16284222	1	14.543	74.953
LG1	16365590	1	14.543	74.953
LG1	16508744	1	14.649	74.953
LG1	16508756	1	14.756	75.166
LG1	16674897	1	14.756	75.273
LG1	16693381	1	14.863	75.273
LG1	16701701	1	14.969	75.380
LG1	16701738	1	14.969	75.380
LG1	16783507	1	15.076	75.486
LG1	16850124	1	15.076	76.130
LG1	16871778	1	15.076	76.130
LG1	16914613	1	15.076	76.237
LG1	16914623	1	15.076	76.237
LG1	16920641	1	15.183	76.558
LG1	16929085	1	15.183	76.558
LG1	17017913	1	15.183	76.771
LG1	17018395	1	15.183	76.771
LG1	17057090	1	15.183	76.878
LG1	17101208	1	15.183	76.878
LG1	17102909	1	15.290	76.878
LG1	17135454	1	15.290	76.878
LG1	17137598	1	15.290	76.878
LG1	17137634	1	15.290	76.878
LG1	17141202	1	15.290	77.092
LG1	17158267	1	15.290	77.092
LG1	17198654	1	15.290	77.306
LG1	17198695	1	15.290	77.306
LG1	17249917	1	15.290	77.519
LG1	17253632	1	15.290	77.626
LG1	17274682	1	15.290	77.626
LG1	17308290	1	15.290	77.947
LG1	17316279	1	15.290	78.054
LG1	17316420	1	15.290	78.054
LG1	17360594	1	15.290	78.054
LG1	17364063	1	15.396	78.160
LG1	17368577	1	15.396	78.267
LG1	17372786	1	15.503	78.267
LG1	17374575	1	15.503	79.019
LG1	17374594	1	15.503	79.019
LG1	17511252	1	15.503	79.019
LG1	17513517	1	15.717	79.126
LG1	17536901	1	15.717	79.339
LG1	17561622	1	15.717	79.446
LG1	17723532	1	15.823	79.553
LG1	17742940	1	15.823	79.766
LG1	17742985	1	15.823	79.766
LG1	17745404	1	15.823	79.766
LG1	17745413	1	15.823	79.766
LG1	17745445	1	15.930	79.766
LG1	17796165	1	15.930	79.766
LG1	17858225	1	16.144	79.766
LG1	17901528	1	16.144	79.980
LG1	17909855	1	16.144	80.087
LG1	17992693	1	16.144	80.515
LG1	18015692	1	16.358	80.622
LG1	18044237	1	16.358	80.943
LG1	18071757	1	16.358	81.049
LG1	18075753	1	16.464	81.263
LG1	18089141	1	16.464	81.263
LG1	18094197	1	16.464	81.370
LG1	18094211	1	16.464	81.370
LG1	18109265	1	16.464	81.370
LG1	18109286	1	16.464	81.370
LG1	18178979	1	16.464	81.476
LG1	18265273	1	16.464	81.690
LG1	18319021	1	16.464	81.904
LG1	18351528	1	16.571	81.904
LG1	18371143	1	16.571	82.225
LG1	18378288	1	16.571	82.225
LG1	18378317	1	16.571	82.225
LG1	18378319	1	16.571	82.331
LG1	18403258	1	16.571	82.652
LG1	18406421	1	16.571	82.652
LG1	18419696	1	16.571	82.652
LG1	18422844	1	16.571	82.652
LG1	18422856	1	16.571	82.652
LG1	18460949	1	16.571	82.652
LG1	18535765	1	16.678	82.973
LG1	18560792	1	16.678	82.973
LG1	18560824	1	16.678	82.973
LG1	18594754	1	16.678	83.187
LG1	18594795	1	16.678	83.187
LG1	18594807	1	16.891	83.187
LG1	18594829	1	16.891	83.187
LG1	18594840	1	16.891	83.400
LG1	18632432	1	16.891	83.829
LG1	18647987	1	17.105	84.365
LG1	18655131	1	17.105	84.365
LG1	18655133	1	17.105	84.365
LG1	18725112	1	17.105	84.793
LG1	18993902	1	17.105	84.900
LG1	19069104	1	17.105	85.006
LG1	19069107	1	17.105	85.220
LG1	19069122	1	17.105	85.327
LG1	19096204	1	17.105	85.434
LG1	19109422	1	17.105	85.540
LG1	19110767	1	17.105	85.754
LG1	19135830	1	17.105	85.861
LG1	19154425	1	17.105	85.967
LG1	19154447	1	17.105	86.288
LG1	19166760	1	17.105	86.395
LG1	19180624	1	17.105	86.823
LG1	19183950	1	17.105	86.930
LG1	19184013	1	17.105	86.930
LG1	19186138	1	17.105	86.930
LG1	19186140	1	17.105	87.037
LG1	19268188	1	17.105	87.573
LG1	19268206	1	17.105	87.573
LG1	19387209	1	17.105	87.679
LG1	19387231	1	17.105	88.000
LG1	19391707	1	17.105	88.107
LG1	19399950	1	17.105	88.214
LG1	19437362	1	17.105	88.642
LG1	19438596	1	17.105	88.856
LG1	19469616	1	17.105	89.069
LG1	19561613	1	17.105	89.283
LG1	19571533	1	17.105	89.390
LG1	19633209	1	17.212	89.496
LG1	19633541	1	17.212	89.496
LG1	19713559	1	17.212	90.032
LG1	19743709	1	17.212	90.032
LG1	19774897	1	17.212	90.139
LG1	19774911	1	17.212	90.353
LG1	19774916	1	17.212	90.353
LG1	19812060	1	17.318	90.673
LG1	19829612	1	17.318	90.887
LG1	19831051	1	17.318	90.887
LG1	19831091	1	17.318	90.887
LG1	19839590	1	17.425	91.208
LG1	19839599	1	17.425	91.208
LG1	19874680	1	17.425	91.315
LG1	19907947	1	17.425	91.528
LG1	19944720	1	17.425	91.742
LG1	19951106	1	17.532	92.063
LG1	19987054	1	17.639	92.170
LG1	19995384	1	17.639	92.170
LG1	20007160	1	17.639	92.170
LG1	20053304	1	17.639	92.170
LG1	20093394	1	17.639	92.383
LG1	20103340	1	17.639	92.597
LG1	20103351	1	17.639	92.597
LG1	20167123	1	17.639	92.811
LG1	20168948	1	17.639	92.917
LG1	20192757	1	17.960	93.131
LG1	20212221	1	17.960	93.131
LG1	20212227	1	17.960	93.131
LG1	20246589	1	17.960	93.559
LG1	20247460	1	18.173	94.095
LG1	20330020	1	18.280	94.524
LG1	20359345	1	18.387	94.737
LG1	20421039	1	18.387	94.737
LG1	20421071	1	18.387	94.737
LG1	20422581	1	18.387	94.844
LG1	20424057	1	18.387	94.844
LG1	20424077	1	18.387	94.844
LG1	20437282	1	18.387	94.951
LG1	20471987	1	18.493	94.951
LG1	20498258	1	18.707	95.379
LG1	20605530	1	18.814	95.915
LG1	20609397	1	18.920	96.236
LG1	20626011	1	18.920	96.236
LG1	20659312	1	18.920	96.342
LG1	20659346	1	18.920	96.342
LG1	20678883	1	18.920	96.342
LG1	20678920	1	18.920	96.342
LG1	20680222	1	18.920	96.663
LG1	20680297	1	19.027	96.770
LG1	20752002	1	19.134	97.091
LG1	20812063	1	19.348	97.305
LG1	20826404	1	19.454	97.518
LG1	20826438	1	19.454	97.946
LG1	20857869	1	19.454	98.053
LG1	20872108	1	19.454	98.053
LG1	20872120	1	19.454	98.053
LG1	20872122	1	19.454	98.267
LG1	20911867	1	19.454	98.374
LG1	20911891	1	19.454	98.374
LG1	20977049	1	19.454	98.910
LG1	20978292	1	19.454	99.016
LG1	21021543	1	19.454	99.230
LG1	21021551	1	19.454	99.444
LG1	21067990	1	19.454	100.087
LG1	21067991	1	19.454	100.087
LG1	21079206	1	19.668	100.194
LG1	21089287	1	19.668	100.622
LG1	21161943	1	19.775	100.836
LG1	21161962	1	19.881	100.836
LG1	21190347	1	19.988	101.264
LG1	21214656	1	19.988	101.371
LG1	21237397	1	19.988	101.585
LG1	21266007	1	19.988	101.798
LG1	21294167	1	19.988	102.012
LG1	21323096	1	20.095	102.333
LG1	21323115	1	20.095	102.333
LG1	21323140	1	20.095	102.333
LG1	21361881	1	20.309	102.547
LG1	21376213	1	20.309	102.547
LG1	21382469	1	20.415	102.867
LG1	21383044	1	20.415	102.974
LG1	21383059	1	20.415	102.974
LG1	21385491	1	20.415	102.974
LG1	21403999	1	20.415	103.188
LG1	21404038	1	20.415	103.295
LG1	21404046	1	20.522	103.401
LG1	21404344	1	20.736	103.830
LG1	21453093	1	20.736	103.936
LG1	21455528	1	20.736	103.936
LG1	21455554	1	20.736	103.936
LG1	21540789	1	20.736	103.936
LG1	21545092	1	20.736	103.936
LG1	21558548	1	20.736	103.936
LG1	21560168	1	20.736	103.936
LG1	21576463	1	20.736	103.936
LG1	21587419	1	20.736	103.936
LG1	21603412	1	20.736	104.043
LG1	21605533	1	20.736	104.257
LG1	21618472	1	20.736	104.257
LG1	21629266	1	20.842	104.257
LG1	21670749	1	20.842	104.257
LG1	21673547	1	20.842	104.257
LG1	21680693	1	20.842	104.470
LG1	21680694	1	20.842	104.577
LG1	21682488	1	20.842	104.684
LG1	21682494	1	20.842	104.684
LG1	21682521	1	20.842	104.791
LG1	21682539	1	20.842	104.791
LG1	21752473	1	20.842	105.004
LG1	21767341	1	21.056	105.111
LG1	21774471	1	21.056	105.111
LG1	21775988	1	21.163	105.111
LG1	21775998	1	21.163	105.111
LG1	21776062	1	21.163	105.218
LG1	21802217	1	21.163	105.218
LG1	21816652	1	21.163	105.646
LG1	21843751	1	21.163	105.753
LG1	21843768	1	21.163	105.753
LG1	21854583	1	21.270	105.859
LG1	21929001	1	21.376	105.966
LG1	21988022	1	21.376	105.966
LG1	21988605	1	21.376	105.966
LG1	21998777	1	21.376	106.073
LG1	21999972	1	21.483	106.073
LG1	22030303	1	21.804	106.394
LG1	22048484	1	21.804	106.394
LG1	22048488	1	21.804	106.394
LG1	22048520	1	21.804	106.715
LG1	22080844	1	21.804	106.821
LG1	22085359	1	21.911	107.465
LG1	22139903	1	21.911	107.465
LG1	22145916	1	22.017	107.679
LG1	22145931	1	22.017	107.785
LG1	22145932	1	22.017	107.785
LG1	22158431	1	22.124	108.321
LG1	22175093	1	22.231	108.321
LG1	22183320	1	22.231	108.428
LG1	22202066	1	22.231	108.428
LG1	22210244	1	22.983	108.856
LG1	22371133	1	22.983	109.285
LG1	22411874	1	23.089	109.391
LG1	22418561	1	23.089	109.605
LG1	22442384	1	23.089	109.605
LG1	22442434	1	23.089	109.712
LG1	22464945	1	23.089	110.033
LG1	22464946	1	23.196	110.353
LG1	22464948	1	23.196	110.353
LG1	22507429	1	23.303	110.567
LG1	22516534	1	23.303	110.674
LG1	22522168	1	23.303	110.995
LG1	22523493	1	23.303	111.101
LG1	22523504	1	23.303	111.101
LG1	22523505	1	23.303	111.101
LG1	22523508	1	23.303	111.101
LG1	22523539	1	23.410	111.208
LG1	22523542	1	23.410	111.208
LG1	22538877	1	23.410	111.315
LG1	22553814	1	23.516	111.315
LG1	22599729	1	23.516	111.315
LG1	22599754	1	23.516	111.315
LG1	22616817	1	23.516	111.315
LG1	22645435	1	23.623	111.315
LG1	22645450	1	23.623	111.315
LG1	22660321	1	23.623	111.422
LG1	22660324	1	23.623	111.528
LG1	22660335	1	23.623	111.528
LG1	22660444	1	23.623	111.528
LG1	22660446	1	23.623	111.528
LG1	22703566	1	23.623	111.742
LG1	22703610	1	23.730	111.742
LG1	22727058	1	23.730	111.849
LG1	22727062	1	23.836	111.849
LG1	22727071	1	23.836	111.849
LG1	22727141	1	23.836	111.955
LG1	22727155	1	23.836	112.384
LG1	22733064	1	24.265	112.920
LG1	22750587	1	24.478	113.240
LG1	22819340	1	24.692	113.454
LG1	22845214	1	25.013	113.561
LG1	22845238	1	25.013	113.882
LG1	23002716	1	25.013	114.095
LG1	23016757	1	25.120	114.309
LG1	23016760	1	25.120	114.309
LG1	23057825	1	25.120	114.309
LG1	23070571	1	25.120	114.416
LG1	23093488	1	25.120	114.416
LG1	23109982	1	25.226	114.523
LG1	23113329	1	25.333	114.629
LG1	23131483	1	25.333	114.629
LG1	23151807	1	25.654	114.736
LG1	23151819	1	25.654	115.164
LG1	23186723	1	25.761	115.271
LG1	23225671	1	25.974	115.485
LG1	23225702	1	25.974	115.591
LG1	23304646	1	26.081	115.805
LG1	23304656	1	26.081	115.805
LG1	23307214	1	26.188	115.805
LG1	23320888	1	26.294	115.805
LG1	23320916	1	26.294	115.805
LG1	23339642	1	26.294	115.805
LG1	23339656	1	26.294	115.805
LG1	23354645	1	26.401	116.341
LG1	23388697	1	26.508	116.448
LG1	23388730	1	26.615	116.448
LG1	23407743	1	26.615	116.448
LG1	23407749	1	26.721	116.448
LG1	23417666	1	26.721	116.448
LG1	23469096	1	26.828	116.554
LG1	23472036	1	26.935	116.661
LG1	23482641	1	27.256	116.661
LG1	23483071	1	27.362	116.661
LG1	23483074	1	27.362	116.768
LG1	23530578	1	27.791	117.089
LG1	23534121	1	28.004	117.089
LG1	23538710	1	28.004	117.089
LG1	23564814	1	28.004	117.089
LG1	23577350	1	28.111	117.195
LG1	23585350	1	28.111	117.195
LG1	23585351	1	28.111	117.195
LG1	23585378	1	28.111	117.195
LG1	23586991	1	28.111	117.195
LG1	23587018	1	28.111	117.195
LG1	23587025	1	28.218	117.195
LG1	23593936	1	28.218	117.195
LG1	23593939	1	28.218	117.195
LG1	23594297	1	28.218	117.195
LG1	23597383	1	28.218	117.302
LG1	23597404	1	28.218	117.302
LG1	23609951	1	28.325	117.302
LG1	23609960	1	28.538	117.409
LG1	23615683	1	28.752	117.516
LG1	23615691	1	28.752	117.516
LG1	23619788	1	28.752	117.516
LG1	23619789	1	28.752	117.622
LG1	23648701	1	28.966	117.836
LG1	23682970	1	29.072	118.050
LG1	23683041	1	29.179	118.156
LG1	23687900	1	29.179	118.156
LG1	23707773	1	29.179	118.156
LG1	23766852	1	29.393	118.263
LG1	23792075	1	29.499	118.263
LG1	23792076	1	29.499	118.370
LG1	23793520	1	29.499	118.370
LG1	23809986	1	29.499	118.477
LG1	23852824	1	29.606	118.905
LG1	23858093	1	29.606	118.905
LG1	23858761	1	29.606	119.012
LG1	23863797	1	29.606	119.332
LG1	23870067	1	29.606	119.332
LG1	23897587	1	29.820	119.439
LG1	23901430	1	29.820	119.653
LG1	23908338	1	29.820	119.653
LG1	23934273	1	29.927	119.653
LG1	23977515	1	30.033	119.760
LG1	23993102	1	30.033	119.866
LG1	23994753	1	30.677	120.835
LG1	24022844	1	30.784	121.371
LG1	24061215	1	30.997	121.371
LG1	24078406	1	31.104	121.371
LG1	24085263	1	31.104	121.371
LG1	24101795	1	31.104	121.478
LG1	24225748	1	31.211	121.691
LG1	24286110	1	31.318	121.798
LG1	24286112	1	31.424	122.334
LG1	24559949	1	31.424	122.441
LG1	24599631	1	31.638	122.547
LG1	24599635	1	31.638	122.547
LG1	24632338	1	31.745	122.547
LG1	24644519	1	31.851	122.547
LG1	24644553	1	31.851	122.547
LG1	24644562	1	31.851	122.547
LG1	24650578	1	31.851	122.547
LG1	24672012	1	31.851	122.547
LG1	24678937	1	31.958	122.547
LG1	24678963	1	31.958	122.547
LG1	24703067	1	32.172	122.547
LG1	24747429	1	32.172	122.547
LG1	24747435	1	32.172	122.547
LG1	24747494	1	32.172	122.547
LG1	24752052	1	32.386	122.868
LG1	24752058	1	32.492	122.868
LG1	24830540	1	32.492	122.975
LG1	24838623	1	32.599	123.189
LG1	24866552	1	32.599	123.189
LG1	24878011	1	32.920	123.295
LG1	24878019	1	32.920	123.295
LG1	24878979	1	33.241	123.295
LG1	24930656	1	33.562	123.724
LG1	24940421	1	33.668	123.937
LG1	25013115	1	33.989	124.151
LG1	25038564	1	34.310	124.365
LG1	25049534	1	34.417	124.365
LG1	25116698	1	34.523	124.578
LG1	25142130	1	34.737	124.792
LG1	25149435	1	34.737	124.792
LG1	25149437	1	34.844	124.792
LG1	25170187	1	34.844	124.792
LG1	25171497	1	34.844	124.899
LG1	25209828	1	34.844	124.899
LG1	25237907	1	34.844	124.899
LG1	25244342	1	34.951	124.899
LG1	25288666	1	35.164	125.006
LG1	25312438	1	35.378	125.006
LG1	25312449	1	35.378	125.112
LG1	25319097	1	35.378	125.219
LG1	25319106	1	35.378	125.219
LG1	25319128	1	35.378	125.219
LG1	25346209	1	35.378	125.219
LG1	25389610	1	35.485	125.219
LG1	25393659	1	35.591	125.219
LG1	25393968	1	35.591	125.326
LG1	25404870	1	35.698	125.326
LG1	25404994	1	35.698	125.539
LG1	25413545	1	35.698	125.646
LG1	25413596	1	35.698	125.753
LG1	25422673	1	35.698	125.753
LG1	25422686	1	35.698	125.753
LG1	25428981	1	35.912	125.967
LG1	25442004	1	35.912	126.395
LG1	25442381	1	35.912	126.502
LG1	25442405	1	35.912	126.608
LG1	25475280	1	36.233	126.929
LG1	25475290	1	36.233	126.929
LG1	25475292	1	36.233	127.036
LG1	25475316	1	36.233	127.036
LG1	25475318	1	36.233	127.036
LG1	25480750	1	36.339	127.036
LG1	25480751	1	36.339	127.143
LG1	25481257	1	36.339	127.143
LG1	25496282	1	36.339	127.143
LG1	25510342	1	36.339	127.249
LG1	25514519	1	36.339	127.249
LG1	25515530	1	36.339	127.249
LG1	25524753	1	36.339	127.893
LG1	25542373	1	36.339	128.107
LG1	25542374	1	36.339	128.107
LG1	25542375	1	36.339	128.107
LG1	25542376	1	36.339	128.107
LG1	25542378	1	36.339	128.107
LG1	25542379	1	36.339	128.107
LG1	25542401	1	36.339	128.967
LG1	25548789	1	36.339	129.074
LG1	25551501	1	36.339	129.287
LG1	25551512	1	36.339	129.287
LG1	25551532	1	36.446	129.501
LG1	25551536	1	36.446	129.715
LG1	25551540	1	36.553	129.821
LG1	25555705	1	36.659	129.821
LG1	25566860	1	36.873	129.928
LG1	25575994	1	37.194	130.035
LG1	25576937	1	37.194	130.249
LG1	25611795	1	37.408	130.355
LG1	25611806	1	37.408	130.355
LG1	25611808	1	37.408	130.462
LG1	25621699	1	37.408	130.569
LG1	25621724	1	37.729	130.890
LG1	25634580	1	38.049	131.750
LG1	25661127	1	38.156	131.750
LG1	25688402	1	38.370	132.178
LG1	25736503	1	38.477	132.930
LG1	25736539	1	38.477	133.037
LG1	25736542	1	38.477	133.037
LG1	25765702	1	38.477	133.250
LG1	25773069	1	38.477	133.464
LG1	25786972	1	39.012	134.433
LG1	25903719	1	39.226	134.433
LG1	25903729	1	39.547	134.540
LG1	25907593	1	39.654	134.540
LG1	25907600	1	39.654	134.860
LG1	25911981	1	39.654	134.860
LG1	25921269	1	39.867	135.074
LG1	25926463	1	39.974	135.826
LG1	25931581	1	40.188	135.933
LG1	25957285	1	40.724	136.146
LG1	25964417	1	40.830	136.253
LG1	25996875	1	40.830	136.253
LG1	26016951	1	41.151	136.897
LG1	26016954	1	41.151	136.897
LG1	26016955	1	41.151	136.897
LG1	26031592	1	41.151	137.111
LG1	26072988	1	41.151	137.324
LG1	26143157	1	41.472	137.538
LG1	26149844	1	41.579	137.645
LG1	26149851	1	41.579	137.645
LG1	26157006	1	41.900	138.181
LG1	26174544	1	42.328	138.181
LG1	26174545	1	42.328	138.181
LG1	26225528	1	42.328	138.181
LG1	26227813	1	42.435	138.394
LG1	26297630	1	42.541	138.501
LG1	26312867	1	42.648	138.715
LG1	26312893	1	42.648	138.715
LG1	26324722	1	42.648	138.928
LG1	26342409	1	42.648	139.357
LG1	26350665	1	43.184	139.357
LG1	26351176	1	43.184	139.785
LG1	26375991	1	43.184	139.785
LG1	26392540	1	43.184	139.785
LG1	26410716	1	43.291	140.106
LG1	26423602	1	43.504	140.106
LG1	26426719	1	43.504	140.319
LG1	26513314	1	43.504	140.426
LG1	26514651	1	43.611	140.640
LG1	26526412	1	44.039	140.640
LG1	26555643	1	44.253	140.853
LG1	26555646	1	44.360	141.067
LG1	26569224	1	44.681	141.174
LG1	26596741	1	45.002	141.388
LG1	26596743	1	45.002	141.388
LG1	26613459	1	45.108	142.139
LG1	26614323	1	45.108	142.139
LG1	26614324	1	45.215	142.139
LG1	26614343	1	45.215	142.139
LG1	26631225	1	45.322	142.460
LG1	26631247	1	45.322	142.460
LG1	26650095	1	45.858	142.567
LG1	26650497	1	45.858	142.674
LG1	26651532	1	45.858	143.102
LG1	26665337	1	46.394	143.638
LG1	26665349	1	46.607	143.638
LG1	26665389	1	46.607	143.852
LG1	26682152	1	46.714	144.065
LG1	26710067	1	46.821	144.279
LG1	26730935	1	47.357	144.386
LG1	26739282	1	48.325	145.791
LG1	26803904	1	48.325	145.791
LG1	26825140	1	48.539	146.219
LG1	26841506	1	48.753	146.326
LG1	26915135	1	48.753	146.754
LG1	26915138	1	48.966	147.075
LG1	26920371	1	49.073	147.182
LG1	26962021	1	49.394	147.182
LG1	26984451	1	49.608	147.289
LG1	26984470	1	49.608	147.395
LG1	26999975	1	49.714	147.716
LG1	26999981	1	49.714	147.716
LG1	27014764	1	50.143	147.716
LG1	27014792	1	50.143	147.716
LG1	27026092	1	50.143	148.360
LG1	27026117	1	50.143	148.360
LG1	27026122	1	50.143	148.360
LG1	27026124	1	50.249	148.360
LG1	27053762	1	50.356	148.467
LG1	27071374	1	50.356	148.681
LG1	27071389	1	50.356	148.681
LG1	27098794	1	50.463	149.109
LG1	27098825	1	50.463	149.109
LG1	27123041	1	50.570	149.753
LG1	27163192	1	50.570	149.859
LG1	27174265	1	50.890	149.966
LG1	27206988	1	50.890	150.073
LG1	27226582	1	50.997	150.179
LG1	27226601	1	50.997	150.179
LG1	27226611	1	50.997	150.179
LG1	27226753	1	50.997	150.179
LG1	27230125	1	50.997	150.286
LG1	27231259	1	51.104	150.607
LG1	27234082	1	51.318	150.607
LG1	27249388	1	51.318	150.928
LG1	27249396	1	51.424	150.928
LG1	27251575	1	51.531	151.249
LG1	27260140	1	51.745	151.249
LG1	27266023	1	51.745	151.355
LG1	27268390	1	51.745	151.355
LG1	27277508	1	51.851	151.355
LG1	27282753	1	51.851	151.355
LG1	27295682	1	52.172	151.462
LG1	27317783	1	52.172	151.998
LG1	27323261	1	52.172	152.212
LG1	27323286	1	52.279	152.212
LG1	27328684	1	52.815	152.212
LG1	27328694	1	52.815	152.212
LG1	27439290	1	52.815	152.425
LG1	27439601	1	52.922	152.425
LG1	27441429	1	52.922	152.425
LG1	27454685	1	52.922	152.532
LG1	27454712	1	52.922	152.532
LG1	27455196	1	53.028	152.532
LG1	27465144	1	53.135	152.639
LG1	27465187	1	53.242	152.639
LG1	27471500	1	53.563	152.639
LG1	27471515	1	53.563	152.639
LG1	27471516	1	53.563	152.639
LG1	27498589	1	53.776	152.960
LG1	27500894	1	53.883	153.173
LG1	27515269	1	53.990	153.494
LG1	27522144	1	53.990	153.923
LG1	27553445	1	54.203	154.029
LG1	27553454	1	54.739	154.350
LG1	27588464	1	54.739	154.350
LG1	27593021	1	54.739	154.564
LG1	27593023	1	54.953	154.992
LG1	27617876	1	55.705	155.313
LG1	27636893	1	55.705	155.634
LG1	27646230	1	55.705	155.634
LG1	27673203	1	56.026	155.741
LG1	27695038	1	56.026	155.741
LG1	27695058	1	56.132	155.741
LG1	27713589	1	56.132	155.847
LG1	27723207	1	56.239	155.954
LG1	27734294	1	56.346	156.275
LG1	27767706	1	56.560	156.489
LG1	27771040	1	56.666	156.489
LG1	27788410	1	56.880	156.595
LG1	27799629	1	56.987	156.595
LG1	27812390	1	57.200	156.702
LG1	27821599	1	57.200	156.809
LG1	27827034	1	57.200	157.130
LG1	27859789	1	57.521	157.343
LG1	27895458	1	57.521	157.450
LG1	27895463	1	57.521	157.450
LG1	27907168	1	57.735	157.557
LG1	27907170	1	57.735	157.557
LG1	27907183	1	57.735	157.663
LG1	27907189	1	57.735	157.663
LG1	27914319	1	58.056	157.663
LG1	27920248	1	58.056	157.663
LG1	27931016	1	58.056	157.984
LG1	27931017	1	58.056	157.984
LG1	27934641	1	58.377	158.198
LG1	27962607	1	58.483	158.842
LG1	27981148	1	58.483	158.842
LG1	27985200	1	58.483	158.842
LG1	27994242	1	58.697	158.948
LG1	28062713	1	58.911	159.162
LG1	28076421	1	59.017	159.269
LG1	28078326	1	59.017	159.269
LG1	28084323	1	59.231	159.269
LG1	28089485	1	59.231	159.269
LG1	28089506	1	59.231	159.483
LG1	28134802	1	59.231	159.589
LG1	28176583	1	59.231	159.696
LG1	28176625	1	59.338	159.696
LG1	28235552	1	59.659	159.910
LG1	28247517	1	59.872	160.016
LG1	28266668	1	59.872	160.016
LG1	28347992	1	60.193	160.230
LG1	28348005	1	60.193	160.444
LG1	28353681	1	60.193	160.444
LG1	28357771	1	60.729	160.444
LG1	28357786	1	60.729	160.444
LG1	28406071	1	60.943	160.550
LG1	28413100	1	60.943	160.657
LG1	28428944	1	60.943	160.657
LG1	28428948	1	60.943	160.657
LG1	28428950	1	60.943	160.657
LG1	28428953	1	60.943	160.657
LG1	28428959	1	61.264	160.871
LG1	28428962	1	61.264	160.978
LG1	28473021	1	61.585	161.084
LG1	28473089	1	61.585	161.084
LG1	28473095	1	61.585	161.084
LG1	28491720	1	61.585	161.084
LG1	28516345	1	61.585	161.084
LG1	28518852	1	61.585	161.084
LG1	28522343	1	61.585	161.084
LG1	28522346	1	61.585	161.084
LG1	28522401	1	61.585	161.084
LG1	28551051	1	61.905	161.084
LG1	28558864	1	61.905	161.084
LG1	28567781	1	61.905	161.191
LG1	28648106	1	62.012	161.191
LG1	28704553	1	62.119	161.298
LG1	28724087	1	62.226	161.298
LG1	28781821	1	62.226	161.511
LG1	28788009	1	62.226	161.511
LG1	28788028	1	62.226	161.511
LG1	28791422	1	62.226	161.511
LG1	28798211	1	62.332	161.511
LG1	28846556	1	62.332	161.511
LG1	28918759	1	62.332	161.725
LG1	28918761	1	62.332	161.725
LG1	28927266	1	62.332	161.725
LG1	28927311	1	62.332	161.725
LG1	29021440	1	62.439	161.832
LG1	29021472	1	62.439	161.832
LG1	29051900	1	62.546	161.832
LG1	29058256	1	62.546	161.832
LG1	29101487	1	62.546	161.832
LG1	29149695	1	62.546	161.939
LG1	29149767	1	62.546	162.045
LG1	29174082	1	62.546	162.152
LG1	29181680	1	62.546	162.152
LG1	29199260	1	62.546	162.152
LG1	29240814	1	62.652	162.152
LG1	29240820	1	62.652	162.152
LG1	29242349	1	62.652	162.152
LG1	29242402	1	62.652	162.152
LG1	29255251	1	62.652	162.152
LG1	29257091	1	62.652	162.152
LG1	29257138	1	62.652	162.152
LG1	29272427	1	62.652	162.152
LG1	29282251	1	62.652	162.152
LG1	29292141	1	62.652	162.152
LG1	29309992	1	62.652	162.152
LG1	29349476	1	62.652	162.152
LG1	29349499	1	62.652	162.152
LG1	29349651	1	62.652	162.152
LG1	29355424	1	62.652	162.152
LG1	29355426	1	62.652	162.152
LG1	29381906	1	62.652	162.152
LG1	29381922	1	62.652	162.152
LG1	29384206	1	62.652	162.152
LG1	29427045	1	62.652	162.152
LG1	29433493	1	62.652	162.259
LG1	29447693	1	62.652	162.366
LG1	29455030	1	62.762	162.366
LG1	29455045	1	62.762	162.366
LG1	29455075	1	62.762	162.366
LG1	29542744	1	62.762	162.366
LG1	29542825	1	62.762	162.366
LG1	29547204	1	62.762	162.366
LG1	29553113	1	62.762	162.366
LG1	29645345	1	62.762	162.366
LG1	29735936	1	62.762	162.366
LG1	29739811	1	62.762	162.366
LG1	29765850	1	62.762	162.366
LG1	29783713	1	62.762	162.366
LG1	29783728	1	62.762	162.366
LG1	29783731	1	62.762	162.366
LG1	29794663	1	62.762	162.366
LG1	29855964	1	62.929	162.366
LG1	29895551	1	62.929	162.366
LG2	123218	2	0.000	0.000
LG2	132244	2	0.319	0.000
LG2	138174	2	0.541	0.000
LG2	176951	2	0.541	0.000
LG2	204768	2	0.691	0.000
LG2	207506	2	0.691	0.000
LG2	237843	2	1.044	0.000
LG2	245084	2	1.044	0.000
LG2	245122	2	1.044	0.251
LG2	272360	2	1.044	0.603
LG2	273190	2	1.044	0.603
LG2	273233	2	1.155	0.712
LG2	287703	2	1.155	0.712
LG2	302072	2	1.155	0.926
LG2	314797	2	1.264	0.926
LG2	314798	2	1.264	0.926
LG2	334223	2	1.482	1.033
LG2	383102	2	1.807	1.140
LG2	436336	2	1.807	1.247
LG2	440485	2	1.807	1.247
LG2	455542	2	1.807	1.353
LG2	455569	2	1.807	1.353
LG2	510247	2	1.915	1.353
LG2	510254	2	1.915	1.353
LG2	510256	2	1.915	1.353
LG2	521130	2	1.915	1.460
LG2	521154	2	1.915	1.460
LG2	533444	2	1.915	1.460
LG2	534314	2	1.915	1.674
LG2	543861	2	1.915	1.674
LG2	579296	2	1.915	1.781
LG2	581158	2	1.915	1.781
LG2	581183	2	1.915	2.101
LG2	616559	2	1.915	2.101
LG2	627005	2	1.915	2.101
LG2	629759	2	1.915	2.101
LG2	641305	2	1.915	2.101
LG2	641316	2	1.915	2.101
LG2	641344	2	2.023	2.101
LG2	648616	2	2.023	2.315
LG2	656919	2	2.023	2.315
LG2	656954	2	2.023	2.315
LG2	656969	2	2.023	2.315
LG2	656985	2	2.023	2.315
LG2	724643	2	2.023	2.422
LG2	724683	2	2.023	2.422
LG2	735267	2	2.023	2.529
LG2	741451	2	2.023	2.635
LG2	742379	2	2.023	2.742
LG2	751186	2	2.129	2.956
LG2	757088	2	2.129	3.169
LG2	785333	2	2.236	3.921
LG2	809814	2	2.236	4.242
LG2	814611	2	2.236	4.456
LG2	861618	2	2.343	4.992
LG2	864359	2	2.343	5.098
LG2	928558	2	2.343	5.419
LG2	948733	2	2.343	5.526
LG2	948755	2	2.343	5.633
LG2	948762	2	2.343	5.633
LG2	948777	2	2.343	5.633
LG2	961570	2	2.343	5.633
LG2	997476	2	2.449	5.954
LG2	1007467	2	2.449	5.954
LG2	1031191	2	2.449	5.954
LG2	1041788	2	2.449	6.060
LG2	1056792	2	2.449	6.274
LG2	1077784	2	2.449	6.274
LG2	1079965	2	2.449	6.381
LG2	1079978	2	2.449	6.487
LG2	1080010	2	2.449	6.594
LG2	1083033	2	2.449	6.594
LG2	1083036	2	2.449	6.594
LG2	1088247	2	2.449	6.594
LG2	1094230	2	2.449	6.594
LG2	1098344	2	2.449	6.701
LG2	1111773	2	2.449	6.808
LG2	1177968	2	2.770	7.451
LG2	1177971	2	2.770	7.451
LG2	1177975	2	2.770	7.451
LG2	1179748	2	2.770	7.880
LG2	1206478	2	2.770	8.308
LG2	1206501	2	2.770	8.308
LG2	1214946	2	2.770	8.308
LG2	1215003	2	2.770	8.308
LG2	1243325	2	2.770	8.522
LG2	1245451	2	2.770	8.522
LG2	1247506	2	2.770	9.382
LG2	1250348	2	2.877	9.703
LG2	1290057	2	2.877	9.809
LG2	1290079	2	2.877	9.809
LG2	1290080	2	2.877	9.809
LG2	1297325	2	2.984	10.023
LG2	1314031	2	2.984	10.775
LG2	1337441	2	2.984	10.989
LG2	1340601	2	3.090	11.849
LG2	1378687	2	3.090	11.956
LG2	1378720	2	3.090	11.956
LG2	1406065	2	3.090	12.169
LG2	1406085	2	3.090	12.169
LG2	1413757	2	3.090	12.169
LG2	1413758	2	3.090	12.169
LG2	1419608	2	3.090	12.169
LG2	1438905	2	3.090	12.276
LG2	1450536	2	3.090	12.276
LG2	1459133	2	3.090	12.383
LG2	1461119	2	3.090	12.383
LG2	1461137	2	3.090	12.383
LG2	1461679	2	3.090	12.596
LG2	1494801	2	3.090	13.240
LG2	1502878	2	3.197	13.561
LG2	1502895	2	3.197	13.561
LG2	1512060	2	3.197	13.561
LG2	1550312	2	3.197	13.561
LG2	1594282	2	3.197	13.882
LG2	1594285	2	3.197	13.882
LG2	1598658	2	3.197	14.096
LG2	1613495	2	3.197	14.632
LG2	1613523	2	3.197	14.632
LG2	1636758	2	3.197	15.275
LG2	1636791	2	3.197	15.919
LG2	1641642	2	3.197	16.026
LG2	1641664	2	3.197	16.454
LG2	1674563	2	3.197	17.860
LG2	1674573	2	3.197	17.860
LG2	1674579	2	3.197	17.860
LG2	1674592	2	3.197	17.860
LG2	1674597	2	3.197	17.860
LG2	1695117	2	3.197	20.374
LG2	1720778	2	3.197	20.587
LG2	1818439	2	3.197	21.231
LG2	1818440	2	3.197	21.231
LG2	1827617	2	3.197	21.660
LG2	1880485	2	3.197	22.303
LG2	1914375	2	3.197	22.947
LG2	1922243	2	3.197	22.947
LG2	1922275	2	3.197	22.947
LG2	1938941	2	3.197	23.054
LG2	1969057	2	3.197	23.590
LG2	2000899	2	3.197	23.590
LG2	2000977	2	3.197	23.590
LG2	2000983	2	3.197	23.590
LG2	2006793	2	3.197	23.911
LG2	2006816	2	3.197	23.911
LG2	2009136	2	3.197	24.339
LG2	2009157	2	3.197	24.446
LG2	2012203	2	3.197	24.552
LG2	2038120	2	3.197	24.981
LG2	2040446	2	3.197	24.981
LG2	2040454	2	3.197	26.937
LG2	2131237	2	3.197	27.258
LG2	2156471	2	3.197	27.902
LG2	2196171	2	3.197	28.116
LG2	2211638	2	3.197	28.116
LG2	2256960	2	3.197	28.329
LG2	2388558	2	3.197	28.329
LG2	2392413	2	3.197	29.081
LG2	2436125	2	3.197	30.487
LG2	2464590	2	3.197	30.487
LG2	2530638	2	3.197	30.700
LG2	2534476	2	3.197	30.700
LG2	2536968	2	3.197	30.914
LG2	2540323	2	3.197	30.914
LG2	2563488	2	3.197	31.342
LG2	2639547	2	3.197	31.342
LG2	2639586	2	3.197	31.449
LG2	2657674	2	3.197	31.449
LG2	2657705	2	3.197	31.663
LG2	2658332	2	3.197	31.984
LG2	2658358	2	3.197	32.412
LG2	2677756	2	3.197	32.626
LG2	2686954	2	3.197	32.732
LG2	2709895	2	3.304	33.376
LG2	2709897	2	3.304	33.697
LG2	2710698	2	3.304	33.911
LG2	2710716	2	3.304	34.446
LG2	2710717	2	3.304	34.446
LG2	2710720	2	3.304	34.446
LG2	2759833	2	3.304	34.446
LG2	2773695	2	3.304	34.875
LG2	2773698	2	3.304	34.875
LG2	2787180	2	3.304	35.303
LG2	2796364	2	3.304	35.947
LG2	2813289	2	3.304	35.947
LG2	2816889	2	3.304	37.243
LG2	2816906	2	3.304	37.349
LG2	2826787	2	3.304	38.427
LG2	2917710	2	3.304	38.534
LG2	2917758	2	3.304	38.641
LG2	2958203	2	3.304	39.069
LG2	2981873	2	3.304	39.497
LG2	2981874	2	3.411	39.604
LG2	3089995	2	3.411	39.925
LG2	3104359	2	3.411	40.894
LG2	3113368	2	3.411	41.214
LG2	3119783	2	3.517	42.292
LG2	3119791	2	3.517	42.292
LG2	3198567	2	3.517	44.138
LG2	3251355	2	3.517	44.138
LG2	3286880	2	3.517	44.890
LG2	3286886	2	3.517	44.890
LG2	3323466	2	3.517	45.968
LG2	3499327	2	3.517	46.611
LG2	3656527	2	3.517	48.568
LG2	3656528	2	3.517	48.889
LG2	3664110	2	3.517	49.317
LG2	3718555	2	3.517	51.274
LG2	4089078	2	3.517	51.381
LG2	4136513	2	3.517	51.594
LG2	4137430	2	3.517	51.701
LG2	4297535	2	3.517	51.808
LG2	4471919	2	3.517	51.808
LG2	4500523	2	3.517	51.808
LG2	4501683	2	3.517	51.915
LG2	4570265	2	3.517	51.915
LG2	4582864	2	3.517	51.915
LG2	4646402	2	3.517	51.915
LG2	4753004	2	3.517	51.915
LG2	5091767	2	3.517	51.915
LG2	5112880	2	3.517	51.915
LG2	5142005	2	3.517	51.915
LG2	5145005	2	3.517	51.915
LG2	5145050	2	3.517	51.915
LG2	5148784	2	3.517	51.915
LG2	5148820	2	3.517	51.915
LG2	5149067	2	3.517	51.915
LG2	5172257	2	3.517	51.915
LG2	5199797	2	3.517	51.915
LG2	5199799	2	3.517	51.915
LG2	5204318	2	3.517	51.915
LG2	5259196	2	3.517	51.915
LG2	5262030	2	3.517	51.915
LG2	5296780	2	3.517	52.021
LG2	5336621	2	3.517	52.021
LG2	5458123	2	3.517	52.021
LG2	5556255	2	3.517	52.021
LG2	5711381	2	3.517	52.021
LG2	5758558	2	3.517	52.021
LG2	5759526	2	3.517	52.021
LG2	5803628	2	3.517	52.021
LG2	5825618	2	3.517	52.021
LG2	5865938	2	3.517	52.021
LG2	5902113	2	3.517	52.128
LG2	5902119	2	3.517	52.128
LG2	5902120	2	3.517	52.128
LG2	6007297	2	3.517	52.235
LG2	6007902	2	3.517	52.235
LG2	6029317	2	3.517	52.235
LG2	6040946	2	3.517	52.235
LG2	6040963	2	3.517	52.235
LG2	6125915	2	3.517	52.235
LG2	6145048	2	3.517	52.235
LG2	6205457	2	3.517	52.235
LG2	6213588	2	3.517	52.235
LG2	6342651	2	3.517	52.341
LG2	6373072	2	3.517	52.341
LG2	6384437	2	3.517	52.341
LG2	6478681	2	3.517	52.341
LG2	6487799	2	3.517	52.448
LG2	6587705	2	3.517	52.555
LG2	6747341	2	3.517	52.662
LG2	6750972	2	3.517	52.662
LG2	6766017	2	3.517	52.662
LG2	6843468	2	3.517	52.768
LG2	6855541	2	3.517	52.982
LG2	6890519	2	3.517	52.982
LG2	6941932	2	3.517	52.982
LG2	7179299	2	3.517	53.196
LG2	7179333	2	3.517	53.196
LG2	7179374	2	3.517	53.196
LG2	7260787	2	3.517	53.196
LG2	7294312	2	3.517	53.196
LG2	7361443	2	3.517	53.409
LG2	7408374	2	3.517	53.409
LG2	7478594	2	3.517	53.623
LG2	7531715	2	3.517	53.730
LG2	7604344	2	3.517	53.837
LG2	7654057	2	3.517	54.050
LG2	7698473	2	3.517	54.264
LG2	7834262	2	3.517	54.585
LG2	7836073	2	3.517	54.585
LG2	8072087	2	3.517	54.585
LG2	8091080	2	3.517	54.585
LG2	8091112	2	3.517	54.585
LG2	8093577	2	3.517	54.585
LG2	8117137	2	3.517	54.585
LG2	8117159	2	3.517	54.585
LG2	8128372	2	3.517	54.585
LG2	8128393	2	3.624	54.691
LG2	8140834	2	3.624	54.691
LG2	8140892	2	3.624	54.691
LG2	8160465	2	3.624	54.691
LG2	8188641	2	3.624	54.691
LG2	8188666	2	3.624	54.905
LG2	8198502	2	3.624	54.905
LG2	8218606	2	3.624	54.905
LG2	8218625	2	3.624	54.905
LG2	8218825	2	3.624	54.905
LG2	8218837	2	3.624	54.905
LG2	8218839	2	3.624	54.905
LG2	8255411	2	3.624	55.012
LG2	8255415	2	3.624	55.012
LG2	8258364	2	3.624	55.012
LG2	8275407	2	3.624	55.012
LG2	8288520	2	3.624	55.012
LG2	8288561	2	3.624	55.012
LG2	8288600	2	3.624	55.012
LG2	8288617	2	3.624	55.012
LG2	8292035	2	3.624	55.119
LG2	8292081	2	3.624	55.119
LG2	8294929	2	3.624	55.332
LG2	8336224	2	3.731	55.332
LG2	8420874	2	3.731	55.332
LG2	8420877	2	3.731	55.332
LG2	8460600	2	3.731	55.332
LG2	8464103	2	3.731	55.439
LG2	8464105	2	3.731	55.439
LG2	8467089	2	3.731	55.439
LG2	8467097	2	3.731	55.439
LG2	8467114	2	3.731	55.439
LG2	8485167	2	3.731	55.439
LG2	8485168	2	3.731	55.439
LG2	8544864	2	3.731	55.546
LG2	8590278	2	3.731	55.652
LG2	8622729	2	3.731	55.759
LG2	8628116	2	3.731	55.759
LG2	8635582	2	3.838	55.973
LG2	8635587	2	3.838	56.080
LG2	8635621	2	3.838	56.080
LG2	8635623	2	3.838	56.080
LG2	8635624	2	3.838	56.080
LG2	8666262	2	3.838	56.080
LG2	8666276	2	3.838	56.080
LG2	8683651	2	3.944	56.186
LG2	8735583	2	3.944	56.400
LG2	8736567	2	3.944	56.400
LG2	8736617	2	3.944	56.721
LG2	8768195	2	3.944	56.828
LG2	8794675	2	3.944	57.041
LG2	8803547	2	3.944	57.041
LG2	8852719	2	3.944	57.362
LG2	8852744	2	3.944	57.362
LG2	8877953	2	3.944	58.006
LG2	8877954	2	3.944	58.006
LG2	8935521	2	3.944	58.006
LG2	8950998	2	3.944	58.113
LG2	8975615	2	3.944	58.326
LG2	8996567	2	3.944	58.326
LG2	9010893	2	3.944	58.433
LG2	9010945	2	3.944	58.433
LG2	9022515	2	3.944	58.540
LG2	9022549	2	3.944	58.540
LG2	9026575	2	4.051	58.968
LG2	9028451	2	4.051	59.075
LG2	9030203	2	4.051	59.288
LG2	9315117	2	4.158	59.824
LG2	9370184	2	4.158	59.931
LG2	9392080	2	4.158	60.038
LG2	9406136	2	4.158	60.144
LG2	9406140	2	4.158	60.144
LG2	9406141	2	4.158	60.144
LG2	9413532	2	4.158	60.144
LG2	9413545	2	4.158	60.144
LG2	9434536	2	4.158	60.144
LG2	9434929	2	4.158	60.144
LG2	9505778	2	4.158	60.251
LG2	9528149	2	4.158	60.572
LG2	9575626	2	4.158	60.893
LG2	9595821	2	4.158	61.000
LG2	9626195	2	4.158	61.106
LG2	9645051	2	4.158	61.427
LG2	9676352	2	4.158	61.427
LG2	9690453	2	4.158	61.534
LG2	9690482	2	4.158	61.534
LG2	9690489	2	4.158	61.641
LG2	9703476	2	4.158	62.069
LG2	9731481	2	4.158	62.069
LG2	9834864	2	4.158	62.069
LG2	9838264	2	4.158	62.069
LG2	9838924	2	4.158	62.069
LG2	9853217	2	4.264	62.283
LG2	9860938	2	4.264	62.389
LG2	9894723	2	4.264	62.389
LG2	9924992	2	4.264	62.389
LG2	9925019	2	4.264	62.389
LG2	9934983	2	4.264	62.389
LG2	9940199	2	4.264	62.496
LG2	9940207	2	4.264	62.603
LG2	9954570	2	4.264	62.603
LG2	9963797	2	4.264	62.603
LG2	9963804	2	4.264	62.709
LG2	9964121	2	4.371	62.816
LG2	10007415	2	4.371	62.816
LG2	10007436	2	4.371	62.816
LG2	10007630	2	4.371	63.460
LG2	10099945	2	4.371	63.567
LG2	10169634	2	4.478	63.673
LG2	10169688	2	4.478	63.994
LG2	10169701	2	4.478	64.315
LG2	10238798	2	4.478	64.315
LG2	10281546	2	4.478	64.636
LG2	10291318	2	4.478	64.957
LG2	10291435	2	4.478	65.171
LG2	10401725	2	4.692	65.277
LG2	10463162	2	4.692	65.277
LG2	10463163	2	4.692	65.277
LG2	10468345	2	4.692	65.277
LG2	10511757	2	4.692	65.277
LG2	10517804	2	4.905	65.491
LG2	10528557	2	4.905	65.491
LG2	10532271	2	4.905	65.491
LG2	10532272	2	4.905	65.491
LG2	10538722	2	4.905	65.705
LG2	10561368	2	4.905	66.240
LG2	10597300	2	4.905	66.454
LG2	10601838	2	4.905	66.775
LG2	10601869	2	4.905	66.775
LG2	10616932	2	5.012	67.203
LG2	10816101	2	5.119	67.524
LG2	10816114	2	5.119	67.524
LG2	10874841	2	5.332	67.524
LG2	10881710	2	5.332	67.952
LG2	11003966	2	5.332	68.813
LG2	11268837	2	5.439	69.026
LG2	11268846	2	5.439	69.026
LG2	11427072	2	5.546	69.347
LG2	11427087	2	5.546	69.347
LG2	11427109	2	5.546	69.347
LG2	11454130	2	5.652	69.454
LG2	11478744	2	5.652	69.561
LG2	11551143	2	5.652	69.881
LG2	11551156	2	5.759	69.881
LG2	11551179	2	5.759	69.988
LG2	11573379	2	5.759	69.988
LG2	11578175	2	5.759	70.202
LG2	11586364	2	5.759	70.309
LG2	11586373	2	5.759	70.309
LG2	11591032	2	5.759	70.309
LG2	11594080	2	5.759	70.309
LG2	11642097	2	5.759	70.415
LG2	11670100	2	5.866	70.415
LG2	11670124	2	5.866	70.415
LG2	11719501	2	5.866	70.629
LG2	11721213	2	5.973	70.629
LG2	11721215	2	5.973	70.629
LG2	11721220	2	5.973	70.629
LG2	11812995	2	6.079	71.057
LG2	11859830	2	6.079	71.057
LG2	11881392	2	6.079	71.164
LG2	11881410	2	6.079	71.164
LG2	11916843	2	6.186	71.485
LG2	11933521	2	6.186	71.485
LG2	12026617	2	6.186	71.592
LG2	12026843	2	6.507	71.592
LG2	12040824	2	6.507	71.698
LG2	12094675	2	6.614	71.805
LG2	12094687	2	6.720	71.805
LG2	12122372	2	6.720	71.912
LG2	12212027	2	6.720	71.912
LG2	12221703	2	6.827	71.912
LG2	12246086	2	6.827	71.912
LG2	12252468	2	6.827	71.912
LG2	12261095	2	6.827	71.912
LG2	12272806	2	6.827	71.912
LG2	12307257	2	6.827	71.912
LG2	12329988	2	6.827	72.125
LG2	12364483	2	6.827	72.232
LG2	12432616	2	6.827	72.339
LG2	12432621	2	6.827	72.339
LG2	12432622	2	6.827	72.339
LG2	12432624	2	6.934	72.339
LG2	12494159	2	7.041	72.446
LG2	12537759	2	7.041	72.446
LG2	12544705	2	7.041	72.659
LG2	12545559	2	7.041	72.766
LG2	12545562	2	7.041	72.766
LG2	12547886	2	7.041	72.766
LG2	12625338	2	7.041	72.980
LG2	12629005	2	7.041	72.980
LG2	12640060	2	7.041	72.980
LG2	12640061	2	7.041	72.980
LG2	12642115	2	7.041	73.086
LG2	12667086	2	7.147	73.193
LG2	12667087	2	7.147	73.193
LG2	12667102	2	7.147	73.193
LG2	12667129	2	7.147	73.193
LG2	12679048	2	7.147	73.193
LG2	12688003	2	7.147	73.300
LG2	12688123	2	7.147	73.300
LG2	12695023	2	7.254	73.407
LG2	12704983	2	7.254	73.407
LG2	12709174	2	7.254	73.620
LG2	12735676	2	7.254	73.727
LG2	12771337	2	7.254	73.834
LG2	12820526	2	7.468	74.370
LG2	12835466	2	7.468	74.476
LG2	12835467	2	7.468	74.476
LG2	12862240	2	7.468	74.476
LG2	12904245	2	7.468	74.476
LG2	12904265	2	7.574	74.476
LG2	12904288	2	7.574	74.583
LG2	12929541	2	7.574	74.690
LG2	12929567	2	7.574	74.690
LG2	13003676	2	7.574	75.011
LG2	13038396	2	7.574	75.011
LG2	13051384	2	7.574	75.117
LG2	13051400	2	7.574	75.117
LG2	13060023	2	7.681	75.978
LG2	13060027	2	7.681	75.978
LG2	13060028	2	7.681	75.978
LG2	13063629	2	7.681	75.978
LG2	13107738	2	7.681	76.298
LG2	13115456	2	7.788	76.298
LG2	13119519	2	7.788	76.298
LG2	13127183	2	7.788	76.298
LG2	13156374	2	7.788	76.405
LG2	13263254	2	7.788	76.726
LG2	13273122	2	7.788	76.833
LG2	13297287	2	7.895	76.833
LG2	13345200	2	7.895	77.154
LG2	13350669	2	7.895	77.260
LG2	13352528	2	7.895	77.581
LG2	13355795	2	7.895	77.581
LG2	13372798	2	8.001	77.581
LG2	13380121	2	8.001	78.009
LG2	13402731	2	8.001	78.116
LG2	13417364	2	8.001	78.223
LG2	13417406	2	8.001	78.544
LG2	13475374	2	8.108	78.865
LG2	13526200	2	8.108	78.865
LG2	13550173	2	8.108	78.971
LG2	13567079	2	8.215	79.185
LG2	13567084	2	8.215	79.185
LG2	13733917	2	8.428	79.613
LG2	14038875	2	8.964	79.720
LG2	14090452	2	8.964	80.041
LG2	14092603	2	8.964	80.148
LG2	14160690	2	8.964	80.148
LG2	14200430	2	8.964	80.148
LG2	14214396	2	9.178	80.148
LG2	14214428	2	9.178	80.148
LG2	14214433	2	9.178	80.148
LG2	14219881	2	9.178	80.254
LG2	14234845	2	9.178	80.361
LG2	14242231	2	9.178	80.361
LG2	14267045	2	9.392	80.575
LG2	14267059	2	9.392	80.681
LG2	14267453	2	9.392	80.788
LG2	14338130	2	9.392	80.788
LG2	14381213	2	9.498	80.788
LG2	14400454	2	9.712	80.788
LG2	14414955	2	9.712	80.788
LG2	14435679	2	9.926	81.002
LG2	14528356	2	10.033	81.216
LG2	14561863	2	10.033	81.216
LG2	14561867	2	10.033	81.322
LG2	14586794	2	10.033	81.429
LG2	14596704	2	10.033	81.429
LG2	14709477	2	10.033	81.429
LG2	14721748	2	10.033	81.536
LG2	14734427	2	10.246	81.642
LG2	14753180	2	10.460	81.642
LG2	14756638	2	10.460	81.642
LG2	14843634	2	10.567	81.749
LG2	14890393	2	10.780	81.749
LG2	15013587	2	10.780	81.749
LG2	15013588	2	10.780	81.749
LG2	15020905	2	10.994	81.856
LG2	15060612	2	10.994	81.963
LG2	15060613	2	10.994	81.963
LG2	15060634	2	11.101	82.069
LG2	15060638	2	11.101	82.390
LG2	15091469	2	11.207	82.497
LG2	15104820	2	11.207	82.711
LG2	15107597	2	11.314	82.711
LG2	15167235	2	11.314	82.817
LG2	15167237	2	11.314	82.817
LG2	15167241	2	11.314	82.817
LG2	15167242	2	11.314	82.817
LG2	15192989	2	11.314	82.817
LG2	15193002	2	11.314	82.817
LG2	15195041	2	11.314	82.817
LG2	15195056	2	11.314	82.924
LG2	15201194	2	11.314	83.138
LG2	15230651	2	11.314	83.138
LG2	15230652	2	11.314	83.138
LG2	15236021	2	11.314	83.459
LG2	15236027	2	11.314	83.459
LG2	15285637	2	11.421	83.672
LG2	15448342	2	11.528	83.672
LG2	15448352	2	11.528	83.672
LG2	15448353	2	11.528	83.886
LG2	15454552	2	11.528	83.886
LG2	15456163	2	11.528	83.886
LG2	15456168	2	11.528	83.993
LG2	15456171	2	11.528	83.993
LG2	15503944	2	11.528	84.206
LG2	15503960	2	11.528	84.206
LG2	15520897	2	11.741	84.527
LG2	15520928	2	11.741	84.527
LG2	15531141	2	11.741	84.527
LG2	15551672	2	11.741	84.634
LG2	15561419	2	11.741	84.634
LG2	15561451	2	11.848	84.741
LG2	15565704	2	11.848	84.741
LG2	15576271	2	11.848	84.847
LG2	15591838	2	11.848	84.847
LG2	15636732	2	11.848	84.847
LG2	15636765	2	11.848	84.847
LG2	15658744	2	11.955	84.954
LG2	15664734	2	12.168	85.168
LG2	15680000	2	12.382	85.274
LG2	15724927	2	12.382	85.381
LG2	15735292	2	12.489	85.381
LG2	15820192	2	12.810	85.381
LG2	15854217	2	12.810	85.381
LG2	15889995	2	12.810	85.381
LG2	15907908	2	12.916	85.595
LG2	15947475	2	13.130	85.702
LG2	15947495	2	13.237	85.702
LG2	15955215	2	13.237	85.702
LG2	15981140	2	13.343	85.808
LG2	15981167	2	13.343	85.808
LG2	15981171	2	13.343	85.808
LG2	15989351	2	13.450	85.915
LG2	15989390	2	13.450	86.236
LG2	16009889	2	13.557	86.236
LG2	16059560	2	13.557	86.236
LG2	16079501	2	13.557	86.236
LG2	16079541	2	13.557	86.236
LG2	16079555	2	13.557	86.236
LG2	16111863	2	13.557	86.236
LG2	16113052	2	13.664	86.236
LG2	16113072	2	13.664	86.236
LG2	16159548	2	13.664	86.236
LG2	16168724	2	13.770	86.236
LG2	16168747	2	13.770	86.236
LG2	16168759	2	13.770	86.236
LG2	16172984	2	13.770	86.343
LG2	16173060	2	13.877	86.449
LG2	16207164	2	13.984	86.449
LG2	16208961	2	13.984	86.663
LG2	16292711	2	14.197	86.877
LG2	16387115	2	14.304	86.877
LG2	16387166	2	14.411	86.983
LG2	16422890	2	14.411	87.090
LG2	16438485	2	14.411	87.090
LG2	16438590	2	14.411	87.090
LG2	16438598	2	14.411	87.090
LG2	16451764	2	14.411	87.090
LG2	16484548	2	14.411	87.090
LG2	16484559	2	14.411	87.090
LG2	16511760	2	14.411	87.197
LG2	16511761	2	14.411	87.197
LG2	16523902	2	14.411	87.304
LG2	16523906	2	14.411	87.410
LG2	16578398	2	14.411	87.410
LG2	16578450	2	14.518	87.517
LG2	16646942	2	14.518	87.624
LG2	16646966	2	14.518	87.730
LG2	16646967	2	14.624	87.944
LG2	16703072	2	14.624	87.944
LG2	16708025	2	14.624	88.051
LG2	16730540	2	14.624	88.158
LG2	16737874	2	14.624	88.264
LG2	16755444	2	14.624	88.371
LG2	16762369	2	14.624	88.371
LG2	16762370	2	14.624	88.371
LG2	16764268	2	14.624	88.371
LG2	16764271	2	14.624	88.371
LG2	16767350	2	14.731	88.371
LG2	16767361	2	14.731	88.371
LG2	16780391	2	14.838	88.692
LG2	16786557	2	14.945	88.692
LG2	16811820	2	14.945	88.692
LG2	16816138	2	14.945	88.799
LG2	16816230	2	14.945	88.799
LG2	16826696	2	15.051	88.799
LG2	16826726	2	15.051	88.799
LG2	16830429	2	15.051	89.012
LG2	16841000	2	15.051	89.012
LG2	16841002	2	15.051	89.012
LG2	16841016	2	15.051	89.012
LG2	16845404	2	15.051	89.012
LG2	16872956	2	15.051	89.012
LG2	16872969	2	15.051	89.012
LG2	16872997	2	15.051	89.012
LG2	16873001	2	15.051	89.012
LG2	16873004	2	15.265	89.012
LG2	16884666	2	15.372	89.119
LG2	16908586	2	15.478	89.119
LG2	16908604	2	15.585	89.119
LG2	16908607	2	15.585	89.226
LG2	16908615	2	15.692	89.226
LG2	16914317	2	16.228	89.439
LG2	16914339	2	16.441	89.439
LG2	16914361	2	16.870	90.083
LG2	17041291	2	16.870	90.190
LG2	17041298	2	16.870	90.190
LG2	17064010	2	17.191	90.404
LG2	17160708	2	17.404	90.939
LG2	17240690	2	17.511	91.475
LG2	17266412	2	17.618	91.582
LG2	17266441	2	17.618	91.582
LG2	17282368	2	17.618	91.689
LG2	17353347	2	17.618	91.903
LG2	17362377	2	17.831	92.331
LG2	17378215	2	17.831	92.544
LG2	17378233	2	17.831	92.544
LG2	17392850	2	17.938	93.080
LG2	17417325	2	17.938	93.187
LG2	17488273	2	18.045	94.265
LG2	17516881	2	18.045	94.586
LG2	17528782	2	18.152	94.799
LG2	17528796	2	18.152	94.799
LG2	17622280	2	18.365	94.906
LG2	17655659	2	18.793	95.013
LG2	17692806	2	18.900	95.226
LG2	17694846	2	18.900	95.333
LG2	17700358	2	19.007	95.440
LG2	17736163	2	19.221	95.547
LG2	17746716	2	19.434	95.547
LG2	17746718	2	19.434	95.547
LG2	17746746	2	19.541	95.547
LG2	17795937	2	19.648	96.082
LG2	17917071	2	19.969	96.511
LG2	17917168	2	20.075	96.724
LG2	17917169	2	20.075	96.724
LG2	17917545	2	20.075	96.938
LG2	17917583	2	20.075	96.938
LG2	17934046	2	20.075	97.152
LG2	17934067	2	20.075	97.152
LG2	17934767	2	20.182	97.258
LG2	17934783	2	20.182	97.258
LG2	17987278	2	20.289	97.365
LG2	17992996	2	20.395	97.472
LG2	18009828	2	20.716	97.579
LG2	18044479	2	20.716	97.685
LG2	18063124	2	20.823	97.792
LG2	18063149	2	20.823	97.792
LG2	18063151	2	20.823	97.792
LG2	18083971	2	21.037	97.792
LG2	18083980	2	21.037	98.113
LG2	18102198	2	21.250	98.649
LG2	18144234	2	21.357	98.863
LG2	18144236	2	21.357	98.863
LG2	18180519	2	21.357	98.863
LG2	18180522	2	21.357	98.863
LG2	18189551	2	21.357	98.863
LG2	18189562	2	21.464	99.291
LG2	18211823	2	21.571	99.291
LG2	18211829	2	21.571	99.291
LG2	18212934	2	21.571	99.291
LG2	18212950	2	21.571	99.291
LG2	18213911	2	22.214	99.398
LG2	18257889	2	22.321	99.611
LG2	18265396	2	22.428	99.825
LG2	18280859	2	22.641	100.039
LG2	18296159	2	22.641	100.039
LG2	18351696	2	22.641	100.039
LG2	18351725	2	22.641	100.039
LG2	18353089	2	22.641	100.252
LG2	18353094	2	22.855	100.252
LG2	18357826	2	22.855	100.252
LG2	18357845	2	22.855	100.359
LG2	18363054	2	22.962	100.680
LG2	18374536	2	22.962	100.787
LG2	18374537	2	22.962	100.787
LG2	18398552	2	23.069	100.893
LG2	18401381	2	23.069	101.000
LG2	18401417	2	23.069	101.000
LG2	18413812	2	23.069	101.107
LG2	18414164	2	23.069	101.107
LG2	18417962	2	23.175	101.213
LG2	18417963	2	23.175	101.213
LG2	18417967	2	23.175	101.213
LG2	18419207	2	23.175	101.320
LG2	18433273	2	23.175	101.641
LG2	18439940	2	23.175	101.748
LG2	18440358	2	23.175	101.961
LG2	18455377	2	23.175	101.961
LG2	18472874	2	23.175	102.068
LG2	18487555	2	23.175	102.175
LG2	18487591	2	23.175	102.175
LG2	18488788	2	23.175	102.389
LG2	18497436	2	23.282	102.389
LG2	18497449	2	23.282	102.389
LG2	18526148	2	23.282	102.389
LG2	18528224	2	23.282	102.389
LG2	18536056	2	23.496	102.389
LG2	18548951	2	23.817	102.602
LG2	18548967	2	23.817	102.602
LG2	18549532	2	23.817	102.816
LG2	18554151	2	23.817	102.816
LG2	18590883	2	24.030	103.030
LG2	18595188	2	24.030	103.030
LG2	18615271	2	24.351	103.030
LG2	18615275	2	24.565	103.136
LG2	18686346	2	24.671	103.457
LG2	18686358	2	24.671	103.457
LG2	18720218	2	25.100	103.778
LG2	18788006	2	25.313	104.314
LG2	18791503	2	25.420	104.421
LG2	18848255	2	25.420	104.527
LG2	18848262	2	25.420	104.527
LG2	18857908	2	25.420	104.634
LG2	18887980	2	25.420	104.634
LG2	18922645	2	25.420	104.634
LG2	18926674	2	25.420	104.634
LG2	18926677	2	25.420	104.634
LG2	18929995	2	25.527	104.955
LG2	18945894	2	25.634	105.169
LG2	18961960	2	25.847	105.382
LG2	18984071	2	25.847	105.596
LG2	18984112	2	25.847	105.703
LG2	19021194	2	25.847	106.024
LG2	19021207	2	25.847	106.024
LG2	19021219	2	25.847	106.130
LG2	19030731	2	25.847	106.130
LG2	19031864	2	25.954	106.130
LG2	19031866	2	25.954	106.130
LG2	19036045	2	26.061	106.130
LG2	19045061	2	26.061	106.559
LG2	19045105	2	26.061	106.559
LG2	19045113	2	26.167	106.665
LG2	19053493	2	26.274	106.665
LG2	19053515	2	26.381	106.772
LG2	19093321	2	26.381	106.772
LG2	19093361	2	26.488	106.772
LG2	19107515	2	26.488	106.772
LG2	19107558	2	26.488	106.772
LG2	19107586	2	26.488	106.772
LG2	19114350	2	26.594	106.879
LG2	19127831	2	26.594	107.200
LG2	19146400	2	26.701	107.200
LG2	19146437	2	26.808	107.306
LG2	19173819	2	27.129	107.735
LG2	19173831	2	27.129	107.735
LG2	19173851	2	27.129	107.735
LG2	19190705	2	27.129	107.735
LG2	19199453	2	27.129	107.841
LG2	19212799	2	27.557	108.162
LG2	19218471	2	27.664	108.483
LG2	19221048	2	27.664	108.697
LG2	19232497	2	27.984	108.910
LG2	19285780	2	28.091	109.017
LG2	19328512	2	28.412	109.338
LG2	19340112	2	28.412	109.338
LG2	19340118	2	28.840	109.445
LG2	19363385	2	28.840	109.551
LG2	19378720	2	29.269	109.765
LG2	19414503	2	29.375	109.979
LG2	19429922	2	29.804	110.407
LG2	19431438	2	29.804	110.621
LG2	19432590	2	29.804	110.621
LG2	19464614	2	29.804	110.727
LG2	19464615	2	29.804	110.727
LG2	19471666	2	29.910	110.727
LG2	19471673	2	29.910	110.834
LG2	19471709	2	29.910	110.834
LG2	19492524	2	30.124	110.834
LG2	19529152	2	30.231	111.155
LG2	19536488	2	30.231	111.369
LG2	19546673	2	30.444	111.369
LG2	19557341	2	30.658	111.369
LG2	19576856	2	30.658	111.582
LG2	19576909	2	30.658	111.582
LG2	19604203	2	30.765	111.582
LG2	19607337	2	30.978	111.689
LG2	19607415	2	31.299	112.549
LG2	19655137	2	31.299	112.549
LG2	19655194	2	31.299	112.549
LG2	19656093	2	31.513	112.549
LG2	19667661	2	31.513	112.549
LG2	19667663	2	31.513	112.549
LG2	19670643	2	31.620	112.549
LG2	19685811	2	31.620	112.656
LG2	19711359	2	31.620	112.656
LG2	19734297	2	31.726	112.763
LG2	19755012	2	31.833	112.763
LG2	19759957	2	32.261	112.869
LG2	19778507	2	32.690	112.869
LG2	19823127	2	33.011	113.083
LG2	19823738	2	33.011	113.190
LG2	19854070	2	33.224	113.511
LG2	19891382	2	33.760	113.832
LG2	19901406	2	33.974	114.260
LG2	19921265	2	34.188	114.688
LG2	20017032	2	34.508	115.440
LG2	20017033	2	34.508	115.440
LG2	20025523	2	34.615	115.440
LG2	20046039	2	34.615	115.440
LG2	20058333	2	34.615	115.440
LG2	20095123	2	34.829	116.084
LG2	20115521	2	35.150	116.191
LG2	20122672	2	35.256	116.619
LG2	20129210	2	35.363	116.832
LG2	20149044	2	35.470	116.939
LG2	20193875	2	35.470	117.046
LG2	20193881	2	35.470	117.046
LG2	20193893	2	35.683	117.046
LG2	20193901	2	35.683	117.046
LG2	20204133	2	35.683	117.046
LG2	20204187	2	35.683	117.046
LG2	20224399	2	36.004	117.046
LG2	20239183	2	36.004	117.046
LG2	20247243	2	36.325	117.046
LG2	20247263	2	36.325	117.046
LG2	20255061	2	36.432	117.153
LG2	20262160	2	36.646	117.366
LG2	20262184	2	36.752	117.473
LG2	20262928	2	36.752	117.473
LG2	20324722	2	36.859	117.473
LG2	20324727	2	36.859	117.473
LG2	20324734	2	36.859	117.473
LG2	20324736	2	36.859	117.473
LG2	20324743	2	36.859	117.473
LG2	20326517	2	36.966	117.473
LG2	20327280	2	36.966	117.687
LG2	20327325	2	36.966	117.900
LG2	20327576	2	37.072	118.007
LG2	20327578	2	37.072	118.007
LG2	20353419	2	37.608	118.114
LG2	20368007	2	37.715	118.327
LG2	20406108	2	38.143	118.327
LG2	20406122	2	38.250	118.434
LG2	20451537	2	38.250	118.434
LG2	20451538	2	38.250	118.434
LG2	20451661	2	38.357	118.541
LG2	20468480	2	38.571	118.648
LG2	20469762	2	38.571	118.648
LG2	20510234	2	38.784	119.184
LG2	20512616	2	38.998	119.184
LG2	20516425	2	39.212	119.290
LG2	20516440	2	39.212	119.504
LG2	20519130	2	39.318	119.504
LG2	20555052	2	39.532	119.504
LG2	20565481	2	39.532	119.504
LG2	20568448	2	39.639	119.504
LG2	20571160	2	39.852	119.718
LG2	20609582	2	40.066	119.824
LG2	20617045	2	40.066	120.145
LG2	20617067	2	40.173	120.252
LG2	20633849	2	40.279	120.252
LG2	20658108	2	40.493	120.573
LG2	20690411	2	40.493	120.786
LG2	20691168	2	40.493	120.786
LG2	20700741	2	40.707	120.786
LG2	20700743	2	40.707	120.786
LG2	20700748	2	40.814	120.786
LG2	20717472	2	40.814	120.786
LG2	20728696	2	41.134	120.893
LG2	20728700	2	41.134	120.893
LG2	20731771	2	41.241	121.000
LG2	20731772	2	41.241	121.000
LG2	20748955	2	41.455	121.000
LG2	20748978	2	41.455	121.107
LG2	20766053	2	41.562	121.107
LG2	20793405	2	41.562	121.213
LG2	20796702	2	41.562	121.213
LG2	20805757	2	41.668	121.320
LG2	20805759	2	41.775	121.427
LG2	20809697	2	41.775	121.427
LG2	20809721	2	41.775	121.427
LG2	20809726	2	41.775	121.427
LG2	20809782	2	41.775	121.427
LG2	20813997	2	41.989	121.641
LG2	20876903	2	41.989	121.961
LG2	20913748	2	42.095	122.605
LG2	20961357	2	42.095	122.605
LG2	20961393	2	42.095	122.605
LG2	20965916	2	42.309	122.605
LG2	20977198	2	42.416	122.605
LG2	20977200	2	42.416	122.605
LG2	20993492	2	42.522	123.033
LG2	21021082	2	42.629	123.354
LG2	21036032	2	42.736	123.461
LG2	21046099	2	42.950	124.213
LG2	21057533	2	43.163	124.427
LG2	21057554	2	43.163	124.962
LG2	21089502	2	43.377	124.962
LG2	21150471	2	43.591	125.498
LG2	21150479	2	43.697	125.498
LG2	21150483	2	43.697	125.605
LG2	21208165	2	43.911	125.819
LG2	21215018	2	44.125	126.140
LG2	21224156	2	44.446	127.000
LG2	21346618	2	45.306	127.214
LG2	21379316	2	45.306	127.214
LG2	21379346	2	45.306	127.214
LG2	21414921	2	45.306	127.320
LG2	21414946	2	45.306	127.320
LG2	21414948	2	45.306	127.641
LG2	21414963	2	45.306	127.748
LG2	21420340	2	45.306	127.855
LG2	21420360	2	45.306	127.855
LG2	21435540	2	45.306	127.855
LG2	21454175	2	45.413	127.961
LG2	21454215	2	45.519	127.961
LG2	21479562	2	45.519	128.282
LG2	21504982	2	46.163	128.603
LG2	21542298	2	46.484	129.355
LG2	21592225	2	46.805	129.355
LG2	21599526	2	47.018	129.355
LG2	21611755	2	47.018	129.355
LG2	21638192	2	47.018	129.355
LG2	21648661	2	47.125	129.462
LG2	21670878	2	47.446	129.568
LG2	21670883	2	47.660	129.568
LG2	21704566	2	47.873	129.997
LG2	21711277	2	47.873	130.425
LG2	21736847	2	48.087	130.639
LG2	21736855	2	48.087	130.639
LG2	21760191	2	48.087	130.639
LG2	21769799	2	48.194	130.745
LG2	21788411	2	48.194	130.852
LG2	21802401	2	48.194	130.959
LG2	21804021	2	48.194	131.065
LG2	21819944	2	48.194	131.065
LG2	21819973	2	48.300	131.279
LG2	21828612	2	48.407	131.279
LG2	21868671	2	48.407	131.279
LG2	21876544	2	48.407	131.279
LG2	21879670	2	48.407	131.386
LG2	21879676	2	48.407	131.386
LG2	21905905	2	48.407	131.386
LG2	21909995	2	48.407	131.493
LG2	21915255	2	48.407	131.493
LG2	21917364	2	48.407	131.599
LG2	21917374	2	48.407	131.599
LG2	21917380	2	48.407	131.599
LG2	21917402	2	48.407	131.599
LG2	21927711	2	48.407	131.706
LG2	21972399	2	48.407	131.813
LG2	21972420	2	48.407	131.813
LG2	21972676	2	48.514	131.919
LG2	21996273	2	48.514	131.919
LG2	21996276	2	48.728	132.133
LG2	22065747	2	48.728	132.133
LG2	22065749	2	48.728	132.133
LG2	22065750	2	48.728	132.133
LG2	22083423	2	48.728	132.133
LG2	22089648	2	48.728	132.133
LG2	22125159	2	48.728	132.133
LG2	22133933	2	48.834	132.133
LG2	22134783	2	48.834	132.240
LG2	22134794	2	48.834	132.240
LG2	22151032	2	48.834	132.240
LG2	22228422	2	48.941	132.240
LG2	22228455	2	48.941	132.240
LG2	22259102	2	49.048	132.240
LG2	22288018	2	49.048	132.240
LG2	22288030	2	49.048	132.240
LG2	22288031	2	49.048	132.240
LG2	22301687	2	49.154	132.240
LG2	22303286	2	49.154	132.240
LG2	22319138	2	49.154	132.240
LG2	22331349	2	49.154	132.240
LG2	22331385	2	49.154	132.240
LG2	22331388	2	49.261	132.347
LG2	22331389	2	49.261	132.347
LG2	22354737	2	49.261	132.347
LG2	22364904	2	49.368	132.347
LG2	22388971	2	49.368	132.347
LG2	22394749	2	49.368	132.347
LG2	22394764	2	49.368	132.347
LG2	22394771	2	49.368	132.347
LG2	22400196	2	49.368	132.347
LG2	22407542	2	49.368	132.347
LG2	22420844	2	49.368	132.453
LG2	22436510	2	49.368	132.560
LG2	22436528	2	49.368	132.560
LG2	22464501	2	49.475	132.667
LG2	22482130	2	49.581	132.667
LG2	22486535	2	49.581	132.667
LG2	22496360	2	49.581	132.667
LG2	22496361	2	49.581	132.667
LG2	22536229	2	49.795	132.667
LG2	22556861	2	49.795	132.774
LG2	22556867	2	49.795	132.774
LG2	22582894	2	49.795	132.774
LG2	22582895	2	49.795	132.774
LG2	22632203	2	49.902	132.774
LG2	22632220	2	49.902	132.774
LG2	22632227	2	49.902	132.774
LG2	22635466	2	49.902	132.774
LG2	22647543	2	49.902	132.774
LG2	22648136	2	49.902	132.774
LG2	22648319	2	49.902	132.774
LG2	22699390	2	49.902	132.774
LG2	22699428	2	49.902	132.774
LG2	22705249	2	49.902	132.774
LG2	22709012	2	49.902	132.774
LG2	22751023	2	50.009	132.774
LG2	22792326	2	50.009	132.774
LG2	22792332	2	50.009	132.774
LG2	22817504	2	50.009	132.774
LG2	22834991	2	50.009	132.774
LG2	22835009	2	50.009	132.774
LG2	22835018	2	50.009	132.774
LG2	22835022	2	50.115	132.774
LG2	22835025	2	50.115	132.774
LG2	22835026	2	50.115	132.774
LG2	22839132	2	50.115	132.774
LG2	22839175	2	50.115	132.774
LG2	22848004	2	50.115	132.774
LG2	22848538	2	50.115	132.774
LG2	22857614	2	50.329	132.774
LG2	22906547	2	50.329	132.774
LG2	22981920	2	50.329	132.774
LG2	22990531	2	50.329	132.774
LG2	22990533	2	50.329	132.774
LG2	22990563	2	50.329	132.774
LG2	22990587	2	50.329	132.774
LG2	22998041	2	50.329	132.774
LG2	23001287	2	50.329	132.774
LG2	23003935	2	50.329	132.774
LG2	23003937	2	50.329	132.774
LG2	23003940	2	50.329	132.774
LG2	23004804	2	50.329	132.774
LG2	23005425	2	50.329	132.774
LG2	23005429	2	50.329	132.774
LG2	23061775	2	50.437	132.774
LG2	23062716	2	50.437	132.774
LG2	23062725	2	50.437	132.774
LG2	23062735	2	50.437	132.774
LG2	23066191	2	50.437	132.774
LG2	23099157	2	50.544	132.774
LG2	23149257	2	50.652	132.774
LG2	23149263	2	50.652	132.774
LG2	23149285	2	50.652	132.774
LG2	23149345	2	50.652	132.774
LG2	23179227	2	50.652	132.774
LG2	23179275	2	50.652	132.774
LG2	23200128	2	50.767	132.774
LG2	23228135	2	51.610	132.774
LG2	23311792	2	51.610	132.774
LG2	23327710	2	51.610	132.774
LG2	23463630	2	51.610	132.774
LG2	23472181	2	51.610	132.919
LG2	23472429	2	51.610	132.919
LG2	23488269	2	51.610	132.919
LG2	23488297	2	51.610	132.919
LG2	23488388	2	51.780	132.919
LG2	23509115	2	51.780	132.919
LG2	23529575	2	51.780	132.919
LG2	23545959	2	51.780	132.919
LG2	23561302	2	51.780	133.199
LG2	23570384	2	51.780	133.499
LG2	23579746	2	52.073	133.499
LG2	23696876	2	52.073	133.499
LG3	20763	3	0.000	0.000
LG3	37338	3	1.515	0.000
LG3	37420	3	1.741	0.569
LG3	72609	3	1.741	0.569
LG3	77679	3	1.741	0.569
LG3	81942	3	1.741	0.569
LG3	81963	3	1.741	0.569
LG3	91137	3	1.741	0.717
LG3	100074	3	1.741	0.717
LG3	126662	3	1.741	0.717
LG3	145115	3	1.741	0.717
LG3	151225	3	1.741	0.717
LG3	152893	3	1.741	0.717
LG3	152902	3	1.855	0.717
LG3	175457	3	1.855	0.717
LG3	176837	3	1.964	0.717
LG3	198574	3	1.964	0.717
LG3	198600	3	1.964	0.717
LG3	198619	3	2.070	0.717
LG3	210855	3	2.070	0.717
LG3	230765	3	2.070	0.717
LG3	230779	3	2.177	0.717
LG3	249938	3	2.284	0.717
LG3	270834	3	2.390	0.824
LG3	288893	3	2.390	0.824
LG3	294056	3	2.390	0.824
LG3	294060	3	2.390	0.824
LG3	294063	3	2.390	0.824
LG3	294064	3	2.390	0.824
LG3	295286	3	2.497	0.930
LG3	295289	3	2.497	0.930
LG3	336453	3	2.497	0.930
LG3	336460	3	2.497	0.930
LG3	346067	3	2.604	1.037
LG3	432977	3	2.604	1.037
LG3	432978	3	2.604	1.037
LG3	481634	3	2.604	1.037
LG3	489939	3	2.604	1.037
LG3	495328	3	2.604	1.144
LG3	510938	3	2.711	1.144
LG3	510963	3	2.711	1.144
LG3	552693	3	2.817	1.144
LG3	592728	3	3.031	1.144
LG3	593414	3	3.031	1.144
LG3	593434	3	3.245	1.144
LG3	593435	3	3.245	1.144
LG3	619519	3	3.245	1.144
LG3	621941	3	3.245	1.144
LG3	622121	3	3.245	1.144
LG3	629547	3	3.245	1.251
LG3	629579	3	3.245	1.357
LG3	634044	3	3.245	1.357
LG3	641889	3	3.245	1.357
LG3	657105	3	3.245	1.357
LG3	663851	3	3.245	1.464
LG3	672910	3	3.245	1.464
LG3	673735	3	3.351	1.678
LG3	681059	3	3.351	1.678
LG3	710053	3	3.565	1.678
LG3	733783	3	3.672	1.999
LG3	785932	3	3.993	1.999
LG3	786023	3	3.993	1.999
LG3	787545	3	4.099	1.999
LG3	790725	3	4.099	1.999
LG3	793785	3	4.206	2.105
LG3	874447	3	4.206	2.105
LG3	874466	3	4.206	2.105
LG3	892003	3	4.313	2.105
LG3	919018	3	4.313	2.212
LG3	919138	3	4.313	2.212
LG3	936702	3	4.313	2.212
LG3	971084	3	4.634	2.319
LG3	1031269	3	4.740	2.319
LG3	1049530	3	4.847	2.319
LG3	1074641	3	4.847	2.319
LG3	1127902	3	4.847	2.532
LG3	1159406	3	4.847	2.532
LG3	1160288	3	4.847	2.532
LG3	1160289	3	4.847	2.532
LG3	1162707	3	4.847	2.639
LG3	1162714	3	4.847	2.639
LG3	1194188	3	4.954	2.746
LG3	1194913	3	4.954	2.746
LG3	1194922	3	4.954	2.746
LG3	1220730	3	5.168	2.746
LG3	1229230	3	5.168	2.746
LG3	1322065	3	5.488	3.067
LG3	1385310	3	5.702	3.067
LG3	1388310	3	5.702	3.067
LG3	1408745	3	5.809	3.067
LG3	1409111	3	5.809	3.067
LG3	1411028	3	5.809	3.067
LG3	1419101	3	5.809	3.173
LG3	1430548	3	5.809	3.173
LG3	1438519	3	5.809	3.280
LG3	1452949	3	5.809	3.280
LG3	1452954	3	5.809	3.387
LG3	1471456	3	5.809	3.387
LG3	1471472	3	5.809	3.387
LG3	1471477	3	5.809	3.387
LG3	1472999	3	5.809	3.387
LG3	1486711	3	5.809	3.387
LG3	1489041	3	5.809	3.387
LG3	1489044	3	5.809	3.387
LG3	1621768	3	5.809	3.387
LG3	1621796	3	5.809	3.387
LG3	1649774	3	5.809	3.387
LG3	1653929	3	5.916	3.387
LG3	1676627	3	5.916	3.708
LG3	1705243	3	6.129	3.708
LG3	1735497	3	6.129	3.708
LG3	1759298	3	6.236	3.708
LG3	1759316	3	6.236	3.708
LG3	1766205	3	6.343	3.708
LG3	1766206	3	6.343	3.708
LG3	1766214	3	6.343	3.708
LG3	1781101	3	6.449	3.708
LG3	1806495	3	6.449	3.708
LG3	1811519	3	6.556	3.708
LG3	1828591	3	6.556	3.708
LG3	1922703	3	6.556	3.708
LG3	1941595	3	6.556	3.708
LG3	1955780	3	6.556	3.708
LG3	1957627	3	6.556	3.708
LG3	1957711	3	6.556	3.708
LG3	1958666	3	6.556	3.708
LG3	1975736	3	6.556	3.708
LG3	1975738	3	6.556	3.708
LG3	1975750	3	6.663	3.708
LG3	1975754	3	6.663	3.708
LG3	1975780	3	6.663	3.708
LG3	2021446	3	6.663	3.708
LG3	2021455	3	6.663	3.708
LG3	2021500	3	6.663	3.814
LG3	2021716	3	6.663	3.814
LG3	2021769	3	6.663	3.814
LG3	2034096	3	6.663	3.814
LG3	2034105	3	6.770	3.921
LG3	2034541	3	6.770	3.921
LG3	2034545	3	6.770	3.921
LG3	2034548	3	6.770	3.921
LG3	2045861	3	6.770	3.921
LG3	2047387	3	6.770	3.921
LG3	2047721	3	6.770	3.921
LG3	2053194	3	6.876	3.921
LG3	2064373	3	6.876	3.921
LG3	2077424	3	6.876	4.242
LG3	2088030	3	6.876	4.242
LG3	2110024	3	6.876	4.242
LG3	2110038	3	6.876	4.242
LG3	2110544	3	6.876	4.242
LG3	2110547	3	6.876	4.242
LG3	2127439	3	6.876	4.349
LG3	2131916	3	6.876	4.349
LG3	2131918	3	6.876	4.349
LG3	2131923	3	6.876	4.349
LG3	2133386	3	6.876	4.349
LG3	2139304	3	6.876	4.349
LG3	2140620	3	6.983	4.349
LG3	2149234	3	6.983	4.349
LG3	2149247	3	7.304	4.456
LG3	2153631	3	7.411	4.456
LG3	2175613	3	7.411	4.456
LG3	2186142	3	7.411	4.456
LG3	2193355	3	7.411	4.456
LG3	2193361	3	7.411	4.456
LG3	2193529	3	7.411	4.456
LG3	2193566	3	7.517	4.562
LG3	2241038	3	7.731	4.669
LG3	2241054	3	7.731	4.669
LG3	2241070	3	7.838	4.776
LG3	2293448	3	7.838	4.776
LG3	2293474	3	7.838	4.776
LG3	2296664	3	7.838	4.882
LG3	2296690	3	7.838	4.989
LG3	2298216	3	7.838	5.096
LG3	2298241	3	8.159	5.310
LG3	2318467	3	8.159	5.630
LG3	2331116	3	8.265	5.630
LG3	2331118	3	8.265	5.630
LG3	2355572	3	8.479	5.630
LG3	2382408	3	8.586	5.737
LG3	2390529	3	8.586	5.737
LG3	2390536	3	8.692	5.737
LG3	2397342	3	8.906	5.844
LG3	2397362	3	8.906	6.058
LG3	2407830	3	8.906	6.058
LG3	2407847	3	9.013	6.164
LG3	2407850	3	9.120	6.164
LG3	2416872	3	9.120	6.164
LG3	2469916	3	9.333	6.271
LG3	2481238	3	9.333	6.378
LG3	2481325	3	9.333	6.699
LG3	2487468	3	9.333	6.699
LG3	2496463	3	9.333	6.699
LG3	2544074	3	9.547	6.912
LG3	2555524	3	9.975	7.126
LG3	2560147	3	9.975	7.233
LG3	2564680	3	9.975	7.339
LG3	2564696	3	9.975	7.339
LG3	2566060	3	9.975	7.339
LG3	2701767	3	10.082	7.446
LG3	2701770	3	10.082	7.446
LG3	2701772	3	10.082	7.446
LG3	2714156	3	10.189	7.553
LG3	2714172	3	10.295	7.553
LG3	2714189	3	10.295	7.553
LG3	2714195	3	10.295	7.553
LG3	2714199	3	10.402	7.659
LG3	2714203	3	10.402	7.659
LG3	2714207	3	10.616	7.766
LG3	2740337	3	10.829	8.194
LG3	2752466	3	10.829	8.194
LG3	2760172	3	10.829	8.194
LG3	2792607	3	11.150	8.408
LG3	2801890	3	11.150	8.515
LG3	2801971	3	11.686	8.622
LG3	2801974	3	11.686	8.622
LG3	2802014	3	11.793	8.622
LG3	2812575	3	12.007	8.728
LG3	2815566	3	12.007	8.728
LG3	2822671	3	12.220	8.728
LG3	2843897	3	12.220	8.728
LG3	2856517	3	12.220	8.728
LG3	2856525	3	12.220	8.728
LG3	2865656	3	12.327	8.835
LG3	2867855	3	12.327	9.049
LG3	2886218	3	12.327	9.262
LG3	2886224	3	12.434	9.262
LG3	2886226	3	12.434	9.369
LG3	2917294	3	12.540	9.369
LG3	2917303	3	12.540	9.369
LG3	2925060	3	12.540	9.476
LG3	2925097	3	12.754	9.476
LG3	2946451	3	13.075	9.476
LG3	2946464	3	13.075	9.476
LG3	2946476	3	13.396	9.476
LG3	2946483	3	13.396	9.583
LG3	2991085	3	13.610	9.583
LG3	2991092	3	13.716	9.689
LG3	2998183	3	13.716	9.796
LG3	3000657	3	13.823	9.796
LG3	3000665	3	13.930	9.903
LG3	3053683	3	14.036	10.116
LG3	3053788	3	14.036	10.116
LG3	3055233	3	14.036	10.330
LG3	3055267	3	14.036	10.330
LG3	3065239	3	14.036	10.758
LG3	3080822	3	14.036	10.865
LG3	3083077	3	14.465	11.725
LG3	3127043	3	14.786	12.046
LG3	3143585	3	15.429	12.798
LG3	3217444	3	16.073	13.012
LG3	3236211	3	16.180	13.333
LG3	3242977	3	16.501	13.333
LG3	3242994	3	16.501	13.653
LG3	3282179	3	16.714	13.760
LG3	3290289	3	16.821	14.188
LG3	3298965	3	16.821	14.295
LG3	3299019	3	16.821	14.295
LG3	3299077	3	17.249	14.402
LG3	3313084	3	17.678	14.509
LG3	3325690	3	17.784	14.615
LG3	3332399	3	17.891	15.259
LG3	3336116	3	18.319	15.259
LG3	3376665	3	18.640	15.580
LG3	3391336	3	19.068	15.794
LG3	3402040	3	19.175	16.222
LG3	3488248	3	19.496	17.191
LG3	3518129	3	19.924	17.404
LG3	3529826	3	19.924	17.511
LG3	3529854	3	19.924	17.618
LG3	3529926	3	20.785	17.618
LG3	3530519	3	20.998	18.262
LG3	3542719	3	21.105	18.368
LG3	3585001	3	22.074	19.012
LG3	3596533	3	22.074	19.119
LG3	3619063	3	22.502	19.547
LG3	3623292	3	22.502	19.547
LG3	3623297	3	22.502	19.547
LG3	3623338	3	22.502	19.547
LG3	3699634	3	22.823	19.761
LG3	3717631	3	23.467	19.975
LG3	3717644	3	23.467	19.975
LG3	3724111	3	23.573	20.188
LG3	3740326	3	23.573	20.616
LG3	3740329	3	23.573	20.723
LG3	3761472	3	24.542	21.692
LG3	3761505	3	24.542	22.120
LG3	3818007	3	24.542	22.120
LG3	3818033	3	24.542	22.227
LG3	3836834	3	24.756	22.548
LG3	3850270	3	25.077	22.762
LG3	3850281	3	25.077	22.762
LG3	3850285	3	25.077	22.762
LG3	3883668	3	25.398	23.082
LG3	3913732	3	26.149	23.296
LG3	3926071	3	26.685	23.940
LG3	3926122	3	26.685	24.368
LG3	3926124	3	26.685	24.368
LG3	3926125	3	26.685	24.368
LG3	3981586	3	27.329	25.664
LG3	3981606	3	27.329	25.664
LG3	3981613	3	27.329	26.092
LG3	3981616	3	27.329	26.092
LG3	3981618	3	27.436	26.092
LG3	4015546	3	30.062	27.388
LG3	4021976	3	30.169	27.495
LG3	4045988	3	30.813	27.709
LG3	4054058	3	30.813	28.030
LG3	4125288	3	30.813	28.030
LG3	4130037	3	30.813	28.030
LG3	4130050	3	30.813	28.030
LG3	4130507	3	30.813	28.350
LG3	4147268	3	30.920	28.350
LG3	4184064	3	31.026	28.564
LG3	4184114	3	31.133	28.564
LG3	4186576	3	31.133	28.564
LG3	4190033	3	31.561	28.778
LG3	4192881	3	31.668	28.991
LG3	4219747	3	31.668	28.991
LG3	4230742	3	31.668	28.991
LG3	4238793	3	31.775	28.991
LG3	4240164	3	31.988	29.098
LG3	4240793	3	31.988	29.098
LG3	4240796	3	31.988	29.098
LG3	4242270	3	32.095	29.205
LG3	4272771	3	32.416	29.526
LG3	4298541	3	32.523	29.739
LG3	4298549	3	32.523	29.739
LG3	4325318	3	32.523	29.846
LG3	4325639	3	32.523	29.846
LG3	4325648	3	32.523	30.167
LG3	4325662	3	32.523	30.167
LG3	4325677	3	32.523	30.167
LG3	4326893	3	32.523	30.167
LG3	4338103	3	32.629	30.274
LG3	4348385	3	32.843	30.810
LG3	4370478	3	33.271	31.131
LG3	4377492	3	33.592	31.344
LG3	4386852	3	33.592	31.451
LG3	4430322	3	33.699	31.879
LG3	4438924	3	34.020	32.093
LG3	4439800	3	34.233	32.414
LG3	4548429	3	34.447	33.057
LG3	4557773	3	34.447	33.378
LG3	4567747	3	34.447	33.378
LG3	4598138	3	34.768	33.378
LG3	4611551	3	34.768	33.378
LG3	4620859	3	35.304	33.592
LG3	4641312	3	35.518	33.699
LG3	4641333	3	35.518	33.699
LG3	4666794	3	35.518	33.805
LG3	4672042	3	35.518	34.019
LG3	4672432	3	35.518	34.019
LG3	4672459	3	35.624	34.019
LG3	4702294	3	35.624	34.019
LG3	4709660	3	35.838	34.019
LG3	4735186	3	35.838	34.019
LG3	4735200	3	35.838	34.019
LG3	4735211	3	35.838	34.019
LG3	4736041	3	35.838	34.019
LG3	4749884	3	35.838	34.019
LG3	4768385	3	35.838	34.879
LG3	4783883	3	35.838	34.879
LG3	4783888	3	35.838	34.879
LG3	4784153	3	35.945	34.986
LG3	4787905	3	36.158	34.986
LG3	4787916	3	36.265	35.093
LG3	4799368	3	36.372	35.093
LG3	4799380	3	36.372	35.093
LG3	4812214	3	36.372	35.307
LG3	4823762	3	36.372	35.307
LG3	4861542	3	36.372	35.520
LG3	4869478	3	36.372	35.520
LG3	4869491	3	36.479	35.841
LG3	4887100	3	36.585	35.948
LG3	4890380	3	36.692	35.948
LG3	4900149	3	36.906	36.484
LG3	4951283	3	37.334	37.020
LG3	4964733	3	37.334	37.020
LG3	4964740	3	37.334	37.020
LG3	4967105	3	37.441	37.020
LG3	4981050	3	37.762	37.233
LG3	4995160	3	37.762	37.340
LG3	5049729	3	38.082	37.661
LG3	5049732	3	38.082	37.661
LG3	5058438	3	38.082	37.661
LG3	5095794	3	38.189	37.661
LG3	5096727	3	38.189	37.768
LG3	5096758	3	38.296	37.874
LG3	5138968	3	38.296	37.874
LG3	5148401	3	38.403	37.981
LG3	5150736	3	38.509	37.981
LG3	5150741	3	38.509	37.981
LG3	5179405	3	38.830	37.981
LG3	5179413	3	39.044	38.302
LG3	5247746	3	39.044	38.302
LG3	5248557	3	39.044	38.302
LG3	5252596	3	39.151	38.623
LG3	5252631	3	39.257	38.623
LG3	5252633	3	39.257	38.623
LG3	5269071	3	39.364	38.729
LG3	5269089	3	39.364	38.836
LG3	5306540	3	39.364	38.836
LG3	5325602	3	39.364	38.836
LG3	5341382	3	39.364	38.836
LG3	5357115	3	39.364	38.836
LG3	5377973	3	39.471	38.836
LG3	5377974	3	39.471	38.836
LG3	5377975	3	39.577	38.943
LG3	5412478	3	39.577	38.943
LG3	5424872	3	39.577	38.943
LG3	5425108	3	39.577	38.943
LG3	5428346	3	39.577	38.943
LG3	5428471	3	39.577	38.943
LG3	5430455	3	39.684	39.157
LG3	5435836	3	39.684	39.263
LG3	5436855	3	39.684	39.370
LG3	5463274	3	39.684	39.370
LG3	5505080	3	39.898	39.370
LG3	5505190	3	39.898	39.477
LG3	5513913	3	39.898	39.583
LG3	5554972	3	40.112	40.335
LG3	5564031	3	40.540	40.549
LG3	5622437	3	40.647	40.870
LG3	5695987	3	40.967	40.977
LG3	5710638	3	40.967	40.977
LG3	5710667	3	40.967	40.977
LG3	5710691	3	41.074	41.083
LG3	5724397	3	41.074	41.083
LG3	5737792	3	41.395	41.404
LG3	5776710	3	41.716	42.048
LG3	5824128	3	42.468	42.800
LG3	5831680	3	42.468	43.014
LG3	5949386	3	42.468	43.014
LG3	5949405	3	42.468	43.014
LG3	6003075	3	42.468	43.120
LG3	6010388	3	42.681	43.120
LG3	6025527	3	42.681	43.120
LG3	6025535	3	42.681	43.120
LG3	6043381	3	42.681	43.227
LG3	6043411	3	42.788	43.334
LG3	6059156	3	42.788	43.334
LG3	6089844	3	42.788	43.440
LG3	6159362	3	42.788	43.440
LG3	6159390	3	42.788	43.440
LG3	6159400	3	43.002	43.547
LG3	6215073	3	43.002	43.868
LG3	6219036	3	43.002	43.975
LG3	6219065	3	43.002	43.975
LG3	6222849	3	43.108	44.081
LG3	6222870	3	43.108	44.081
LG3	6238001	3	43.108	44.081
LG3	6258968	3	43.108	44.081
LG3	6261129	3	43.108	44.081
LG3	6261187	3	43.215	44.081
LG3	6270079	3	43.322	44.081
LG3	6276263	3	43.429	44.081
LG3	6276423	3	43.429	44.081
LG3	6276424	3	43.642	44.295
LG3	6286069	3	44.178	44.509
LG3	6326397	3	44.392	45.153
LG3	6346331	3	44.392	45.366
LG3	6346362	3	44.392	45.473
LG3	6361719	3	44.392	45.580
LG3	6444204	3	44.392	45.686
LG3	6447592	3	44.392	45.793
LG3	6477072	3	44.499	45.900
LG3	6477075	3	44.499	46.007
LG3	6477077	3	44.499	46.007
LG3	6496802	3	44.499	46.007
LG3	6547192	3	44.605	46.435
LG3	6558438	3	44.605	46.435
LG3	6565085	3	44.605	46.435
LG3	6565098	3	44.605	46.435
LG3	6573722	3	44.712	46.542
LG3	6588663	3	44.712	46.755
LG3	6595683	3	44.712	46.969
LG3	6600605	3	44.712	46.969
LG3	6600638	3	44.819	46.969
LG3	6608611	3	44.819	46.969
LG3	6634069	3	44.819	47.183
LG3	6649971	3	44.819	47.183
LG3	6658954	3	45.032	47.183
LG3	6702830	3	45.139	47.183
LG3	6715010	3	45.246	47.289
LG3	6720140	3	45.246	47.289
LG3	6722813	3	45.246	47.503
LG3	6741999	3	45.353	47.717
LG3	6783392	3	45.353	47.823
LG3	6783435	3	45.459	47.823
LG3	6788232	3	45.673	47.930
LG3	6800096	3	46.101	48.144
LG3	6800105	3	46.101	48.144
LG3	6891359	3	46.101	48.144
LG3	6919750	3	46.208	48.144
LG3	6930543	3	46.208	48.358
LG3	6930550	3	46.208	48.358
LG3	6936276	3	46.422	48.786
LG3	6941548	3	46.528	49.322
LG3	7080477	3	46.742	49.428
LG3	7131536	3	46.742	49.535
LG3	7143409	3	46.742	49.535
LG3	7143521	3	46.956	49.535
LG3	7170925	3	46.956	49.749
LG3	7180557	3	46.956	49.856
LG3	7253660	3	47.277	50.176
LG3	7253679	3	47.277	50.176
LG3	7253702	3	47.383	50.176
LG3	7261379	3	47.704	50.928
LG3	7277658	3	47.918	51.142
LG3	7279776	3	47.918	51.249
LG3	7392323	3	48.132	51.462
LG3	7398746	3	48.238	51.676
LG3	7399672	3	48.238	51.676
LG3	7436047	3	48.238	51.676
LG3	7436064	3	48.238	51.676
LG3	7436097	3	48.238	51.676
LG3	7436117	3	48.238	51.676
LG3	7436124	3	48.238	51.783
LG3	7438708	3	48.452	51.996
LG3	7508103	3	48.773	52.532
LG3	7511952	3	48.773	52.532
LG3	7517553	3	48.773	52.532
LG3	7536658	3	48.773	52.532
LG3	7536972	3	48.773	52.532
LG3	7562566	3	48.773	52.961
LG3	7595109	3	49.525	53.067
LG3	7596048	3	49.738	53.281
LG3	7714821	3	49.952	54.250
LG3	7718804	3	50.273	54.250
LG3	7790917	3	50.273	54.250
LG3	7851175	3	50.273	54.250
LG3	7851256	3	50.380	54.464
LG3	7947628	3	50.593	54.784
LG3	7952645	3	50.700	54.784
LG3	7972594	3	50.807	54.891
LG3	7973081	3	50.914	54.891
LG3	7993145	3	51.020	54.891
LG3	8040847	3	51.020	54.891
LG3	8059456	3	51.020	55.105
LG3	8091413	3	51.127	55.211
LG3	8091430	3	51.341	55.211
LG3	8096384	3	51.341	55.211
LG3	8096411	3	51.341	55.211
LG3	8116097	3	51.341	55.211
LG3	8123564	3	51.341	55.211
LG3	8133180	3	51.447	55.425
LG3	8147190	3	51.447	55.425
LG3	8149206	3	51.447	55.532
LG3	8173646	3	51.447	55.639
LG3	8201423	3	51.447	55.639
LG3	8220956	3	51.554	55.959
LG3	8262699	3	51.661	56.066
LG3	8262700	3	51.661	56.066
LG3	8262731	3	51.661	56.066
LG3	8278018	3	51.661	56.173
LG3	8284391	3	51.661	56.173
LG3	8306183	3	51.661	56.173
LG3	8376837	3	51.661	56.494
LG3	8456722	3	51.661	56.600
LG3	8458403	3	51.661	56.707
LG3	8469167	3	51.661	56.814
LG3	8481779	3	51.661	56.814
LG3	8576980	3	51.661	56.814
LG3	8584356	3	51.661	56.814
LG3	8588881	3	51.661	56.814
LG3	8588887	3	51.661	56.814
LG3	8588902	3	51.661	56.814
LG3	8591271	3	51.661	56.814
LG3	8591280	3	51.661	56.814
LG3	8599065	3	51.661	56.814
LG3	8599067	3	51.661	56.814
LG3	8631428	3	51.768	56.921
LG3	8631437	3	51.768	57.027
LG3	8631465	3	51.768	57.134
LG3	8633506	3	51.768	57.134
LG3	8643240	3	51.768	57.670
LG3	8649480	3	51.874	57.670
LG3	8649487	3	51.874	57.670
LG3	8658768	3	51.981	58.098
LG3	8813503	3	52.195	58.098
LG3	8862419	3	52.195	58.205
LG3	8933501	3	52.623	58.312
LG3	9029881	3	52.730	58.418
LG3	9037781	3	52.836	58.632
LG3	9110817	3	52.836	59.060
LG3	9138318	3	52.836	59.060
LG3	9138330	3	52.836	59.167
LG3	9196599	3	52.943	59.167
LG3	9196775	3	52.943	59.167
LG3	9212809	3	52.943	59.167
LG3	9276255	3	52.943	59.274
LG3	9288255	3	52.943	59.274
LG3	9300880	3	52.943	59.381
LG3	9333250	3	52.943	59.487
LG3	9340535	3	52.943	59.487
LG3	9352597	3	53.050	59.487
LG3	9424116	3	53.050	59.487
LG3	9521752	3	53.050	59.594
LG3	9528878	3	53.050	59.594
LG3	9620509	3	53.050	59.915
LG3	9620788	3	53.263	60.236
LG3	9622167	3	53.263	60.236
LG3	9622172	3	53.263	60.236
LG3	9623336	3	53.263	60.236
LG3	9623345	3	53.263	60.236
LG3	9623916	3	53.263	60.236
LG3	9681317	3	53.477	60.236
LG3	9681331	3	53.477	60.236
LG3	9708511	3	53.477	60.342
LG3	9733163	3	53.584	60.878
LG3	9754370	3	53.584	61.092
LG3	9782898	3	53.798	61.092
LG3	9782901	3	53.798	61.199
LG3	9806782	3	53.798	61.199
LG3	9819357	3	53.798	61.412
LG3	9819360	3	53.798	61.412
LG3	9819375	3	53.798	61.412
LG3	9825153	3	53.798	61.626
LG3	9825205	3	53.798	61.840
LG3	9862687	3	53.798	62.053
LG3	9865857	3	53.798	62.160
LG3	9902821	3	53.798	62.160
LG3	9924007	3	53.798	62.267
LG3	9940527	3	53.798	62.267
LG3	9940567	3	53.904	62.267
LG3	9963258	3	53.904	62.267
LG3	9963969	3	53.904	62.267
LG3	9963970	3	53.904	62.267
LG3	9969990	3	53.904	62.267
LG3	9970018	3	53.904	62.267
LG3	10003756	3	53.904	62.374
LG3	10003757	3	53.904	62.374
LG3	10019392	3	53.904	62.374
LG3	10019398	3	53.904	62.480
LG3	10033575	3	54.011	62.480
LG3	10034691	3	54.011	62.587
LG3	10046048	3	54.011	62.587
LG3	10071756	3	54.011	62.587
LG3	10136655	3	54.011	62.801
LG3	10140875	3	54.011	62.907
LG3	10147268	3	54.118	63.121
LG3	10212415	3	54.224	63.335
LG3	10216718	3	54.331	63.871
LG3	10216725	3	54.545	63.871
LG3	10263651	3	54.545	63.871
LG3	10293587	3	54.652	63.871
LG3	10360629	3	54.758	63.977
LG3	10374173	3	54.758	64.084
LG3	10405983	3	54.758	64.298
LG3	10416594	3	54.865	64.298
LG3	10416608	3	54.865	64.405
LG3	10426347	3	54.865	64.405
LG3	10446369	3	54.865	64.833
LG3	10461855	3	54.865	64.833
LG3	10473410	3	54.865	64.833
LG3	10473424	3	54.865	64.833
LG3	10481803	3	54.865	65.047
LG3	10487632	3	54.865	65.153
LG3	10499587	3	54.865	65.260
LG3	10499614	3	54.865	65.581
LG3	10511807	3	54.865	65.688
LG3	10532688	3	54.865	65.688
LG3	10532739	3	54.865	65.688
LG3	10537539	3	54.972	65.688
LG3	10544073	3	54.972	65.688
LG3	10568333	3	55.078	65.794
LG3	10584870	3	55.185	65.794
LG3	10597555	3	55.185	65.901
LG3	10623429	3	55.185	65.901
LG3	10647682	3	55.185	65.901
LG3	10647683	3	55.185	65.901
LG3	10655300	3	55.185	66.222
LG3	10659662	3	55.185	66.222
LG3	10659680	3	55.185	66.329
LG3	10720391	3	55.185	66.757
LG3	10720413	3	55.185	66.757
LG3	10737222	3	55.185	66.757
LG3	10760366	3	55.292	67.293
LG3	10760367	3	55.292	67.293
LG3	10770792	3	55.292	67.400
LG3	10771403	3	55.292	67.506
LG3	10771406	3	55.292	67.506
LG3	10771468	3	55.292	67.506
LG3	10783443	3	55.292	67.506
LG3	10783465	3	55.292	67.506
LG3	10798484	3	55.399	67.613
LG3	10800165	3	55.399	67.613
LG3	10800189	3	55.399	67.720
LG3	10886779	3	55.505	67.826
LG3	10899559	3	55.505	68.147
LG3	10936681	3	55.505	68.361
LG3	10989552	3	55.505	68.468
LG3	11007628	3	55.505	68.468
LG3	11010009	3	55.505	68.468
LG3	11041496	3	55.505	68.574
LG3	11041510	3	55.505	68.681
LG3	11066295	3	55.505	68.681
LG3	11067971	3	55.505	68.681
LG3	11067982	3	55.505	68.681
LG3	11067985	3	55.505	68.681
LG3	11071916	3	55.505	69.002
LG3	11080850	3	55.505	69.646
LG3	11083858	3	55.505	69.859
LG3	11104568	3	55.505	70.073
LG3	11117558	3	55.505	70.501
LG3	11250029	3	55.612	70.608
LG3	11250045	3	55.612	70.715
LG3	11250055	3	55.612	71.036
LG3	11253781	3	55.612	71.142
LG3	11253807	3	55.612	71.142
LG3	11259453	3	55.612	71.356
LG3	11323783	3	55.612	71.784
LG3	11360908	3	55.612	71.784
LG3	11365253	3	55.612	71.784
LG3	11379663	3	55.612	71.891
LG3	11434705	3	55.612	71.891
LG3	11498319	3	55.612	72.105
LG3	11534801	3	55.719	72.533
LG3	11557003	3	55.719	72.533
LG3	11557016	3	55.719	72.533
LG3	11579189	3	55.719	72.640
LG3	11583413	3	55.719	72.746
LG3	11593074	3	55.719	72.746
LG3	11605926	3	55.719	72.853
LG3	11630571	3	55.719	72.960
LG3	11635376	3	55.826	72.960
LG3	11658322	3	55.826	73.281
LG3	11658330	3	55.826	73.709
LG3	11735560	3	55.826	74.137
LG3	11760147	3	55.826	74.458
LG3	11760166	3	55.826	74.994
LG3	11809504	3	55.826	75.101
LG3	11843430	3	55.932	75.208
LG3	11932674	3	56.039	75.528
LG3	11933958	3	56.039	75.742
LG3	12062963	3	56.039	75.742
LG3	12067708	3	56.039	76.063
LG3	12067726	3	56.039	76.063
LG3	12067735	3	56.039	76.277
LG3	12067743	3	56.039	76.277
LG3	12075504	3	56.039	76.277
LG3	12096781	3	56.039	76.383
LG3	12096831	3	56.039	76.383
LG3	12101555	3	56.039	76.597
LG3	12132979	3	56.039	76.704
LG3	12137025	3	56.039	77.025
LG3	12137094	3	56.039	77.025
LG3	12137096	3	56.039	77.025
LG3	12137102	3	56.039	77.025
LG3	12137103	3	56.039	77.025
LG3	12235542	3	56.039	77.345
LG3	12262424	3	56.039	77.345
LG3	12266838	3	56.039	77.345
LG3	12303600	3	56.039	77.345
LG3	12311826	3	56.039	77.559
LG3	12311867	3	56.039	77.987
LG3	12397856	3	56.039	77.987
LG3	12397868	3	56.039	77.987
LG3	12421234	3	56.146	78.201
LG3	12442597	3	56.252	78.308
LG3	12459456	3	56.252	78.308
LG3	12466929	3	56.252	78.414
LG3	12466963	3	56.252	78.414
LG3	12469345	3	56.252	78.414
LG3	12472808	3	56.252	78.735
LG3	12472821	3	56.252	78.735
LG3	12487021	3	56.252	78.842
LG3	12525510	3	56.252	78.949
LG3	12581037	3	56.252	79.055
LG3	12630126	3	56.252	79.376
LG3	12631325	3	56.252	79.483
LG3	12651562	3	56.252	79.590
LG3	12657395	3	56.252	79.590
LG3	12657406	3	56.359	79.697
LG3	12662986	3	56.359	79.697
LG3	12679964	3	56.359	79.910
LG3	12683451	3	56.359	79.910
LG3	12683471	3	56.359	79.910
LG3	12702100	3	56.359	79.910
LG3	12713848	3	56.359	80.124
LG3	12736206	3	56.359	80.124
LG3	12736224	3	56.359	80.124
LG3	12763842	3	56.359	80.231
LG3	12763869	3	56.359	80.231
LG3	12783931	3	56.359	80.231
LG3	12783957	3	56.359	80.231
LG3	12785999	3	56.359	80.231
LG3	12793462	3	56.359	80.337
LG3	12793463	3	56.359	80.337
LG3	12795629	3	56.359	80.444
LG3	12795630	3	56.359	80.444
LG3	12843558	3	56.359	80.980
LG3	12843570	3	56.359	81.087
LG3	12848013	3	56.359	81.300
LG3	12905206	3	56.359	81.407
LG3	12926974	3	56.359	81.407
LG3	12927118	3	56.359	81.514
LG3	12927141	3	56.359	81.514
LG3	12930531	3	56.359	81.621
LG3	12951073	3	56.359	81.834
LG3	12953358	3	56.359	81.834
LG3	12953376	3	56.359	81.834
LG3	12989969	3	56.359	81.834
LG3	12989981	3	56.359	81.834
LG3	13040664	3	56.359	81.834
LG3	13070716	3	56.359	81.834
LG3	13070717	3	56.359	81.834
LG3	13091557	3	56.359	81.834
LG3	13096798	3	56.359	81.834
LG3	13096808	3	56.359	81.834
LG3	13122891	3	56.359	81.941
LG3	13127186	3	56.359	81.941
LG3	13127201	3	56.359	82.155
LG3	13127206	3	56.359	82.155
LG3	13180714	3	56.359	82.261
LG3	13282036	3	56.359	82.261
LG3	13282054	3	56.359	82.261
LG3	13288081	3	56.359	82.368
LG3	13288119	3	56.466	82.368
LG3	13324840	3	56.466	82.368
LG3	13405468	3	56.466	82.368
LG3	13405469	3	56.466	82.368
LG3	13405480	3	56.466	82.368
LG3	13405509	3	56.466	82.368
LG3	13406519	3	56.466	82.475
LG3	13475025	3	56.466	82.581
LG3	13475053	3	56.466	82.795
LG3	13483036	3	56.466	82.795
LG3	13532818	3	56.466	82.795
LG3	13536523	3	56.466	82.795
LG3	13694399	3	56.466	82.902
LG3	13696195	3	56.466	82.902
LG3	13696934	3	56.466	82.902
LG3	13746141	3	56.466	83.009
LG3	13746154	3	56.466	83.009
LG3	13746186	3	56.466	83.009
LG3	13827713	3	56.466	83.009
LG3	13868695	3	56.466	83.009
LG3	14009342	3	56.466	83.009
LG3	14019442	3	56.466	83.115
LG3	14036942	3	56.466	83.115
LG3	14036944	3	56.466	83.115
LG3	14036955	3	56.466	83.115
LG3	14058440	3	56.466	83.115
LG3	14074196	3	56.466	83.115
LG3	14080700	3	56.466	83.115
LG3	14112836	3	56.466	83.115
LG3	14140841	3	56.466	83.115
LG3	14171212	3	56.466	83.222
LG3	14260674	3	56.466	83.222
LG3	14267594	3	56.466	83.222
LG3	14290396	3	56.466	83.543
LG3	14295159	3	56.466	83.543
LG3	14295368	3	56.466	83.543
LG3	14348418	3	56.466	83.543
LG3	14356081	3	56.466	83.543
LG3	14356119	3	56.466	83.543
LG3	14356171	3	56.466	83.543
LG3	14356174	3	56.466	83.543
LG3	14356353	3	56.466	83.543
LG3	14378467	3	56.466	83.757
LG3	14421867	3	56.466	83.757
LG3	14440163	3	56.466	83.757
LG3	14546993	3	56.466	83.757
LG3	14568092	3	56.466	83.757
LG3	14611892	3	56.466	83.757
LG3	14680254	3	56.466	83.757
LG3	14688499	3	56.573	83.757
LG3	14856807	3	56.573	83.757
LG3	15166314	3	56.573	83.863
LG3	15239750	3	56.573	84.292
LG3	15296489	3	56.573	84.720
LG3	15485297	3	56.679	85.041
LG3	15665985	3	56.679	85.147
LG3	15685363	3	56.679	85.147
LG3	15695092	3	56.679	85.899
LG3	15711027	3	56.679	86.651
LG3	15736139	3	56.679	86.758
LG3	15736198	3	56.786	88.383
LG3	15888849	3	56.786	89.027
LG3	15943653	3	56.786	89.348
LG3	15974238	3	56.786	90.425
LG3	15974240	3	56.786	90.854
LG3	16046900	3	56.786	91.175
LG3	16046934	3	56.786	91.175
LG3	16046948	3	56.786	91.388
LG3	16140613	3	56.786	92.140
LG3	16167792	3	56.786	92.461
LG3	16167808	3	56.786	92.461
LG3	16204220	3	56.786	92.461
LG3	16367702	3	56.786	92.568
LG3	16373569	3	56.786	92.674
LG3	16417940	3	56.786	92.888
LG3	16417952	3	56.786	93.424
LG3	16417955	3	56.786	93.852
LG3	16454296	3	56.786	94.066
LG3	16500934	3	56.786	94.494
LG3	16524064	3	57.107	95.030
LG3	16585745	3	57.214	95.890
LG3	16698796	3	57.214	96.319
LG3	16754572	3	57.214	96.425
LG3	16762342	3	57.214	96.961
LG3	16762360	3	57.214	96.961
LG3	16762363	3	57.214	96.961
LG3	16762383	3	57.214	97.605
LG3	16838340	3	57.214	98.465
LG3	16905073	3	57.214	98.572
LG3	16905284	3	57.214	98.893
LG3	16905292	3	57.214	98.893
LG3	16929335	3	57.320	99.537
LG3	16948117	3	57.427	99.965
LG3	16950430	3	57.427	100.179
LG3	16950447	3	57.427	100.179
LG3	17108094	3	57.427	100.715
LG3	17114723	3	57.427	101.035
LG3	17114766	3	57.427	101.356
LG3	17320127	3	57.427	102.543
LG3	17372525	3	57.427	103.079
LG3	17420778	3	57.427	103.615
LG3	17515254	3	57.534	104.475
LG3	17540663	3	57.534	104.689
LG3	17540698	3	57.641	104.902
LG3	17596911	3	57.641	105.010
LG3	17638374	3	57.641	105.117
LG3	17640796	3	57.748	105.225
LG3	17714564	3	57.856	105.332
LG3	17714568	3	57.856	105.332
LG3	17738720	3	57.856	105.441
LG3	17738739	3	57.856	105.441
LG3	17738744	3	57.856	105.550
LG3	17770541	3	57.967	105.658
LG3	17777217	3	58.080	105.772
LG3	17779398	3	58.323	105.888
LG3	17779448	3	58.715	106.010
LG3	17854425	3	58.860	106.010
LG3	17858876	3	59.213	106.010
LG3	17865765	3	59.213	106.010
LG3	17888199	3	59.213	106.010
LG4	92574	4	0.000	0.000
LG4	119362	4	0.000	0.000
LG4	152551	4	0.000	0.000
LG4	163984	4	0.000	0.000
LG4	172579	4	0.000	0.000
LG4	175698	4	0.401	0.000
LG4	267201	4	0.401	0.000
LG4	279969	4	0.401	0.000
LG4	321001	4	0.401	0.000
LG4	354837	4	0.401	0.000
LG4	464981	4	0.401	0.000
LG4	514709	4	0.401	0.000
LG4	523435	4	0.509	0.000
LG4	533064	4	0.509	0.000
LG4	541877	4	0.617	0.000
LG4	541879	4	0.617	0.000
LG4	577009	4	0.617	0.000
LG4	600225	4	0.617	0.000
LG4	600294	4	0.724	0.109
LG4	600309	4	0.724	0.109
LG4	645835	4	0.724	0.109
LG4	645844	4	0.724	0.109
LG4	779896	4	0.724	0.109
LG4	781023	4	0.724	0.109
LG4	839082	4	0.724	0.109
LG4	840267	4	0.724	0.109
LG4	856332	4	0.724	0.109
LG4	856354	4	0.724	0.109
LG4	869324	4	0.724	0.109
LG4	893526	4	0.724	0.109
LG4	923310	4	0.724	0.109
LG4	923671	4	0.724	0.109
LG4	943798	4	0.724	0.109
LG4	971732	4	0.831	0.109
LG4	971779	4	0.831	0.109
LG4	971782	4	0.831	0.109
LG4	980025	4	0.831	0.109
LG4	980061	4	0.831	0.109
LG4	988648	4	0.831	0.109
LG4	996991	4	0.831	0.109
LG4	996996	4	0.831	0.109
LG4	996997	4	0.831	0.109
LG4	997020	4	0.831	0.109
LG4	1009553	4	0.938	0.109
LG4	1009578	4	0.938	0.109
LG4	1032277	4	0.938	0.109
LG4	1032283	4	0.938	0.109
LG4	1100763	4	0.938	0.109
LG4	1112430	4	1.151	0.109
LG4	1124865	4	1.258	0.109
LG4	1124871	4	1.258	0.109
LG4	1138147	4	1.258	0.216
LG4	1223005	4	1.258	0.216
LG4	1223050	4	1.365	0.216
LG4	1223052	4	1.365	0.216
LG4	1224660	4	1.471	0.429
LG4	1257374	4	1.471	0.429
LG4	1257384	4	1.471	0.429
LG4	1257403	4	1.471	0.429
LG4	1257408	4	1.471	0.750
LG4	1259374	4	1.578	0.964
LG4	1267262	4	1.685	0.964
LG4	1267271	4	1.685	0.964
LG4	1270784	4	1.899	1.285
LG4	1320971	4	2.005	1.285
LG4	1365142	4	2.112	1.498
LG4	1384103	4	2.112	1.498
LG4	1398906	4	2.112	1.498
LG4	1459991	4	2.540	1.712
LG4	1459999	4	2.754	2.033
LG4	1460595	4	2.754	2.140
LG4	1460599	4	2.754	2.140
LG4	1460603	4	3.614	2.246
LG4	1517546	4	4.042	2.460
LG4	1530049	4	4.042	2.460
LG4	1646673	4	4.149	2.460
LG4	1646686	4	4.149	2.460
LG4	1652765	4	4.363	2.460
LG4	1683660	4	4.470	2.996
LG4	1683685	4	4.470	3.103
LG4	1687270	4	4.576	3.103
LG4	1692323	4	4.683	3.316
LG4	1708489	4	5.327	3.316
LG4	1723301	4	5.327	3.423
LG4	1739522	4	5.541	3.637
LG4	1770168	4	5.541	3.637
LG4	1814699	4	5.861	3.958
LG4	1816074	4	6.075	4.494
LG4	1841471	4	6.075	4.494
LG4	1869301	4	6.075	4.600
LG4	1901761	4	6.182	4.600
LG4	1902760	4	6.182	4.600
LG4	1906351	4	6.288	4.707
LG4	1957263	4	6.395	4.921
LG4	1959364	4	6.395	5.027
LG4	1959368	4	6.395	5.027
LG4	1959369	4	6.395	5.027
LG4	1960491	4	6.502	5.134
LG4	1966510	4	6.502	5.241
LG4	1966540	4	6.502	5.241
LG4	1983209	4	6.502	5.241
LG4	1988330	4	6.502	5.348
LG4	2002077	4	6.609	5.454
LG4	2005686	4	6.609	5.668
LG4	2005708	4	6.609	5.668
LG4	2037481	4	6.609	5.668
LG4	2044801	4	6.609	5.668
LG4	2046134	4	6.822	5.668
LG4	2092863	4	6.822	5.775
LG4	2099882	4	6.929	5.988
LG4	2124950	4	6.929	5.988
LG4	2149504	4	6.929	6.417
LG4	2153466	4	6.929	6.417
LG4	2155867	4	7.036	6.417
LG4	2155877	4	7.143	6.417
LG4	2155940	4	7.143	6.417
LG4	2163992	4	7.249	6.417
LG4	2186288	4	7.463	6.523
LG4	2206140	4	7.570	6.523
LG4	2206153	4	7.570	6.523
LG4	2206160	4	7.570	6.523
LG4	2215550	4	7.676	6.844
LG4	2222228	4	7.676	6.844
LG4	2225502	4	7.890	6.844
LG4	2233708	4	7.890	6.844
LG4	2258083	4	7.890	6.844
LG4	2274714	4	7.997	6.951
LG4	2278169	4	8.103	7.058
LG4	2280264	4	8.103	7.058
LG4	2280298	4	8.103	7.058
LG4	2282339	4	8.103	7.164
LG4	2282361	4	8.103	7.271
LG4	2282840	4	8.210	7.592
LG4	2293721	4	8.210	7.592
LG4	2341161	4	8.317	7.913
LG4	2341185	4	8.317	7.913
LG4	2341190	4	8.317	7.913
LG4	2376948	4	8.317	8.020
LG4	2397963	4	8.317	8.233
LG4	2408922	4	8.424	8.233
LG4	2409221	4	8.852	8.233
LG4	2413067	4	8.959	8.233
LG4	2413086	4	8.959	8.233
LG4	2415940	4	8.959	8.233
LG4	2415975	4	8.959	8.233
LG4	2420859	4	8.959	8.233
LG4	2421052	4	9.280	8.233
LG4	2424274	4	9.280	8.447
LG4	2424302	4	9.280	8.447
LG4	2448763	4	9.386	8.661
LG4	2458663	4	9.493	8.661
LG4	2469104	4	9.493	8.661
LG4	2469353	4	9.493	8.661
LG4	2484393	4	9.921	8.981
LG4	2499967	4	10.028	8.981
LG4	2500266	4	10.135	9.195
LG4	2533503	4	10.348	9.195
LG4	2573686	4	10.455	9.302
LG4	2581783	4	10.669	9.302
LG4	2598709	4	10.669	9.515
LG4	2598710	4	10.669	9.622
LG4	2612597	4	10.775	9.622
LG4	2621273	4	10.775	9.729
LG4	2625716	4	10.775	10.050
LG4	2626592	4	10.775	10.157
LG4	2644216	4	10.882	10.477
LG4	2653870	4	11.203	10.691
LG4	2702873	4	11.417	10.905
LG4	2704195	4	11.417	11.011
LG4	2704436	4	11.523	11.011
LG4	2704439	4	11.523	11.011
LG4	2712060	4	11.630	11.225
LG4	2728473	4	11.737	11.225
LG4	2762071	4	11.844	11.439
LG4	2788875	4	12.057	11.439
LG4	2793430	4	12.057	11.439
LG4	2796311	4	12.057	11.439
LG4	2804287	4	12.057	11.546
LG4	2805892	4	12.164	11.866
LG4	2805977	4	12.164	11.973
LG4	2809991	4	12.164	11.973
LG4	2822251	4	12.164	12.187
LG4	2829857	4	12.164	12.293
LG4	2831320	4	12.378	12.507
LG4	2840135	4	12.484	12.614
LG4	2848892	4	12.591	12.614
LG4	2866451	4	12.805	12.828
LG4	2866500	4	12.805	12.828
LG4	2869799	4	12.805	13.148
LG4	2876708	4	13.018	13.362
LG4	2893460	4	13.018	13.576
LG4	2933029	4	13.018	14.112
LG4	2933072	4	13.447	14.540
LG4	2952001	4	13.553	14.861
LG4	2952010	4	13.553	14.861
LG4	2968282	4	13.767	15.074
LG4	2998190	4	13.874	15.181
LG4	2998197	4	13.874	15.181
LG4	2998208	4	13.981	15.181
LG4	2998224	4	14.194	15.395
LG4	2998957	4	14.515	15.823
LG4	2998962	4	14.515	15.823
LG4	3003986	4	14.515	15.930
LG4	3004735	4	14.515	16.251
LG4	3006480	4	14.622	16.251
LG4	3006494	4	14.622	16.251
LG4	3016317	4	14.622	16.357
LG4	3053095	4	14.622	16.357
LG4	3053391	4	14.622	16.464
LG4	3064291	4	14.622	16.678
LG4	3104073	4	14.622	16.785
LG4	3104156	4	14.729	16.785
LG4	3128343	4	14.835	16.785
LG4	3141669	4	14.942	17.105
LG4	3160214	4	15.156	17.105
LG4	3187816	4	15.584	17.641
LG4	3187821	4	15.584	17.855
LG4	3187849	4	15.905	17.962
LG4	3201929	4	16.012	18.283
LG4	3221777	4	16.118	18.496
LG4	3239908	4	16.118	18.925
LG4	3239979	4	16.332	19.138
LG4	3249150	4	16.332	19.138
LG4	3249188	4	16.332	19.138
LG4	3270294	4	16.332	19.459
LG4	3281161	4	16.546	19.566
LG4	3291566	4	16.652	19.673
LG4	3299530	4	16.866	20.208
LG4	3331446	4	16.973	20.315
LG4	3386956	4	17.079	20.851
LG4	3452246	4	17.186	21.603
LG4	3495994	4	17.400	21.710
LG4	3496860	4	17.400	21.816
LG4	3504992	4	17.400	21.923
LG4	3504997	4	17.400	21.923
LG4	3512115	4	17.721	22.783
LG4	3512123	4	18.149	22.890
LG4	3582812	4	18.470	22.997
LG4	3605235	4	18.470	23.210
LG4	3617424	4	18.470	23.210
LG4	3694947	4	18.470	23.210
LG4	3694974	4	18.470	23.210
LG4	3694994	4	18.470	23.210
LG4	3721744	4	18.470	23.210
LG4	3797192	4	19.006	23.317
LG4	3797216	4	19.219	23.317
LG4	3802592	4	19.326	23.424
LG4	3806826	4	19.326	23.531
LG4	3826156	4	19.433	23.531
LG4	3826167	4	19.433	23.531
LG4	3826174	4	19.647	23.531
LG4	3826195	4	19.860	23.852
LG4	3835157	4	19.860	23.852
LG4	3848591	4	20.074	24.280
LG4	3848616	4	20.181	24.280
LG4	3857218	4	20.287	24.387
LG4	3909208	4	20.501	24.387
LG4	3971054	4	20.501	24.493
LG4	3978133	4	20.715	24.600
LG4	4007361	4	20.715	24.707
LG4	4010147	4	20.715	24.920
LG4	4010148	4	20.715	24.920
LG4	4010230	4	20.715	24.920
LG4	4022310	4	21.036	25.349
LG4	4022313	4	21.036	25.349
LG4	4022321	4	21.036	25.669
LG4	4050566	4	21.142	25.883
LG4	4138037	4	21.142	25.990
LG4	4177437	4	21.249	26.097
LG4	4183563	4	21.249	26.740
LG4	4203946	4	21.785	26.847
LG4	4225423	4	21.785	27.383
LG4	4232406	4	21.785	27.490
LG4	4262074	4	21.892	27.490
LG4	4262120	4	22.213	27.490
LG4	4322755	4	22.319	27.703
LG4	4332342	4	22.533	27.810
LG4	4332365	4	22.747	27.810
LG4	4332776	4	22.853	27.810
LG4	4335110	4	22.960	28.346
LG4	4345508	4	23.174	28.453
LG4	4345551	4	23.280	28.989
LG4	4346761	4	23.280	29.202
LG4	4353925	4	23.387	29.309
LG4	4355304	4	23.494	29.416
LG4	4356173	4	23.708	29.416
LG4	4409177	4	23.708	29.737
LG4	4481163	4	23.814	29.950
LG4	4486495	4	24.028	30.164
LG4	4507098	4	24.349	30.164
LG4	4583452	4	24.349	30.164
LG4	4586806	4	24.349	30.164
LG4	4586914	4	24.349	30.271
LG4	4609881	4	24.349	30.271
LG4	4620686	4	24.349	30.271
LG4	4620715	4	24.349	30.271
LG4	4623450	4	24.349	30.377
LG4	4626000	4	24.349	30.484
LG4	4627574	4	24.349	30.698
LG4	4627583	4	24.456	30.698
LG4	4641022	4	24.776	31.126
LG4	4701379	4	25.097	31.554
LG4	4766044	4	25.418	31.875
LG4	4781311	4	25.739	31.875
LG4	4792278	4	25.846	32.196
LG4	4792287	4	25.952	32.196
LG4	4843573	4	26.166	32.196
LG4	4878128	4	26.273	32.303
LG4	4878140	4	26.273	32.303
LG4	4878152	4	26.273	32.303
LG4	4878190	4	26.380	32.303
LG4	4913800	4	26.915	32.410
LG4	4913816	4	26.915	32.623
LG4	4996359	4	26.915	32.730
LG4	4999219	4	27.344	32.730
LG4	4999221	4	27.665	33.158
LG4	4999234	4	27.665	33.158
LG4	5006361	4	27.665	33.479
LG4	5014448	4	27.665	33.479
LG4	5014450	4	27.665	33.479
LG4	5027620	4	27.771	33.479
LG4	5034501	4	27.771	33.586
LG4	5034516	4	27.878	33.693
LG4	5041767	4	27.878	33.906
LG4	5045187	4	27.878	34.013
LG4	5045844	4	27.878	34.120
LG4	5118333	4	28.199	34.333
LG4	5130426	4	28.413	34.440
LG4	5163491	4	28.413	34.547
LG4	5222376	4	28.519	34.547
LG4	5222384	4	28.733	34.654
LG4	5222408	4	28.733	34.654
LG4	5246572	4	28.840	34.654
LG4	5286811	4	29.268	35.297
LG4	5361503	4	29.696	35.941
LG4	5415058	4	29.803	36.155
LG4	5415081	4	29.803	36.476
LG4	5415091	4	30.124	36.796
LG4	5473360	4	30.231	36.903
LG4	5473365	4	30.231	36.903
LG4	5476595	4	30.231	36.903
LG4	5541436	4	30.659	37.010
LG4	5549510	4	30.980	37.224
LG4	5609980	4	31.086	37.224
LG4	5609999	4	31.193	37.224
LG4	5624988	4	31.300	37.224
LG4	5647881	4	31.300	37.224
LG4	5657117	4	31.513	37.330
LG4	5704937	4	31.727	37.437
LG4	5725134	4	31.727	37.544
LG4	5764570	4	31.834	37.650
LG4	5767743	4	31.941	37.650
LG4	5767745	4	31.941	37.650
LG4	5780615	4	31.941	37.864
LG4	5780620	4	31.941	37.864
LG4	5784079	4	32.154	38.078
LG4	5790601	4	32.154	38.078
LG4	5803113	4	32.154	38.078
LG4	5834869	4	32.368	38.185
LG4	5834894	4	32.368	38.291
LG4	5839868	4	32.475	38.398
LG4	5839894	4	32.475	38.398
LG4	5876200	4	32.796	38.398
LG4	5878194	4	32.796	38.398
LG4	5878215	4	32.796	38.612
LG4	5884987	4	32.796	38.612
LG4	5908001	4	32.902	38.612
LG4	5914823	4	33.009	38.612
LG4	5919257	4	33.116	38.718
LG4	5985283	4	33.116	38.825
LG4	6030429	4	33.222	39.039
LG4	6040979	4	33.222	39.146
LG4	6065672	4	33.222	39.252
LG4	6080437	4	33.329	39.252
LG4	6080439	4	33.329	39.252
LG4	6085792	4	33.329	39.359
LG4	6098105	4	33.329	39.359
LG4	6098188	4	33.329	39.359
LG4	6098190	4	33.329	39.359
LG4	6106599	4	33.436	39.359
LG4	6113710	4	33.436	39.573
LG4	6120607	4	33.757	39.894
LG4	6137053	4	33.757	39.894
LG4	6137054	4	33.757	39.894
LG4	6137057	4	33.863	40.107
LG4	6156241	4	33.863	40.107
LG4	6182818	4	33.970	40.321
LG4	6332420	4	34.077	40.321
LG4	6354217	4	34.077	40.428
LG4	6370745	4	34.077	40.428
LG4	6376948	4	34.077	40.534
LG4	6410007	4	34.398	40.641
LG4	6410015	4	34.398	40.641
LG4	6433052	4	34.504	40.641
LG4	6437981	4	34.504	40.641
LG4	6437987	4	34.504	40.641
LG4	6467369	4	34.611	40.855
LG4	6478641	4	34.611	40.855
LG4	6481127	4	34.611	41.283
LG4	6481129	4	34.611	41.283
LG4	6516738	4	34.611	41.390
LG4	6520951	4	34.611	41.496
LG4	6530621	4	34.611	41.603
LG4	6593089	4	34.611	41.710
LG4	6605318	4	34.611	41.924
LG4	6638247	4	34.718	42.030
LG4	6651538	4	34.825	42.351
LG4	6680758	4	34.825	42.351
LG4	6680783	4	34.825	42.458
LG4	6701394	4	34.825	42.458
LG4	6701415	4	34.825	42.458
LG4	6701434	4	35.038	42.672
LG4	6755727	4	35.145	42.885
LG4	6756018	4	35.145	42.992
LG4	6756082	4	35.252	43.206
LG4	6764841	4	35.252	43.206
LG4	6769093	4	35.252	43.419
LG4	6801221	4	35.465	43.526
LG4	6820918	4	35.572	43.633
LG4	6903126	4	35.893	43.954
LG4	6914496	4	36.000	44.167
LG4	6960393	4	36.106	44.167
LG4	6990759	4	36.213	44.596
LG4	6993825	4	36.427	44.596
LG4	7064445	4	36.427	44.809
LG4	7064487	4	36.534	44.809
LG4	7119378	4	36.640	44.809
LG4	7146283	4	36.854	45.130
LG4	7148483	4	36.961	45.237
LG4	7162298	4	37.282	45.558
LG4	7162338	4	37.602	45.771
LG4	7172046	4	37.602	45.985
LG4	7221627	4	37.709	46.092
LG4	7282261	4	37.709	46.092
LG4	7311511	4	37.709	46.520
LG4	7339374	4	38.030	46.520
LG4	7381971	4	38.458	46.520
LG4	7406597	4	38.672	46.627
LG4	7438873	4	38.779	46.627
LG4	7464066	4	38.992	46.627
LG4	7464095	4	39.421	46.733
LG4	7556027	4	39.421	46.840
LG4	7556066	4	39.421	46.840
LG4	7602255	4	39.634	46.840
LG4	7602270	4	39.634	46.947
LG4	7602291	4	39.634	46.947
LG4	7620425	4	39.741	46.947
LG4	7620962	4	39.741	46.947
LG4	7669153	4	39.741	46.947
LG4	7689924	4	40.169	47.054
LG4	7763745	4	40.276	47.054
LG4	7851662	4	40.276	47.054
LG4	7851663	4	40.276	47.054
LG4	7864615	4	40.383	47.160
LG4	7872824	4	40.383	47.267
LG4	7888773	4	40.383	47.267
LG4	7917789	4	40.383	47.481
LG4	7923006	4	40.596	47.481
LG4	8005211	4	40.810	47.694
LG4	8010126	4	40.810	47.908
LG4	8028408	4	40.810	47.908
LG4	8028454	4	40.810	47.908
LG4	8030453	4	40.810	47.908
LG4	8086361	4	40.810	48.015
LG4	8086392	4	40.810	48.015
LG4	8153212	4	40.917	48.015
LG4	8165771	4	40.917	48.122
LG4	8167891	4	40.917	48.442
LG4	8188020	4	41.024	48.442
LG4	8245189	4	41.024	48.442
LG4	8313931	4	41.237	48.871
LG4	8320086	4	41.237	49.084
LG4	8342874	4	41.237	49.084
LG4	8347911	4	41.237	49.191
LG4	8353505	4	41.237	49.191
LG4	8360465	4	41.237	49.298
LG4	8360476	4	41.344	49.511
LG4	8360539	4	41.344	50.047
LG4	8543153	4	41.558	50.691
LG4	8564420	4	41.558	50.691
LG4	8676368	4	41.878	51.227
LG4	8683145	4	41.878	51.334
LG4	8683152	4	41.878	51.334
LG4	8683168	4	41.985	51.334
LG4	8825141	4	41.985	51.441
LG4	8879945	4	41.985	51.547
LG4	8904826	4	41.985	51.547
LG4	8931974	4	42.306	51.761
LG4	8954871	4	42.413	51.868
LG4	8992234	4	42.413	51.868
LG4	8992256	4	42.519	51.868
LG4	9011353	4	42.626	52.081
LG4	9031008	4	42.626	52.081
LG4	9031009	4	42.626	52.081
LG4	9031023	4	42.626	52.081
LG4	9082125	4	42.840	52.188
LG4	9140264	4	42.840	52.188
LG4	9198124	4	42.840	52.295
LG4	9307637	4	42.840	52.616
LG4	9335375	4	43.268	52.936
LG4	9351570	4	43.268	53.043
LG4	9370751	4	43.268	53.257
LG4	9375470	4	43.268	53.257
LG4	9375483	4	43.268	53.364
LG4	9418851	4	43.268	53.470
LG4	9441827	4	43.268	53.470
LG4	9464230	4	43.268	53.470
LG4	9562449	4	43.375	53.577
LG4	9562470	4	43.482	53.684
LG4	9613497	4	43.482	53.790
LG4	9639791	4	43.482	53.790
LG4	9655291	4	43.588	54.004
LG4	9655315	4	43.588	54.004
LG4	9661572	4	43.588	54.432
LG4	9670543	4	43.588	54.432
LG4	9670545	4	43.588	54.432
LG4	9670546	4	43.588	54.539
LG4	9670581	4	43.588	54.860
LG4	9670652	4	43.588	54.967
LG4	9700387	4	43.588	54.967
LG4	9710482	4	43.588	54.967
LG4	9725139	4	43.588	55.073
LG4	9729646	4	43.588	55.287
LG4	9792889	4	43.588	55.287
LG4	9829199	4	43.695	55.715
LG4	9839413	4	43.695	55.929
LG4	9878798	4	43.695	55.929
LG4	9878833	4	43.802	55.929
LG4	9878851	4	43.802	55.929
LG4	9880339	4	43.909	55.929
LG4	9981239	4	44.015	55.929
LG4	9997088	4	44.015	56.036
LG4	10036335	4	44.122	56.143
LG4	10050258	4	44.229	56.463
LG4	10095594	4	44.229	56.677
LG4	10113104	4	44.229	56.677
LG4	10141653	4	44.229	56.677
LG4	10141727	4	44.229	56.677
LG4	10141746	4	44.229	56.677
LG4	10163958	4	44.229	56.784
LG4	10169787	4	44.229	56.784
LG4	10169790	4	44.229	56.784
LG4	10171936	4	44.229	56.784
LG4	10182838	4	44.229	56.890
LG4	10186290	4	44.229	56.997
LG4	10186307	4	44.229	56.997
LG4	10186328	4	44.229	57.104
LG4	10273767	4	44.229	57.318
LG4	10345104	4	44.442	57.318
LG4	10345106	4	44.442	57.318
LG4	10345107	4	44.442	57.318
LG4	10345825	4	44.442	57.318
LG4	10345826	4	44.442	57.318
LG4	10345991	4	44.442	57.318
LG4	10391581	4	44.442	57.318
LG4	10440129	4	44.549	57.424
LG4	10477722	4	44.656	57.424
LG4	10477749	4	44.656	57.424
LG4	10498084	4	44.869	57.531
LG4	10502794	4	44.976	57.852
LG4	10502835	4	44.976	57.852
LG4	10505291	4	44.976	57.852
LG4	10505295	4	44.976	57.852
LG4	10505320	4	44.976	57.959
LG4	10505371	4	44.976	58.172
LG4	10509623	4	44.976	58.172
LG4	10509641	4	44.976	58.172
LG4	10539800	4	44.976	58.279
LG4	10562864	4	44.976	58.279
LG4	10589772	4	45.083	58.386
LG4	10593170	4	45.083	58.386
LG4	10624230	4	45.083	58.492
LG4	10624648	4	45.083	58.599
LG4	10692747	4	45.083	58.706
LG4	10793522	4	45.083	58.706
LG4	10793579	4	45.083	58.706
LG4	10818906	4	45.190	59.027
LG4	10818923	4	45.190	59.134
LG4	10894017	4	45.296	59.347
LG4	10905974	4	45.296	59.454
LG4	10922713	4	45.296	59.668
LG4	10922718	4	45.296	59.668
LG4	10938333	4	45.296	59.668
LG4	10938337	4	45.296	59.668
LG4	10943338	4	45.296	59.668
LG4	10943339	4	45.296	59.668
LG4	10943543	4	45.296	59.668
LG4	10943554	4	45.296	59.668
LG4	10946794	4	45.296	59.668
LG4	10952667	4	45.296	59.668
LG4	10952676	4	45.510	59.774
LG4	10969529	4	45.510	59.774
LG4	11009794	4	45.510	60.418
LG4	11009796	4	45.510	60.418
LG4	11009825	4	45.510	60.418
LG4	11009826	4	45.510	60.418
LG4	11009827	4	45.510	60.418
LG4	11015745	4	45.510	60.525
LG4	11021127	4	45.510	60.632
LG4	11037491	4	45.510	61.275
LG4	11059184	4	45.510	61.382
LG4	11131470	4	45.617	61.382
LG4	11131475	4	45.617	61.382
LG4	11131482	4	45.617	61.382
LG4	11152374	4	45.723	61.810
LG4	11171869	4	45.723	62.024
LG4	11171882	4	45.723	62.024
LG4	11225293	4	45.723	62.024
LG4	11328886	4	45.723	62.776
LG4	11328894	4	45.723	62.776
LG4	11358201	4	45.723	62.776
LG4	11525519	4	45.723	63.097
LG4	11541182	4	45.723	63.310
LG4	11649555	4	45.723	63.739
LG4	11667650	4	45.830	63.952
LG4	11667707	4	45.830	63.952
LG4	11758299	4	45.830	64.381
LG4	11767476	4	45.830	65.133
LG4	11767498	4	45.830	65.346
LG4	11767500	4	45.830	65.346
LG4	11789537	4	45.830	65.560
LG4	11789773	4	45.830	65.560
LG4	11860975	4	45.937	65.881
LG4	11861005	4	45.937	65.881
LG4	11950589	4	45.937	66.202
LG4	11950605	4	45.937	66.202
LG4	11958459	4	45.937	66.202
LG4	11992584	4	45.937	66.308
LG4	11992683	4	45.937	66.308
LG4	11992687	4	45.937	66.952
LG4	12020294	4	45.937	67.166
LG4	12061757	4	46.044	67.273
LG4	12061796	4	46.044	67.273
LG4	12175950	4	46.044	67.701
LG4	12183627	4	46.044	67.807
LG4	12245360	4	46.044	68.021
LG4	12269489	4	46.044	68.235
LG4	12269492	4	46.044	68.342
LG4	12322626	4	46.044	68.342
LG4	12327672	4	46.044	68.662
LG4	12327695	4	46.150	68.662
LG4	12327713	4	46.150	68.876
LG4	12344886	4	46.150	69.197
LG4	12350865	4	46.150	69.197
LG4	12350906	4	46.150	69.197
LG4	12459810	4	46.150	69.197
LG4	12498502	4	46.150	69.518
LG4	12501657	4	46.150	69.625
LG4	12610904	4	46.150	69.731
LG4	12616531	4	46.150	69.838
LG4	12639360	4	46.150	70.482
LG4	12639387	4	46.257	70.695
LG4	12805776	4	46.257	71.016
LG4	12823760	4	46.364	71.230
LG4	12827613	4	46.364	71.551
LG4	12948076	4	46.364	71.765
LG4	13014316	4	46.364	71.765
LG4	13041438	4	46.364	71.765
LG4	13065335	4	46.364	71.765
LG4	13065369	4	46.364	71.765
LG4	13098359	4	46.364	71.871
LG4	13128808	4	46.364	71.871
LG4	13128833	4	46.364	71.871
LG4	13137681	4	46.364	71.978
LG4	13137716	4	46.364	71.978
LG4	13142707	4	46.364	71.978
LG4	13166354	4	46.364	71.978
LG4	13183122	4	46.471	72.192
LG4	13188169	4	46.471	72.405
LG4	13219632	4	46.471	72.405
LG4	13344820	4	46.471	72.619
LG4	13345647	4	46.471	72.619
LG4	13371686	4	46.471	72.726
LG4	13424365	4	46.471	72.726
LG4	13515546	4	46.471	72.726
LG4	13515888	4	46.471	72.726
LG4	13515896	4	46.471	72.726
LG4	13522977	4	46.471	72.726
LG4	13532303	4	46.471	72.726
LG4	13562070	4	46.471	72.726
LG4	13579175	4	46.471	72.726
LG4	13579179	4	46.471	72.726
LG4	13607761	4	46.471	72.726
LG4	13607782	4	46.471	72.726
LG4	13647655	4	46.471	72.832
LG4	13647764	4	46.471	72.832
LG4	13657546	4	46.471	72.832
LG4	13685198	4	46.471	72.939
LG4	13690880	4	46.471	72.939
LG4	13695868	4	46.471	72.939
LG4	13717215	4	46.471	73.153
LG4	13718822	4	46.471	73.153
LG4	13723064	4	46.471	73.153
LG4	13726230	4	46.471	73.153
LG4	13726243	4	46.471	73.153
LG4	13743441	4	46.471	73.260
LG4	13755542	4	46.471	73.260
LG4	13790063	4	46.471	73.366
LG4	13790071	4	46.471	73.366
LG4	13793369	4	46.471	73.580
LG4	13801073	4	46.471	73.580
LG4	13816798	4	46.471	73.580
LG4	13840465	4	46.471	73.794
LG4	13870148	4	46.471	73.900
LG4	13893351	4	46.471	73.900
LG4	13893375	4	46.471	73.900
LG4	13898254	4	46.471	74.007
LG4	13898277	4	46.471	74.007
LG4	13903124	4	46.471	74.007
LG4	13910419	4	46.471	74.007
LG4	13910420	4	46.471	74.007
LG4	13910421	4	46.471	74.007
LG4	13918695	4	46.471	74.007
LG4	13928146	4	46.577	74.007
LG4	13985464	4	46.577	74.007
LG4	13985482	4	46.791	74.221
LG4	14019457	4	46.791	74.542
LG4	14112208	4	46.791	74.648
LG4	14112217	4	46.791	74.648
LG4	14112287	4	46.791	74.648
LG4	14137683	4	46.791	74.862
LG4	14151319	4	46.791	74.862
LG4	14166237	4	46.898	74.862
LG4	14167658	4	46.898	74.969
LG4	14167687	4	46.898	74.969
LG4	14167690	4	46.898	74.969
LG4	14183951	4	47.004	74.969
LG4	14205317	4	47.004	74.969
LG4	14216969	4	47.004	75.075
LG4	14232514	4	47.111	75.289
LG4	14232568	4	47.111	75.289
LG4	14241805	4	47.111	75.396
LG4	14295152	4	47.111	75.503
LG4	14307768	4	47.111	75.716
LG4	14307783	4	47.111	75.823
LG4	14350806	4	47.111	75.930
LG4	14350853	4	47.111	75.930
LG4	14350891	4	47.218	75.930
LG4	14367141	4	47.218	75.930
LG4	14367142	4	47.218	75.930
LG4	14370215	4	47.218	75.930
LG4	14370266	4	47.218	75.930
LG4	14371441	4	47.218	75.930
LG4	14385234	4	47.218	76.036
LG4	14385243	4	47.218	76.036
LG4	14423202	4	47.218	76.250
LG4	14424649	4	47.218	76.250
LG4	14450695	4	47.218	76.250
LG4	14453543	4	47.218	76.571
LG4	14485419	4	47.218	76.678
LG4	14497860	4	47.218	76.784
LG4	14516570	4	47.218	76.998
LG4	14534615	4	47.218	77.212
LG4	14548446	4	47.325	77.318
LG4	14596444	4	47.325	77.532
LG4	14612103	4	47.325	77.639
LG4	14631086	4	47.325	77.639
LG4	14653756	4	47.325	77.960
LG4	14704194	4	47.325	78.066
LG4	14739752	4	47.325	78.710
LG4	14739784	4	47.325	78.817
LG4	14773641	4	47.325	78.817
LG4	14824377	4	47.325	78.817
LG4	14825485	4	47.325	78.924
LG4	14829250	4	47.325	79.137
LG4	14829657	4	47.325	79.137
LG4	14829672	4	47.325	79.137
LG4	14831206	4	47.325	79.244
LG4	14882926	4	47.325	79.244
LG4	14886450	4	47.325	79.244
LG4	14977578	4	47.325	79.351
LG4	14985437	4	47.325	79.458
LG4	14985445	4	47.325	79.458
LG4	14985446	4	47.325	79.458
LG4	14985458	4	47.325	79.778
LG4	15037957	4	47.325	79.778
LG4	15066529	4	47.325	79.885
LG4	15105361	4	47.325	79.992
LG4	15110318	4	47.325	79.992
LG4	15110394	4	47.325	79.992
LG4	15110449	4	47.325	79.992
LG4	15110459	4	47.325	79.992
LG4	15110795	4	47.325	79.992
LG4	15110807	4	47.325	79.992
LG4	15125454	4	47.325	79.992
LG4	15134330	4	47.325	80.099
LG4	15148419	4	47.325	80.099
LG4	15205063	4	47.325	80.312
LG4	15214345	4	47.325	80.312
LG4	15238880	4	47.431	80.312
LG4	15255981	4	47.431	80.419
LG4	15262243	4	47.431	80.526
LG4	15262258	4	47.431	80.526
LG4	15262260	4	47.431	80.526
LG4	15299648	4	47.538	80.739
LG4	15302829	4	47.538	80.953
LG4	15322896	4	47.538	81.274
LG4	15347256	4	47.538	81.274
LG4	15370673	4	47.538	81.595
LG4	15432096	4	47.645	82.564
LG4	15465174	4	47.645	82.564
LG4	15473393	4	47.645	82.564
LG4	15480832	4	47.645	82.670
LG4	15487002	4	47.645	82.670
LG4	15487007	4	47.645	82.670
LG4	15504576	4	47.858	82.670
LG4	15504580	4	47.858	82.777
LG4	15504613	4	47.858	82.777
LG4	15504885	4	47.858	82.991
LG4	15568073	4	49.815	83.312
LG4	15608448	4	49.815	83.525
LG4	15608450	4	49.815	83.525
LG4	15608481	4	49.815	83.525
LG4	15608482	4	49.815	83.525
LG4	15608483	4	50.675	83.739
LG4	15654934	4	51.753	84.275
LG4	15698044	4	51.753	84.275
LG4	15816654	4	51.753	84.382
LG4	15854469	4	51.753	84.595
LG4	15917926	4	51.753	84.916
LG4	15919699	4	51.753	85.023
LG4	15943744	4	51.753	85.130
LG4	15957781	4	51.967	85.236
LG4	15957813	4	51.967	85.236
LG4	15976794	4	51.967	85.343
LG4	15979331	4	51.967	85.557
LG4	16017956	4	51.967	85.877
LG4	16112267	4	51.967	85.984
LG4	16183999	4	51.967	86.198
LG4	16194168	4	51.967	86.198
LG4	16194173	4	51.967	86.412
LG4	16197100	4	51.967	86.518
LG4	16201908	4	51.967	86.625
LG4	16203598	4	51.967	86.625
LG4	16214341	4	51.967	87.161
LG4	16216714	4	51.967	87.161
LG4	16333220	4	51.967	87.161
LG4	16334356	4	51.967	87.161
LG4	16337390	4	51.967	87.161
LG4	16340492	4	51.967	87.161
LG4	16341218	4	51.967	87.161
LG4	16341231	4	51.967	87.268
LG4	16356841	4	51.967	87.696
LG4	16364433	4	51.967	87.696
LG4	16376875	4	51.967	87.696
LG4	16376927	4	51.967	87.696
LG4	16376971	4	51.967	87.696
LG4	16376972	4	51.967	87.696
LG4	16377636	4	51.967	87.696
LG4	16377680	4	51.967	87.803
LG4	16387859	4	51.967	87.803
LG4	16435364	4	51.967	87.803
LG4	16443191	4	51.967	87.803
LG4	16468547	4	51.967	88.124
LG4	16468558	4	51.967	88.124
LG4	16468608	4	51.967	88.124
LG4	16468638	4	51.967	88.124
LG4	16468645	4	51.967	88.124
LG4	16478826	4	51.967	88.230
LG4	16478906	4	51.967	88.337
LG4	16503621	4	51.967	88.658
LG4	16561195	4	51.967	88.658
LG4	16594792	4	51.967	88.658
LG4	16601563	4	51.967	88.658
LG4	16606619	4	51.967	88.658
LG4	16606628	4	51.967	88.658
LG4	16611816	4	51.967	88.658
LG4	16611864	4	51.967	88.658
LG4	16624725	4	51.967	88.658
LG4	16636420	4	51.967	88.658
LG4	16636431	4	51.967	88.658
LG4	16637159	4	51.967	88.658
LG4	16650814	4	51.967	88.658
LG4	16650825	4	51.967	88.658
LG4	16671499	4	51.967	88.765
LG4	16717527	4	51.967	88.978
LG4	16717540	4	51.967	88.978
LG4	16718641	4	51.967	88.978
LG4	16724616	4	51.967	88.978
LG4	16742560	4	51.967	88.978
LG4	16754080	4	52.073	89.085
LG4	16851188	4	52.073	89.299
LG4	16860060	4	52.073	89.299
LG4	16865811	4	52.073	89.299
LG4	16874565	4	52.073	89.299
LG4	16874577	4	52.073	89.299
LG4	16878352	4	52.073	89.299
LG4	16878360	4	52.073	89.299
LG4	16878361	4	52.073	89.299
LG4	16891120	4	52.073	89.405
LG4	16892058	4	52.073	89.405
LG4	16892074	4	52.073	89.405
LG4	16892095	4	52.073	89.405
LG4	16892098	4	52.073	89.405
LG4	16898627	4	52.073	89.405
LG4	16898629	4	52.073	89.405
LG4	16898647	4	52.073	89.405
LG4	16905187	4	52.073	89.512
LG4	16906857	4	52.073	89.619
LG4	16907673	4	52.073	89.725
LG4	16953149	4	52.073	90.046
LG4	16953183	4	52.073	90.046
LG4	16976848	4	52.073	90.260
LG4	17040478	4	52.073	90.367
LG4	17040481	4	52.073	90.473
LG4	17040514	4	52.073	90.473
LG4	17040537	4	52.073	90.580
LG4	17056704	4	52.073	90.580
LG4	17056707	4	52.073	90.580
LG4	17061200	4	52.180	90.687
LG4	17073422	4	52.180	90.687
LG4	17100632	4	52.180	91.765
LG4	17166095	4	52.180	91.978
LG4	17174228	4	52.180	91.978
LG4	17195053	4	52.180	92.085
LG4	17197198	4	52.180	92.085
LG4	17217522	4	52.287	92.085
LG4	17222580	4	52.287	92.085
LG4	17227516	4	52.287	92.085
LG4	17227549	4	52.287	92.085
LG4	17227550	4	52.287	92.085
LG4	17267144	4	52.287	92.192
LG4	17267216	4	52.287	92.192
LG4	17267218	4	52.287	92.192
LG4	17267231	4	52.287	92.405
LG4	17273316	4	52.287	92.405
LG4	17282215	4	52.287	92.512
LG4	17283787	4	52.287	92.512
LG4	17309101	4	52.287	92.512
LG4	17309102	4	52.287	92.512
LG4	17319900	4	52.287	92.512
LG4	17322566	4	52.287	92.512
LG4	17329581	4	52.287	92.619
LG4	17330970	4	52.287	92.619
LG4	17352869	4	52.287	92.726
LG4	17355666	4	52.287	93.046
LG4	17355675	4	52.287	93.046
LG4	17374512	4	52.287	93.367
LG4	17389298	4	52.287	93.367
LG4	17398133	4	52.287	93.903
LG4	17398139	4	52.287	93.903
LG4	17401488	4	52.287	94.010
LG4	17424616	4	52.287	94.010
LG4	17461728	4	52.287	94.117
LG4	17490511	4	52.287	94.330
LG4	17532684	4	52.287	94.330
LG4	17609188	4	52.287	94.330
LG4	17618530	4	52.287	94.437
LG4	17634185	4	52.287	94.437
LG4	17653934	4	52.287	94.437
LG4	17663787	4	52.287	94.544
LG4	17672661	4	52.287	94.650
LG4	17766481	4	52.287	94.650
LG4	17778082	4	52.287	94.650
LG4	17808151	4	52.287	94.757
LG4	17828394	4	52.287	94.864
LG4	17842826	4	52.287	94.864
LG4	17849335	4	52.394	95.078
LG4	17850022	4	52.394	95.291
LG4	18042644	4	52.394	95.935
LG4	18103877	4	52.394	96.042
LG4	18146716	4	52.394	96.255
LG4	18146720	4	52.394	96.362
LG4	18163640	4	52.394	96.362
LG4	18175899	4	52.394	96.362
LG4	18189228	4	52.394	96.362
LG4	18189229	4	52.394	96.362
LG4	18191122	4	52.394	96.469
LG4	18223577	4	52.394	96.897
LG4	18246571	4	52.394	96.897
LG4	18278670	4	52.394	96.897
LG4	18287632	4	52.394	97.004
LG4	18302376	4	52.394	97.218
LG4	18302404	4	52.394	97.218
LG4	18350511	4	52.394	97.431
LG4	18356215	4	52.394	97.538
LG4	18373878	4	52.394	97.752
LG4	18386801	4	52.394	97.858
LG4	18389016	4	52.394	97.858
LG4	18425866	4	52.394	98.072
LG4	18443912	4	52.394	98.500
LG4	18454388	4	52.394	98.607
LG4	18486677	4	52.394	98.714
LG4	18486689	4	52.394	99.035
LG4	18519434	4	52.394	99.035
LG4	18559058	4	52.394	99.141
LG4	18577916	4	52.394	99.141
LG4	18587455	4	52.394	99.141
LG4	18588638	4	52.394	99.248
LG4	18614564	4	52.394	99.248
LG4	18652121	4	52.394	99.248
LG4	18667404	4	52.394	99.248
LG4	18667960	4	52.394	99.248
LG4	18676483	4	52.500	99.248
LG4	18691668	4	52.500	99.355
LG4	18691698	4	52.500	99.355
LG4	18692094	4	52.500	99.355
LG4	18692111	4	52.500	99.461
LG4	18692126	4	52.500	99.461
LG4	18696752	4	52.500	99.461
LG4	18730264	4	52.500	99.568
LG4	18730266	4	52.500	99.568
LG4	18730280	4	52.500	99.675
LG4	18731719	4	52.500	99.675
LG4	18731727	4	52.500	99.782
LG4	18745649	4	52.500	99.782
LG4	18747734	4	52.500	100.210
LG4	18755013	4	52.500	100.317
LG4	18780469	4	52.500	100.317
LG4	18780477	4	52.500	100.317
LG4	18782105	4	52.500	100.423
LG4	18782121	4	52.500	100.423
LG4	18782126	4	52.500	100.423
LG4	18823527	4	52.500	100.530
LG4	18823528	4	52.500	100.637
LG4	18834749	4	52.500	100.744
LG4	18837526	4	52.500	100.957
LG4	18837540	4	52.500	100.957
LG4	18851557	4	52.500	101.064
LG4	18858934	4	52.500	101.064
LG4	18874202	4	52.500	101.385
LG4	18887532	4	52.500	101.598
LG4	18954386	4	52.500	101.705
LG4	18966686	4	52.500	101.812
LG4	18973047	4	52.500	102.133
LG4	19015597	4	52.500	102.454
LG4	19015610	4	52.500	102.454
LG4	19019172	4	52.500	102.667
LG4	19019184	4	52.500	102.667
LG4	19052000	4	52.500	103.203
LG4	19129074	4	52.500	103.631
LG4	19129086	4	52.500	103.738
LG4	19161977	4	52.500	103.952
LG4	19161980	4	52.500	103.952
LG4	19162004	4	52.500	104.059
LG4	19194320	4	52.500	104.379
LG4	19230271	4	52.500	104.593
LG4	19230275	4	52.500	104.700
LG4	19232197	4	52.500	104.807
LG4	19232236	4	52.500	104.807
LG4	19248683	4	52.500	104.807
LG4	19252768	4	52.607	104.807
LG4	19252981	4	52.607	104.807
LG4	19254150	4	52.607	104.807
LG4	19258618	4	52.607	104.913
LG4	19259741	4	52.607	104.913
LG4	19261034	4	52.607	105.342
LG4	19329322	4	52.607	105.342
LG4	19329334	4	52.607	105.342
LG4	19329368	4	52.714	105.342
LG4	19329392	4	52.714	105.342
LG4	19362557	4	52.714	105.770
LG4	19390212	4	52.714	105.984
LG4	19390225	4	52.714	106.090
LG4	19442907	4	52.714	106.304
LG4	19457908	4	52.714	106.411
LG4	19459802	4	52.714	106.411
LG4	19461023	4	52.714	106.411
LG4	19463488	4	52.714	106.517
LG4	19464667	4	52.714	106.517
LG4	19469371	4	52.714	106.517
LG4	19485845	4	52.714	106.517
LG4	19485850	4	52.714	106.517
LG4	19485868	4	52.714	106.517
LG4	19520579	4	52.714	106.731
LG4	19524415	4	52.714	106.731
LG4	19527501	4	52.714	106.731
LG4	19553422	4	52.714	106.945
LG4	19587368	4	52.714	107.481
LG4	19643636	4	52.714	107.481
LG4	19669501	4	52.714	107.481
LG4	19676206	4	52.714	107.481
LG4	19713698	4	52.714	107.481
LG4	19722300	4	52.714	107.694
LG4	19727838	4	52.714	108.015
LG4	19750439	4	52.714	108.015
LG4	19755428	4	52.714	108.122
LG4	19771252	4	52.714	108.229
LG4	19778237	4	52.714	108.549
LG4	19778256	4	52.714	108.549
LG4	19901630	4	52.714	109.193
LG4	19901639	4	52.714	109.193
LG4	19944863	4	52.714	109.193
LG4	19978867	4	52.714	109.407
LG4	19986949	4	52.714	109.407
LG4	19986989	4	52.714	109.835
LG4	19987006	4	52.714	110.049
LG4	20021501	4	52.714	110.156
LG4	20028749	4	52.714	110.156
LG4	20045259	4	52.714	110.156
LG4	20106779	4	52.714	110.262
LG4	20122458	4	52.714	110.262
LG4	20152356	4	52.714	110.369
LG4	20152363	4	52.714	110.369
LG4	20154405	4	52.714	110.369
LG4	20163187	4	52.714	110.476
LG4	20163189	4	52.714	110.476
LG4	20163207	4	52.714	110.689
LG4	20222763	4	52.714	111.118
LG4	20227652	4	52.714	111.118
LG4	20231955	4	52.714	111.224
LG4	20264499	4	52.714	111.224
LG4	20264531	4	52.714	111.224
LG4	20279215	4	52.714	111.438
LG4	20312162	4	52.714	111.545
LG4	20324933	4	52.714	111.545
LG4	20369606	4	52.714	111.759
LG4	20376047	4	52.714	112.079
LG4	20376052	4	52.714	112.079
LG4	20376069	4	52.714	112.079
LG4	20399383	4	52.714	112.079
LG4	20414298	4	52.714	112.400
LG4	20472789	4	52.714	112.507
LG4	20476182	4	52.714	112.507
LG4	20590697	4	52.714	112.614
LG4	20644251	4	52.714	112.827
LG4	20683411	4	52.714	112.934
LG4	20683414	4	52.714	112.934
LG4	20708941	4	52.714	113.148
LG4	20708943	4	52.714	113.254
LG4	20720702	4	52.714	113.254
LG4	20722246	4	52.714	113.575
LG4	20765806	4	52.714	113.789
LG4	20765810	4	52.714	113.789
LG4	20770622	4	52.714	113.789
LG4	20777938	4	52.714	113.896
LG4	20790304	4	52.714	114.002
LG4	20834126	4	52.714	114.109
LG4	20875103	4	52.714	114.216
LG4	20875112	4	52.714	114.216
LG4	20876075	4	52.714	114.216
LG4	20901879	4	52.714	114.216
LG4	20904455	4	52.714	114.216
LG4	20907850	4	52.714	114.216
LG4	20908137	4	52.714	114.323
LG4	20916133	4	52.714	114.429
LG4	20917095	4	52.714	114.536
LG4	20917110	4	52.714	114.536
LG4	20918567	4	52.714	114.536
LG4	20931470	4	52.714	114.643
LG4	20990634	4	52.714	114.643
LG4	20992326	4	52.714	114.643
LG4	21004854	4	52.714	114.643
LG4	21019029	4	52.714	114.643
LG4	21019031	4	52.714	114.750
LG4	21037261	4	52.714	114.750
LG4	21053817	4	52.714	114.750
LG4	21053818	4	52.714	114.750
LG4	21068652	4	52.714	114.750
LG4	21068658	4	52.714	114.750
LG4	21087227	4	52.714	114.963
LG4	21097854	4	52.714	114.963
LG4	21160785	4	52.714	114.963
LG4	21203746	4	52.714	114.963
LG4	21209201	4	52.714	115.070
LG4	21209222	4	52.714	115.070
LG4	21231937	4	52.714	115.391
LG4	21250008	4	52.714	115.497
LG4	21250010	4	52.714	115.497
LG4	21250023	4	52.714	115.497
LG4	21260448	4	52.714	115.497
LG4	21289366	4	52.714	115.497
LG4	21340518	4	52.714	115.497
LG4	21340539	4	52.714	115.497
LG4	21340556	4	52.714	115.497
LG4	21340558	4	52.714	115.497
LG4	21344366	4	52.714	115.604
LG4	21355229	4	52.714	115.604
LG4	21360630	4	52.714	115.604
LG4	21360633	4	52.714	115.604
LG4	21360653	4	52.714	115.604
LG4	21372968	4	52.714	115.711
LG4	21435740	4	52.714	115.711
LG4	21547721	4	52.714	116.139
LG4	21582763	4	52.714	116.139
LG4	21584178	4	52.714	116.246
LG4	21616709	4	52.714	116.567
LG4	21769725	4	52.714	116.567
LG4	21771206	4	52.714	116.567
LG4	21821984	4	52.714	116.567
LG4	21957452	4	52.714	116.567
LG4	21957454	4	52.714	116.567
LG4	21973169	4	52.714	116.567
LG4	21978855	4	52.714	116.567
LG4	21995930	4	52.714	116.888
LG4	21996014	4	52.714	116.888
LG4	21996090	4	52.714	116.888
LG4	22014300	4	52.714	116.888
LG4	22014307	4	52.714	116.888
LG4	22014313	4	52.714	116.888
LG4	22042077	4	52.714	116.994
LG4	22055651	4	52.714	116.994
LG4	22057451	4	52.714	117.101
LG4	22123913	4	52.714	117.101
LG4	22150748	4	52.714	117.208
LG4	22159217	4	52.714	117.208
LG4	22159228	4	52.714	117.208
LG4	22202324	4	52.714	117.208
LG4	22235886	4	52.714	117.315
LG4	22235899	4	52.714	117.315
LG4	22258753	4	52.714	117.315
LG4	22282717	4	52.714	117.315
LG4	22289290	4	52.714	117.528
LG4	22289301	4	52.714	117.528
LG4	22291821	4	52.714	117.635
LG4	22372561	4	52.714	117.635
LG4	22372567	4	52.714	117.635
LG4	22402079	4	52.714	117.635
LG4	22402133	4	52.714	117.635
LG4	22402159	4	52.714	117.635
LG4	22425154	4	52.714	117.742
LG4	22427386	4	52.714	117.848
LG4	22434600	4	52.714	117.848
LG4	22438733	4	52.714	117.955
LG4	22476640	4	52.714	118.062
LG4	22523187	4	52.714	118.276
LG4	22793254	4	52.714	118.276
LG4	22796202	4	52.714	118.276
LG4	22978535	4	52.714	118.276
LG4	23262971	4	52.714	118.276
LG4	23507467	4	52.714	118.276
LG4	23558774	4	52.714	118.276
LG4	23561862	4	52.714	118.276
LG4	23591493	4	52.714	118.276
LG4	23718407	4	52.714	118.276
LG4	23718417	4	52.714	118.276
LG4	23718424	4	52.714	118.276
LG4	23927557	4	52.714	118.276
LG4	23927571	4	52.714	118.276
LG4	23955304	4	52.714	118.276
LG4	23981238	4	52.714	118.276
LG4	23983830	4	52.714	118.276
LG4	24000725	4	52.714	118.276
LG4	24055881	4	52.714	118.276
LG4	24089449	4	52.714	118.276
LG4	24098390	4	52.714	118.276
LG4	24135126	4	52.714	118.276
LG4	24154702	4	52.714	118.276
LG4	24180051	4	52.714	118.276
LG4	24230126	4	52.714	118.276
LG4	24359507	4	52.714	118.276
LG4	24403402	4	52.714	118.276
LG4	24592438	4	52.714	118.276
LG4	24941571	4	52.714	118.276
LG4	25380412	4	52.714	118.276
LG4	25400572	4	52.714	118.276
LG4	25400587	4	52.714	118.276
LG4	25400593	4	52.714	118.276
LG4	25507827	4	52.714	118.276
LG4	25507845	4	52.714	118.276
LG4	25526737	4	52.714	118.276
LG4	25604335	4	52.714	118.276
LG4	25604336	4	52.714	118.276
LG4	25604355	4	52.714	118.276
LG4	25854182	4	52.714	118.276
LG4	25854687	4	52.714	118.276
LG4	26024274	4	52.714	118.382
LG4	26069916	4	52.714	118.382
LG4	26069920	4	52.714	118.382
LG4	26183393	4	52.714	118.382
LG4	26183428	4	52.714	118.382
LG4	26225583	4	52.714	118.382
LG4	26233213	4	52.714	118.382
LG4	26237557	4	52.714	118.382
LG4	26244665	4	52.714	118.382
LG4	26244788	4	52.714	118.382
LG4	26249308	4	52.714	118.382
LG4	26330729	4	52.714	118.596
LG4	26330753	4	52.714	118.596
LG4	26357588	4	52.714	118.596
LG4	26379871	4	52.714	118.596
LG4	26381345	4	52.714	118.596
LG4	26398555	4	52.714	118.596
LG4	26398556	4	52.714	118.596
LG4	26431366	4	52.714	118.596
LG4	26462897	4	52.714	118.596
LG4	26482107	4	52.714	118.596
LG4	26482113	4	52.714	118.596
LG4	26487205	4	52.714	118.596
LG4	26487212	4	52.714	118.596
LG4	26497753	4	52.714	118.703
LG4	26497757	4	52.714	118.703
LG4	26497767	4	52.714	118.703
LG4	26497773	4	52.714	118.703
LG4	26604320	4	52.714	118.809
LG4	26604333	4	52.714	118.916
LG4	26671949	4	52.714	119.023
LG4	26754043	4	52.714	119.130
LG4	26767153	4	52.714	119.130
LG4	26891717	4	52.714	119.450
LG4	26934437	4	52.714	119.450
LG4	26975255	4	52.714	119.557
LG4	26975258	4	52.714	119.557
LG4	26975284	4	52.714	119.557
LG4	26975963	4	52.714	119.557
LG4	26986711	4	52.714	119.557
LG4	26994770	4	52.714	119.664
LG4	27008159	4	52.714	119.771
LG4	27050330	4	52.714	119.877
LG4	27092423	4	52.714	119.877
LG4	27092456	4	52.714	119.877
LG4	27092476	4	52.714	119.877
LG4	27157259	4	52.714	119.877
LG4	27174275	4	52.714	119.877
LG4	27352171	4	52.714	119.877
LG4	27468912	4	52.714	119.877
LG4	27487412	4	52.714	120.198
LG4	27524724	4	52.714	120.305
LG4	27763432	4	52.714	120.412
LG4	27805912	4	52.714	120.412
LG4	27823592	4	52.714	120.412
LG4	27864404	4	52.714	120.625
LG4	27882663	4	52.714	120.839
LG4	27946320	4	52.714	120.946
LG4	28012700	4	52.714	121.159
LG4	28012746	4	52.714	121.373
LG4	28028821	4	52.714	121.480
LG4	28034353	4	52.714	121.480
LG4	28034354	4	52.714	121.480
LG4	28056006	4	52.714	121.480
LG4	28089990	4	52.714	121.908
LG4	28124673	4	52.714	122.015
LG4	28126153	4	52.714	122.015
LG4	28126174	4	52.714	122.015
LG4	28152848	4	52.714	122.336
LG4	28166216	4	52.714	122.336
LG4	28166219	4	52.714	122.979
LG4	28166220	4	52.821	123.300
LG4	28166231	4	52.821	123.300
LG4	28168373	4	52.821	123.300
LG4	28168389	4	52.821	123.300
LG4	28184696	4	52.821	123.407
LG4	28333758	4	52.821	123.835
LG4	28407770	4	52.821	124.695
LG4	28407849	4	52.821	124.695
LG4	28431194	4	52.927	125.016
LG4	28478734	4	52.927	125.016
LG4	28539775	4	52.927	125.123
LG4	28573356	4	52.927	125.123
LG4	28587134	4	52.927	125.123
LG4	28587184	4	52.927	125.123
LG4	28598903	4	53.034	125.123
LG4	28605184	4	53.034	125.123
LG4	28605201	4	53.034	125.337
LG4	28605202	4	53.034	125.337
LG4	28605220	4	53.034	125.337
LG4	28605225	4	53.034	125.337
LG4	28668842	4	53.141	125.337
LG4	28674317	4	53.247	125.337
LG4	28733397	4	53.247	125.443
LG4	28739685	4	53.247	125.550
LG4	28761112	4	53.354	125.657
LG4	28832409	4	53.461	125.871
LG4	28844612	4	53.461	125.871
LG4	28919859	4	53.568	126.084
LG4	28919874	4	53.568	126.084
LG4	28958408	4	53.568	126.298
LG4	28973581	4	53.568	126.298
LG4	28989795	4	53.568	126.405
LG4	28989802	4	53.568	126.405
LG4	29040072	4	53.568	126.618
LG4	29060030	4	53.568	126.725
LG4	29072109	4	53.568	126.725
LG4	29072138	4	53.568	126.725
LG4	29072616	4	53.568	126.725
LG4	29072621	4	53.674	126.725
LG4	29077786	4	53.674	126.832
LG4	29080071	4	53.674	126.938
LG4	29080559	4	53.674	126.938
LG4	29082542	4	53.674	127.045
LG4	29091949	4	53.674	127.045
LG4	29111775	4	53.674	127.259
LG4	29130961	4	53.781	127.366
LG4	29142701	4	53.781	127.366
LG4	29142707	4	53.781	127.366
LG4	29143213	4	53.781	127.366
LG4	29153168	4	53.781	127.579
LG4	29154514	4	53.781	127.686
LG4	29154554	4	53.888	127.793
LG4	29220594	4	54.209	128.545
LG4	29240187	4	54.315	128.865
LG4	29277819	4	54.315	128.865
LG4	29277836	4	54.315	128.865
LG4	29286340	4	54.315	128.865
LG4	29286356	4	54.315	128.865
LG4	29289265	4	54.422	129.401
LG4	29320169	4	54.422	129.615
LG4	29323265	4	54.422	129.936
LG4	29418306	4	54.422	129.936
LG4	29426316	4	54.422	130.150
LG4	29426318	4	54.422	130.363
LG4	29426345	4	54.422	130.363
LG4	29444020	4	54.422	130.363
LG4	29486895	4	54.422	130.363
LG4	29493705	4	54.422	130.363
LG4	29508283	4	54.529	130.470
LG4	29519695	4	54.636	130.684
LG4	29574217	4	54.636	131.220
LG4	29619900	4	54.742	131.540
LG4	29621080	4	54.742	131.540
LG4	29621115	4	54.742	131.754
LG4	29661264	4	54.956	131.754
LG4	29661265	4	54.956	131.754
LG4	29661266	4	54.956	131.754
LG4	29661267	4	54.956	131.754
LG4	29661268	4	54.956	131.968
LG4	29661712	4	54.956	131.968
LG4	29661745	4	54.956	132.075
LG4	29681675	4	55.063	132.181
LG4	29719279	4	55.063	132.288
LG4	29726579	4	55.063	132.716
LG4	29729791	4	55.169	132.823
LG4	29729820	4	55.169	133.144
LG4	29729944	4	55.169	133.144
LG4	29752592	4	55.169	133.251
LG4	29785882	4	55.276	133.679
LG4	29785883	4	55.276	133.786
LG4	29799189	4	55.276	133.999
LG4	29852141	4	55.597	134.643
LG4	29898415	4	55.597	134.750
LG4	29898422	4	55.597	134.750
LG4	29898460	4	55.597	134.750
LG4	29993062	4	55.597	134.750
LG4	30005886	4	55.704	134.750
LG4	30021883	4	55.704	135.502
LG4	30021933	4	55.704	135.502
LG4	30085795	4	55.917	136.038
LG4	30114639	4	55.917	136.038
LG4	30117740	4	55.917	136.038
LG4	30155260	4	56.024	136.573
LG4	30156528	4	56.024	136.573
LG4	30159312	4	56.024	136.573
LG4	30179756	4	56.238	136.787
LG4	30215209	4	56.451	137.108
LG4	30224920	4	56.558	137.968
LG4	30224924	4	56.558	137.968
LG4	30336872	4	56.665	138.720
LG4	30366328	4	56.772	138.934
LG4	30395840	4	56.985	139.147
LG4	30395883	4	56.985	139.147
LG4	30413393	4	56.985	139.361
LG4	30416125	4	56.985	139.789
LG4	30420427	4	56.985	139.896
LG4	30420453	4	56.985	139.896
LG4	30429843	4	57.199	139.896
LG4	30429846	4	57.199	139.896
LG4	30429857	4	57.199	139.896
LG4	30463527	4	57.306	140.003
LG4	30463558	4	57.306	140.003
LG4	30474057	4	57.412	140.539
LG4	30492153	4	57.412	141.183
LG4	30496158	4	57.733	141.503
LG4	30508712	4	57.840	141.932
LG4	30534658	4	57.840	142.145
LG4	30546440	4	57.840	142.145
LG4	30563849	4	58.161	142.574
LG4	30621860	4	58.161	142.574
LG4	30646500	4	58.482	142.787
LG4	30646544	4	58.482	143.001
LG4	30647304	4	58.803	143.429
LG4	30702382	4	58.909	143.857
LG4	30720827	4	58.909	143.964
LG4	30720835	4	58.909	143.964
LG4	30727303	4	58.909	144.071
LG4	30727311	4	59.016	144.178
LG4	30727312	4	59.016	144.178
LG4	30786424	4	59.230	144.284
LG4	30792513	4	59.230	144.284
LG4	30799868	4	59.230	144.284
LG4	30811901	4	59.230	144.391
LG4	30821018	4	59.230	144.391
LG4	30826582	4	59.336	144.605
LG4	30845222	4	59.336	144.818
LG4	30845948	4	59.336	144.818
LG4	30846023	4	59.336	144.925
LG4	30846035	4	59.550	144.925
LG4	30846037	4	59.657	144.925
LG4	30846040	4	59.764	145.353
LG4	30931184	4	59.870	146.214
LG4	30949767	4	59.870	146.642
LG4	30959231	4	59.977	146.963
LG4	30961738	4	60.084	147.070
LG4	30968650	4	60.084	147.605
LG4	30969260	4	60.084	147.712
LG4	31074847	4	60.297	148.572
LG4	31129050	4	60.404	148.572
LG4	31129065	4	60.404	148.679
LG4	31129092	4	60.618	148.786
LG4	31156410	4	60.618	148.786
LG4	31156495	4	60.831	148.893
LG4	31202891	4	60.938	149.428
LG4	31209734	4	61.045	149.642
LG4	31209763	4	61.045	150.070
LG4	31215598	4	61.152	150.391
LG4	31216620	4	61.152	150.391
LG4	31330774	4	61.472	150.391
LG4	31330806	4	62.008	151.143
LG4	31383679	4	62.115	151.679
LG4	31400656	4	62.115	151.679
LG4	31483561	4	62.222	152.107
LG4	31501614	4	62.329	152.214
LG4	31516640	4	62.329	152.214
LG4	31547112	4	62.649	152.428
LG4	31573089	4	62.649	152.749
LG4	31576575	4	62.863	153.177
LG4	31589728	4	63.184	153.177
LG4	31618200	4	63.828	153.605
LG4	31645692	4	64.041	153.926
LG4	31646409	4	64.041	154.033
LG4	31665945	4	64.041	154.139
LG4	31674507	4	64.041	154.246
LG4	31688036	4	64.255	154.567
LG4	31692903	4	64.255	155.103
LG4	31699250	4	64.362	155.317
LG4	31699256	4	64.362	155.530
LG4	31728725	4	64.362	155.637
LG4	31728749	4	64.362	155.637
LG4	31732179	4	64.575	155.637
LG4	31738360	4	64.896	155.958
LG4	31771886	4	65.432	157.583
LG4	31793982	4	65.646	158.011
LG4	31824482	4	65.753	158.011
LG4	31852041	4	65.859	158.980
LG4	31852044	4	65.859	159.087
LG4	31940050	4	65.966	159.731
LG4	31986448	4	66.287	160.052
LG4	31995188	4	66.501	160.052
LG4	31995190	4	66.607	160.052
LG4	32012864	4	66.607	160.372
LG4	32066469	4	66.714	161.124
LG4	32066474	4	66.714	161.553
LG4	32068993	4	66.928	161.659
LG4	32149702	4	66.928	161.980
LG4	32156574	4	66.928	162.087
LG4	32166434	4	67.034	162.087
LG4	32181659	4	67.248	162.515
LG4	32181713	4	67.355	162.729
LG4	32184547	4	67.355	162.943
LG4	32199267	4	67.569	163.156
LG4	32214062	4	67.675	163.156
LG4	32214090	4	67.782	163.156
LG4	32214099	4	67.782	163.156
LG4	32326485	4	67.782	163.156
LG4	32326518	4	67.782	163.477
LG4	32326534	4	67.889	163.477
LG4	32329221	4	67.889	163.584
LG4	32403458	4	67.995	163.905
LG4	32406535	4	67.995	163.905
LG4	32406549	4	67.995	163.905
LG4	32412386	4	68.209	164.118
LG4	32414256	4	68.316	164.225
LG4	32414855	4	68.316	164.225
LG4	32434222	4	68.423	164.439
LG4	32455341	4	68.423	164.439
LG4	32481352	4	68.423	164.439
LG4	32491823	4	68.529	164.439
LG4	32509654	4	68.636	164.439
LG4	32519789	4	68.743	164.439
LG4	32519809	4	68.849	164.545
LG4	32559735	4	68.849	164.759
LG4	32566117	4	69.385	164.759
LG4	32603846	4	69.599	164.866
LG4	32603936	4	69.706	164.973
LG4	32608052	4	69.706	164.973
LG4	32623925	4	69.706	165.079
LG4	32676391	4	70.350	165.508
LG4	32712995	4	70.350	165.508
LG4	32719865	4	70.350	165.508
LG4	32752782	4	70.350	165.508
LG4	32768575	4	70.350	165.508
LG4	32768584	4	70.350	165.508
LG4	32780211	4	70.350	165.508
LG4	32780220	4	70.350	165.614
LG4	32788333	4	70.350	165.614
LG4	32788366	4	70.350	165.614
LG4	32799700	4	70.563	166.043
LG4	32849763	4	70.777	166.363
LG4	32964245	4	70.777	166.577
LG4	32964276	4	70.884	166.577
LG4	32968290	4	70.884	166.577
LG4	32991959	4	70.884	166.577
LG4	32993322	4	70.884	166.577
LG4	33010930	4	70.990	166.577
LG4	33012395	4	70.990	166.684
LG4	33021797	4	71.097	166.684
LG4	33042053	4	71.311	166.684
LG4	33044710	4	71.524	166.684
LG4	33044733	4	71.631	166.684
LG4	33060348	4	71.631	166.684
LG4	33064194	4	71.631	166.684
LG4	33070241	4	71.631	166.684
LG4	33073066	4	71.631	166.684
LG4	33106889	4	71.631	166.684
LG4	33106902	4	71.631	166.684
LG4	33126448	4	71.631	166.684
LG4	33132905	4	71.631	166.684
LG4	33132914	4	71.631	166.684
LG4	33142187	4	71.742	166.684
LG4	33150739	4	71.742	166.684
LG4	33223051	4	71.742	166.684
LG4	33223055	4	71.742	166.684
LG4	33228575	4	71.742	166.798
LG4	33228599	4	71.742	166.798
LG4	33261670	4	71.742	166.798
LG4	33285962	4	71.742	166.798
LG4	33301034	4	71.860	166.798
LG4	33301039	4	71.981	166.798
LG4	33336707	4	71.981	166.798
LG4	33347024	4	71.981	166.798
LG4	33367321	4	72.119	166.798
LG4	33367343	4	72.257	166.798
LG4	33367355	4	72.257	166.798
LG4	33417812	4	72.257	166.798
LG4	33465525	4	72.257	167.431
LG5	50049	5	0.000	0.000
LG5	183525	5	0.000	0.348
LG5	183587	5	0.000	0.348
LG5	247909	5	0.000	0.348
LG5	260471	5	0.400	0.503
LG5	340959	5	0.522	0.503
LG5	342528	5	0.641	0.503
LG5	342530	5	0.641	0.503
LG5	356385	5	0.751	0.503
LG5	396063	5	0.751	0.503
LG5	396083	5	0.751	0.503
LG5	396086	5	0.751	0.613
LG5	396094	5	0.751	0.723
LG5	396179	5	0.751	0.834
LG5	475247	5	1.188	1.054
LG5	512511	5	1.188	1.054
LG5	608818	5	1.188	1.163
LG5	609797	5	1.188	1.163
LG5	609818	5	1.188	1.163
LG5	609838	5	1.188	1.163
LG5	610973	5	1.295	1.163
LG5	611011	5	1.295	1.163
LG5	613191	5	1.402	1.163
LG5	651860	5	1.402	1.163
LG5	671500	5	1.402	1.163
LG5	677019	5	1.402	1.163
LG5	716151	5	1.724	1.485
LG5	754483	5	1.938	1.592
LG5	754485	5	1.938	1.592
LG5	754491	5	1.938	1.592
LG5	784488	5	2.045	1.592
LG5	800698	5	2.151	1.913
LG5	837213	5	2.258	1.913
LG5	854030	5	2.258	2.020
LG5	868584	5	2.258	2.126
LG5	870345	5	2.365	2.233
LG5	871589	5	2.365	2.233
LG5	872033	5	2.365	2.233
LG5	876202	5	2.365	2.233
LG5	879975	5	2.365	2.233
LG5	880004	5	2.365	2.233
LG5	891806	5	2.472	2.233
LG5	896158	5	2.578	2.340
LG5	896189	5	2.578	2.553
LG5	901494	5	2.792	2.660
LG5	972150	5	2.899	2.660
LG5	973645	5	2.899	2.660
LG5	973662	5	2.899	2.660
LG5	973664	5	3.006	2.874
LG5	973681	5	3.006	2.980
LG5	994774	5	3.006	2.980
LG5	997724	5	3.112	2.980
LG5	1001740	5	3.219	2.980
LG5	1001742	5	3.326	2.980
LG5	1001788	5	3.326	2.980
LG5	1011491	5	3.326	2.980
LG5	1013137	5	3.326	3.087
LG5	1054978	5	3.326	3.087
LG5	1054989	5	3.326	3.301
LG5	1056624	5	3.754	3.301
LG5	1059249	5	3.754	3.301
LG5	1059283	5	4.506	3.515
LG5	1151134	5	4.506	3.621
LG5	1166300	5	4.613	3.621
LG5	1188227	5	4.719	3.621
LG5	1194531	5	4.719	3.621
LG5	1196055	5	4.719	4.050
LG5	1202580	5	4.933	4.050
LG5	1215503	5	5.577	4.156
LG5	1255015	5	5.683	4.477
LG5	1288074	5	5.897	4.798
LG5	1290939	5	6.218	4.798
LG5	1323932	5	6.218	4.798
LG5	1369215	5	6.325	5.334
LG5	1369230	5	6.431	5.441
LG5	1423633	5	6.431	5.441
LG5	1430043	5	6.431	5.441
LG5	1438999	5	6.431	5.547
LG5	1439050	5	6.538	5.547
LG5	1439054	5	6.538	5.547
LG5	1443315	5	6.538	5.654
LG5	1443347	5	6.538	5.654
LG5	1448047	5	6.538	5.654
LG5	1448051	5	6.538	5.654
LG5	1448062	5	6.538	5.654
LG5	1456532	5	6.752	5.654
LG5	1456538	5	6.752	5.654
LG5	1474029	5	7.073	6.082
LG5	1486105	5	7.073	6.082
LG5	1521299	5	7.286	6.082
LG5	1539864	5	7.286	6.296
LG5	1542350	5	7.286	6.510
LG5	1547194	5	7.715	6.616
LG5	1547237	5	7.715	6.616
LG5	1579551	5	7.715	6.616
LG5	1590016	5	7.928	6.723
LG5	1590020	5	7.928	6.830
LG5	1595985	5	7.928	7.258
LG5	1606728	5	8.249	7.686
LG5	1612004	5	8.249	7.686
LG5	1635384	5	8.677	8.438
LG5	1635385	5	8.677	8.438
LG5	1674064	5	9.321	8.974
LG5	1674079	5	9.428	9.081
LG5	1701163	5	9.428	9.617
LG5	1701166	5	9.642	9.830
LG5	1753560	5	9.642	9.830
LG5	1756532	5	9.855	10.044
LG5	1756541	5	9.855	10.044
LG5	1766534	5	9.962	10.151
LG5	1837119	5	10.069	10.472
LG5	1889570	5	10.713	10.472
LG5	1889585	5	10.713	10.472
LG5	1906966	5	10.713	10.472
LG5	1921908	5	10.713	10.472
LG5	1921925	5	10.713	10.578
LG5	1921955	5	10.926	10.578
LG5	1937512	5	11.140	10.792
LG5	1937539	5	11.140	11.113
LG5	1938632	5	11.247	11.113
LG5	1951748	5	11.460	11.220
LG5	2014620	5	11.460	11.756
LG5	2015024	5	11.567	11.756
LG5	2038427	5	11.674	11.862
LG5	2042006	5	11.674	11.862
LG5	2042046	5	11.674	11.862
LG5	2043155	5	11.780	11.969
LG5	2044069	5	11.780	11.969
LG5	2045926	5	11.780	12.076
LG5	2058110	5	11.994	12.612
LG5	2070778	5	12.101	12.718
LG5	2118910	5	12.529	12.825
LG5	2126503	5	12.636	12.825
LG5	2126504	5	12.636	12.825
LG5	2127495	5	12.743	13.039
LG5	2137551	5	12.743	13.146
LG5	2137576	5	12.849	13.252
LG5	2137586	5	12.849	13.252
LG5	2165315	5	12.956	13.788
LG5	2178922	5	13.063	14.002
LG5	2254213	5	13.491	14.971
LG5	2302301	5	13.491	15.077
LG5	2303731	5	13.491	15.291
LG5	2305649	5	13.491	15.291
LG5	2305665	5	13.598	15.291
LG5	2305678	5	13.598	15.505
LG5	2305679	5	13.598	15.505
LG5	2306253	5	13.704	15.505
LG5	2344951	5	13.811	15.826
LG5	2345022	5	14.132	16.146
LG5	2355562	5	14.239	16.146
LG5	2359410	5	14.239	16.253
LG5	2364476	5	14.239	16.253
LG5	2365676	5	14.346	16.681
LG5	2365709	5	14.346	16.788
LG5	2392907	5	14.452	16.895
LG5	2392915	5	14.452	17.002
LG5	2392919	5	14.452	17.002
LG5	2392928	5	14.452	17.002
LG5	2396746	5	14.559	17.108
LG5	2396772	5	14.559	17.215
LG5	2425811	5	14.559	17.322
LG5	2426210	5	14.559	17.322
LG5	2426220	5	14.559	17.429
LG5	2430912	5	14.559	17.429
LG5	2435960	5	14.666	17.429
LG5	2435984	5	14.666	18.289
LG5	2445755	5	14.666	18.395
LG5	2445771	5	14.666	18.395
LG5	2471227	5	14.772	18.609
LG5	2480698	5	14.772	18.823
LG5	2502141	5	14.772	19.251
LG5	2503462	5	14.772	19.358
LG5	2504168	5	14.772	19.572
LG5	2504240	5	14.772	19.572
LG5	2505831	5	14.772	19.678
LG5	2517868	5	14.772	19.785
LG5	2528960	5	14.879	20.106
LG5	2542697	5	14.879	20.319
LG5	2542715	5	15.093	20.426
LG5	2546967	5	15.093	20.533
LG5	2557935	5	15.414	20.747
LG5	2560679	5	15.414	20.853
LG5	2572383	5	16.057	21.174
LG5	2582772	5	16.057	21.174
LG5	2680734	5	16.809	22.252
LG5	2750330	5	16.916	22.359
LG5	2750333	5	16.916	22.359
LG5	2751395	5	16.916	22.359
LG5	2777924	5	16.916	22.572
LG5	2777930	5	16.916	22.572
LG5	2777963	5	17.023	22.572
LG5	2788103	5	17.023	22.679
LG5	2788114	5	17.023	22.679
LG5	2788116	5	17.023	22.893
LG5	2789382	5	17.023	22.893
LG5	2807751	5	17.023	22.999
LG5	2834291	5	17.130	22.999
LG5	2838823	5	17.236	22.999
LG5	2838826	5	17.236	22.999
LG5	2838841	5	17.236	23.106
LG5	2885109	5	17.236	23.106
LG5	2885110	5	17.236	23.106
LG5	2890155	5	17.236	23.213
LG5	2890156	5	17.236	23.213
LG5	2893679	5	17.236	23.534
LG5	2899506	5	17.236	23.534
LG5	2906318	5	17.343	23.534
LG5	2906331	5	17.343	23.534
LG5	3070078	5	17.557	24.502
LG5	3070116	5	17.557	24.609
LG5	3070992	5	17.557	24.716
LG5	3071041	5	17.557	24.716
LG5	3071070	5	17.663	24.823
LG5	3097543	5	17.663	24.929
LG5	3099428	5	17.663	24.929
LG5	3101008	5	17.663	25.573
LG5	3122777	5	17.770	25.680
LG5	3127079	5	17.877	26.001
LG5	3127096	5	17.984	26.429
LG5	3127114	5	17.984	26.429
LG5	3130350	5	18.197	26.429
LG5	3130405	5	18.197	26.536
LG5	3207853	5	18.197	27.180
LG5	3227026	5	18.304	27.286
LG5	3283852	5	18.304	27.393
LG5	3337394	5	18.518	27.821
LG5	3388337	5	18.624	28.142
LG5	3444607	5	18.731	28.249
LG5	3444611	5	18.731	28.249
LG5	3496410	5	18.731	28.249
LG5	3508907	5	18.731	28.249
LG5	3573200	5	18.731	28.249
LG5	3578688	5	18.731	28.249
LG5	3580065	5	18.838	28.356
LG5	3586600	5	18.838	28.356
LG5	3588308	5	18.838	28.356
LG5	3717394	5	18.838	28.676
LG5	3722018	5	18.838	28.676
LG5	3732026	5	18.838	28.676
LG5	3737487	5	18.838	28.676
LG5	3748333	5	18.838	28.676
LG5	3751837	5	18.838	28.890
LG5	3758478	5	18.838	28.890
LG5	3765091	5	18.838	28.890
LG5	3765097	5	18.838	28.997
LG5	3765130	5	18.944	28.997
LG5	3771762	5	18.944	29.104
LG5	3771764	5	18.944	29.104
LG5	3771775	5	18.944	29.210
LG5	3773148	5	18.944	29.210
LG5	3773181	5	18.944	29.210
LG5	3776999	5	18.944	29.317
LG5	3790289	5	18.944	29.317
LG5	3792954	5	19.051	29.317
LG5	3793000	5	19.051	29.317
LG5	3795911	5	19.158	29.317
LG5	3805510	5	19.372	29.317
LG5	3815629	5	19.372	29.424
LG5	3826418	5	19.372	29.424
LG5	3826431	5	19.372	29.424
LG5	3844477	5	19.478	29.637
LG5	3848405	5	19.478	29.637
LG5	3860543	5	19.478	29.637
LG5	3860555	5	19.478	29.637
LG5	3868527	5	19.585	29.744
LG5	3931959	5	19.799	30.280
LG5	3952242	5	19.905	30.280
LG5	3978700	5	19.905	30.387
LG5	3980065	5	20.012	30.493
LG5	4004240	5	20.119	30.493
LG5	4014498	5	20.119	30.814
LG5	4034729	5	20.119	30.814
LG5	4062346	5	20.119	31.135
LG5	4113188	5	20.119	31.671
LG5	4116202	5	20.119	31.671
LG5	4116203	5	20.119	31.885
LG5	4116217	5	20.119	31.885
LG5	4119154	5	20.226	31.991
LG5	4119157	5	20.226	31.991
LG5	4119915	5	20.332	31.991
LG5	4119944	5	20.332	32.205
LG5	4119946	5	20.439	32.205
LG5	4145804	5	20.653	33.174
LG5	4161212	5	20.653	33.602
LG5	4161244	5	20.653	33.816
LG5	4222601	5	20.866	34.352
LG5	4232350	5	20.866	34.352
LG5	4232361	5	20.866	34.352
LG5	4232365	5	20.866	34.459
LG5	4232390	5	20.866	34.672
LG5	4232392	5	20.866	34.672
LG5	4248933	5	20.866	34.779
LG5	4265582	5	20.973	34.886
LG5	4302005	5	21.187	35.529
LG5	4343636	5	21.187	35.743
LG5	4352258	5	21.187	35.957
LG5	4378450	5	21.187	36.064
LG5	4378458	5	21.187	36.064
LG5	4442499	5	21.187	36.277
LG5	4484767	5	21.294	36.598
LG5	4519246	5	21.294	36.598
LG5	4520135	5	21.294	36.598
LG5	4532934	5	21.507	36.812
LG5	4538546	5	21.614	36.918
LG5	4538553	5	21.614	36.918
LG5	4538579	5	21.828	37.025
LG5	4552024	5	21.934	37.025
LG5	4562412	5	21.934	37.346
LG5	4562442	5	21.934	37.346
LG5	4574172	5	22.041	37.346
LG5	4608040	5	22.041	37.346
LG5	4615549	5	22.041	37.560
LG5	4671761	5	22.148	37.560
LG5	4720000	5	22.148	37.560
LG5	4734783	5	22.148	37.560
LG5	4743853	5	22.148	37.560
LG5	4751069	5	22.255	37.560
LG5	4782666	5	22.255	37.881
LG5	4782678	5	22.255	37.987
LG5	4782684	5	22.255	37.987
LG5	4821914	5	22.361	38.416
LG5	4838948	5	22.361	38.416
LG5	4839019	5	22.361	38.416
LG5	4839023	5	22.361	38.416
LG5	4839163	5	22.361	38.416
LG5	4839201	5	22.361	38.416
LG5	4922145	5	22.575	39.276
LG5	5027956	5	22.575	39.704
LG5	5039961	5	22.682	39.704
LG5	5093124	5	22.682	39.918
LG5	5099423	5	22.788	40.024
LG5	5143324	5	22.788	40.131
LG5	5194707	5	23.002	40.667
LG5	5211928	5	23.109	40.774
LG5	5239671	5	23.215	40.987
LG5	5280876	5	23.215	41.094
LG5	5399352	5	23.322	41.415
LG5	5409757	5	23.322	41.522
LG5	5559673	5	23.322	41.735
LG5	5600275	5	23.429	41.842
LG5	5633801	5	23.429	41.842
LG5	5635114	5	23.429	41.842
LG5	5692043	5	23.429	41.842
LG5	5694166	5	23.429	41.842
LG5	5699752	5	23.536	41.949
LG5	5719104	5	23.536	41.949
LG5	5727548	5	23.536	41.949
LG5	5796890	5	23.536	42.056
LG5	5858082	5	23.536	42.162
LG5	5858125	5	23.536	42.162
LG5	5860690	5	23.642	42.162
LG5	5872158	5	23.642	42.162
LG5	5872166	5	23.642	42.162
LG5	5884002	5	23.642	42.162
LG5	5884037	5	23.642	42.483
LG5	5884098	5	23.642	42.483
LG5	5884108	5	23.642	42.483
LG5	5884118	5	23.642	42.483
LG5	5895556	5	23.642	42.483
LG5	5905246	5	23.642	42.483
LG5	5905254	5	23.642	42.483
LG5	5940899	5	23.642	42.483
LG5	5940901	5	23.642	42.483
LG5	5940905	5	23.642	42.483
LG5	5940914	5	23.642	42.483
LG5	5941879	5	23.642	42.483
LG5	5948729	5	23.642	42.483
LG5	5948748	5	23.642	42.483
LG5	6022244	5	23.642	42.697
LG5	6023026	5	23.642	42.697
LG5	6023067	5	23.642	42.697
LG5	6107015	5	23.642	42.697
LG5	6110889	5	23.642	42.697
LG5	6138276	5	23.642	42.697
LG5	6146857	5	23.642	42.697
LG5	6204933	5	23.642	42.804
LG5	6204973	5	23.642	42.804
LG5	6239610	5	23.642	42.910
LG5	6240410	5	23.642	42.910
LG5	6240411	5	23.642	42.910
LG5	6240462	5	23.642	42.910
LG5	6248272	5	23.642	42.910
LG5	6248300	5	23.642	42.910
LG5	6270738	5	23.642	42.910
LG5	6270748	5	23.642	43.124
LG5	6285551	5	23.642	43.124
LG5	6295681	5	23.642	43.124
LG5	6295830	5	23.642	43.124
LG5	6295831	5	23.642	43.124
LG5	6316268	5	23.642	43.124
LG5	6345775	5	23.642	43.124
LG5	6352275	5	23.642	43.124
LG5	6352277	5	23.642	43.124
LG5	6385529	5	23.642	43.231
LG5	6421084	5	23.642	43.231
LG5	6421117	5	23.642	43.337
LG5	6484011	5	23.642	43.337
LG5	6533443	5	23.642	43.337
LG5	6533459	5	23.642	43.337
LG5	6533462	5	23.642	43.337
LG5	6549172	5	23.642	43.337
LG5	6568018	5	23.642	43.337
LG5	6571689	5	23.642	43.444
LG5	6590888	5	23.642	43.444
LG5	6597632	5	23.642	43.444
LG5	6603912	5	23.642	43.444
LG5	6623619	5	23.642	43.444
LG5	6623620	5	23.642	43.444
LG5	6623621	5	23.642	43.444
LG5	6629150	5	23.642	43.444
LG5	6629152	5	23.642	43.444
LG5	6629174	5	23.642	43.444
LG5	6677204	5	23.642	43.444
LG5	6687722	5	23.642	43.444
LG5	6706099	5	23.642	43.444
LG5	6739816	5	23.642	43.444
LG5	6772641	5	23.642	43.444
LG5	6781381	5	23.642	43.444
LG5	6781398	5	23.642	43.444
LG5	6783851	5	23.642	43.444
LG5	6795942	5	23.642	43.551
LG5	6864071	5	23.642	43.551
LG5	6868499	5	23.642	43.551
LG5	6926033	5	23.642	43.551
LG5	7108079	5	23.642	43.551
LG5	7346281	5	23.642	43.551
LG5	7613990	5	23.642	43.551
LG5	7642766	5	23.642	43.551
LG5	7667986	5	23.642	43.551
LG5	7704221	5	23.642	43.551
LG5	7879147	5	23.642	43.551
LG5	8103535	5	23.642	43.551
LG5	8597708	5	23.642	43.551
LG5	8846385	5	23.642	43.765
LG5	8891383	5	23.642	43.871
LG5	9022256	5	23.642	43.871
LG5	9063335	5	23.642	43.978
LG5	9077649	5	23.642	43.978
LG5	9077654	5	23.642	43.978
LG5	9091969	5	23.642	43.978
LG5	9092048	5	23.642	43.978
LG5	9123915	5	23.749	43.978
LG5	9123922	5	23.749	43.978
LG5	9136120	5	23.749	43.978
LG5	9136121	5	23.749	43.978
LG5	9147571	5	23.749	43.978
LG5	9155420	5	23.749	43.978
LG5	9155428	5	23.749	43.978
LG5	9155430	5	23.749	43.978
LG5	9199508	5	23.749	43.978
LG5	9219011	5	23.749	44.085
LG5	9226862	5	23.749	44.085
LG5	9285636	5	23.749	44.191
LG5	9337024	5	23.963	44.191
LG5	9337036	5	23.963	44.191
LG5	9462857	5	23.963	44.191
LG5	9511605	5	23.963	44.191
LG5	9511619	5	23.963	44.191
LG5	9512717	5	23.963	44.191
LG5	9525129	5	23.963	44.405
LG5	9566112	5	23.963	44.512
LG5	9650891	5	23.963	44.512
LG5	9650902	5	23.963	44.619
LG5	9653170	5	23.963	44.619
LG5	9684063	5	23.963	44.725
LG5	9684070	5	23.963	44.725
LG5	9684071	5	23.963	44.725
LG5	9705082	5	23.963	45.046
LG5	9804329	5	23.963	45.046
LG5	10061577	5	23.963	45.153
LG5	10082925	5	24.070	45.153
LG5	10101383	5	24.070	45.153
LG5	10171772	5	24.070	45.367
LG5	10190993	5	24.070	45.473
LG5	10192225	5	24.070	45.580
LG5	10216301	5	24.070	45.687
LG5	10230222	5	24.070	45.687
LG5	10230876	5	24.070	45.687
LG5	10242459	5	24.070	45.687
LG5	10259106	5	24.070	45.687
LG5	10319787	5	24.070	45.793
LG5	10320798	5	24.070	45.793
LG5	10335243	5	24.070	46.007
LG5	10342295	5	24.070	46.007
LG5	10370274	5	24.070	46.114
LG5	10523260	5	24.070	46.221
LG5	10523271	5	24.070	46.221
LG5	10523280	5	24.070	46.221
LG5	10548159	5	24.070	46.327
LG5	10564448	5	24.070	46.434
LG5	10564487	5	24.070	46.434
LG5	10574291	5	24.176	46.434
LG5	10574299	5	24.176	46.434
LG5	10581316	5	24.176	46.541
LG5	10596696	5	24.176	46.754
LG5	10597449	5	24.176	46.968
LG5	10620438	5	24.176	47.182
LG5	10725280	5	24.176	47.610
LG5	10725283	5	24.176	47.610
LG5	10752595	5	24.176	47.610
LG5	10756956	5	24.176	48.146
LG5	10756957	5	24.176	48.253
LG5	10887871	5	24.176	48.253
LG5	10887887	5	24.176	48.253
LG5	10913002	5	24.176	48.359
LG5	10951668	5	24.176	48.466
LG5	10969467	5	24.176	49.326
LG5	11062933	5	24.176	49.755
LG5	11062937	5	24.176	49.968
LG5	11070831	5	24.176	49.968
LG5	11094858	5	24.283	50.075
LG5	11103281	5	24.283	50.182
LG5	11114337	5	24.390	50.610
LG5	11120899	5	24.390	50.610
LG5	11120929	5	24.390	50.610
LG5	11129414	5	24.390	50.931
LG5	11129970	5	24.390	50.931
LG5	11130860	5	24.390	51.791
LG5	11195425	5	24.390	51.791
LG5	11249885	5	24.390	52.005
LG5	11249897	5	24.390	52.005
LG5	11253107	5	24.390	52.005
LG5	11253128	5	24.390	52.218
LG5	11253289	5	24.390	52.325
LG5	11259432	5	24.390	52.325
LG5	11259435	5	24.390	52.325
LG5	11275294	5	24.390	52.539
LG5	11303391	5	24.496	52.967
LG5	11335547	5	24.925	53.395
LG5	11357946	5	24.925	53.395
LG5	11377686	5	25.031	54.147
LG5	11377702	5	25.352	54.254
LG5	11481248	5	25.459	54.898
LG5	11482269	5	25.566	54.898
LG5	11522730	5	25.887	55.326
LG5	11557850	5	25.993	55.754
LG5	11584165	5	25.993	55.754
LG5	11584172	5	25.993	55.754
LG5	11586408	5	25.993	55.968
LG5	11588205	5	26.314	56.075
LG5	11588207	5	26.314	56.181
LG5	11588217	5	26.314	56.181
LG5	11588241	5	26.314	56.181
LG5	11715156	5	26.421	56.717
LG5	11719089	5	26.421	56.931
LG5	11719091	5	26.421	57.359
LG5	11768086	5	26.421	57.680
LG5	11769627	5	26.421	58.001
LG5	11793229	5	26.528	58.322
LG5	11793233	5	26.528	58.322
LG5	11794600	5	26.528	58.322
LG5	11794656	5	26.528	58.322
LG5	11794778	5	26.528	58.429
LG5	11836030	5	26.528	58.642
LG5	11881088	5	26.634	59.178
LG5	11895551	5	26.634	59.178
LG5	11895558	5	26.848	59.285
LG5	11939099	5	26.955	59.499
LG5	11979676	5	27.168	59.819
LG5	11979735	5	27.168	59.819
LG5	11981504	5	27.168	59.819
LG5	11981541	5	27.275	59.819
LG5	11987973	5	27.382	60.140
LG5	12026436	5	27.489	60.247
LG5	12026564	5	27.489	60.568
LG5	12039764	5	27.809	60.782
LG5	12071031	5	27.916	61.210
LG5	12102708	5	27.916	61.317
LG5	12116910	5	28.344	61.530
LG5	12116915	5	28.773	61.851
LG5	12145913	5	28.879	61.958
LG5	12187843	5	29.200	62.386
LG5	12191362	5	29.521	62.600
LG5	12199242	5	29.521	62.600
LG5	12199256	5	29.628	62.706
LG5	12199275	5	29.628	62.706
LG5	12199280	5	29.628	62.706
LG5	12199313	5	29.628	62.920
LG5	12208625	5	30.272	63.672
LG5	12282891	5	30.378	63.779
LG5	12287276	5	30.485	63.886
LG5	12287281	5	30.485	63.886
LG5	12287303	5	30.485	64.099
LG5	12290408	5	30.485	64.099
LG5	12309869	5	30.699	65.068
LG5	12315167	5	30.912	65.389
LG5	12322637	5	30.912	65.496
LG5	12345978	5	31.126	66.464
LG5	12412839	5	31.126	66.571
LG5	12424513	5	31.233	66.892
LG5	12424523	5	31.233	66.892
LG5	12435128	5	31.233	66.892
LG5	12446916	5	31.233	67.213
LG5	12446928	5	31.554	67.213
LG5	12451313	5	31.554	67.534
LG5	12465481	5	31.554	67.534
LG5	12475020	5	31.660	67.534
LG5	12484473	5	31.767	67.747
LG5	12484513	5	31.767	68.499
LG5	12504480	5	31.874	69.359
LG5	12506703	5	32.088	70.111
LG5	12510197	5	32.408	70.218
LG5	12549171	5	32.408	70.432
LG5	12574685	5	33.052	70.753
LG5	12574711	5	33.052	70.753
LG5	12594220	5	33.480	71.505
LG5	12600492	5	33.587	71.825
LG5	12600515	5	33.587	71.825
LG5	12627329	5	34.447	72.577
LG5	12653606	5	34.661	72.898
LG5	12732256	5	35.089	73.542
LG5	12757137	5	35.410	73.649
LG5	12757138	5	35.410	73.649
LG5	12766172	5	35.410	74.292
LG5	12783853	5	35.731	74.828
LG5	12858383	5	36.052	75.689
LG5	12861932	5	36.052	75.689
LG5	12861933	5	36.052	75.795
LG5	12861941	5	36.266	76.224
LG5	12865720	5	36.266	76.330
LG5	12872478	5	36.266	76.330
LG5	12876521	5	36.586	76.544
LG5	12895014	5	36.693	76.758
LG5	12895306	5	36.693	76.971
LG5	12908011	5	36.693	77.185
LG5	12922940	5	36.800	77.292
LG5	12936838	5	36.907	77.505
LG5	12939578	5	37.013	77.505
LG5	12956861	5	37.227	77.505
LG5	12998157	5	37.548	77.719
LG5	13000369	5	37.548	77.826
LG5	13000379	5	37.548	77.826
LG5	13000420	5	37.655	77.826
LG5	13008650	5	37.868	77.826
LG5	13008693	5	37.975	77.826
LG5	13057759	5	37.975	77.933
LG5	13066641	5	37.975	78.146
LG5	13066644	5	38.082	78.146
LG5	13066667	5	38.082	78.146
LG5	13088768	5	38.082	78.682
LG5	13092128	5	38.082	78.896
LG5	13099927	5	38.082	79.003
LG5	13114833	5	38.082	79.003
LG5	13114844	5	38.082	79.003
LG5	13132581	5	38.082	79.003
LG5	13138497	5	38.082	79.323
LG5	13146807	5	38.188	79.323
LG5	13158229	5	38.295	79.537
LG5	13166793	5	38.295	79.751
LG5	13166849	5	38.509	80.072
LG5	13176753	5	38.509	80.072
LG5	13176759	5	38.509	80.392
LG5	13176804	5	38.509	80.392
LG5	13195958	5	38.616	80.499
LG5	13195973	5	38.616	80.499
LG5	13198425	5	38.616	80.499
LG5	13198430	5	38.616	80.499
LG5	13205042	5	38.722	80.606
LG5	13205081	5	38.936	80.820
LG5	13245648	5	39.364	81.140
LG5	13245662	5	39.364	82.109
LG5	13255342	5	39.578	82.323
LG5	13258529	5	39.578	82.323
LG5	13310561	5	40.222	82.537
LG5	13313547	5	40.650	82.857
LG5	13313569	5	40.650	82.857
LG5	13313570	5	40.650	82.857
LG5	13313574	5	40.650	82.857
LG5	13315397	5	40.650	82.857
LG5	13315399	5	40.650	82.857
LG5	13369557	5	40.864	83.286
LG5	13386170	5	40.864	84.146
LG5	13416572	5	40.970	84.253
LG5	13439664	5	41.077	84.466
LG5	13440358	5	41.184	84.680
LG5	13447680	5	41.184	84.894
LG5	13447699	5	41.184	84.894
LG5	13449244	5	41.612	85.107
LG5	13453479	5	41.826	85.107
LG5	13459400	5	41.932	85.214
LG5	13459411	5	41.932	85.428
LG5	13475224	5	42.361	85.534
LG5	13475273	5	42.467	85.534
LG5	13526958	5	42.574	85.534
LG5	13526959	5	42.574	85.534
LG5	13527021	5	42.574	85.534
LG5	13538900	5	42.895	85.748
LG5	13538925	5	42.895	85.855
LG5	13540758	5	43.109	86.069
LG5	13642811	5	43.861	86.069
LG5	13642823	5	43.967	86.069
LG5	13649743	5	43.967	86.069
LG5	13653278	5	43.967	86.069
LG5	13653310	5	44.074	86.069
LG5	13662374	5	44.074	86.069
LG5	13672793	5	44.074	86.069
LG5	13675351	5	44.181	86.069
LG5	13675357	5	44.287	86.175
LG5	13681027	5	44.287	86.175
LG5	13682696	5	44.287	86.175
LG5	13686369	5	44.287	86.282
LG5	13686377	5	44.716	86.496
LG5	13720501	5	44.822	86.709
LG5	13720853	5	44.929	86.816
LG5	13726021	5	44.929	86.816
LG5	13726052	5	44.929	86.923
LG5	13727155	5	45.250	87.030
LG5	13730502	5	45.464	87.136
LG5	13801648	5	45.570	87.350
LG5	13806004	5	45.677	87.350
LG5	13825208	5	45.677	87.350
LG5	13825226	5	45.677	87.457
LG5	13825246	5	45.677	87.563
LG5	13825248	5	45.677	87.563
LG5	13845359	5	45.784	87.777
LG5	13845361	5	45.784	87.777
LG5	13848818	5	45.891	87.777
LG5	13862641	5	46.104	87.777
LG5	13875743	5	46.104	87.884
LG5	13876330	5	46.104	87.884
LG5	13883863	5	46.211	87.884
LG5	13886539	5	46.211	87.884
LG5	13886541	5	46.211	87.884
LG5	13889485	5	46.532	87.884
LG5	13890436	5	46.532	87.884
LG5	13890452	5	47.068	88.097
LG5	13919273	5	47.068	88.097
LG5	13945397	5	47.068	88.097
LG5	13945398	5	47.068	88.097
LG5	13953393	5	47.496	88.204
LG5	13971593	5	47.496	88.204
LG5	13971594	5	47.496	88.204
LG5	13986716	5	47.603	88.311
LG5	13991515	5	47.710	88.525
LG5	14013707	5	47.816	88.525
LG5	14013761	5	48.137	88.525
LG5	14015536	5	48.137	88.631
LG5	14027896	5	48.244	88.952
LG5	14027899	5	48.351	88.952
LG5	14160973	5	48.886	89.273
LG5	14160989	5	48.886	89.273
LG5	14193601	5	48.886	89.273
LG5	14193645	5	48.886	89.273
LG5	14203787	5	48.993	89.273
LG5	14215273	5	48.993	89.273
LG5	14236803	5	49.100	89.380
LG5	14260625	5	49.100	89.380
LG5	14262987	5	49.421	89.593
LG5	14269924	5	49.634	89.593
LG5	14347176	5	49.848	89.700
LG5	14347184	5	49.955	89.700
LG5	14347824	5	50.276	89.700
LG5	14368688	5	50.382	89.807
LG5	14370647	5	51.026	89.914
LG5	14415354	5	51.240	89.914
LG5	14476753	5	51.668	90.020
LG5	14513073	5	51.668	90.020
LG5	14521885	5	51.882	90.127
LG5	14530223	5	51.882	90.127
LG5	14530225	5	52.095	90.234
LG5	14546378	5	52.309	90.234
LG5	14567028	5	52.309	90.234
LG5	14596292	5	52.309	90.234
LG5	14597026	5	52.416	90.555
LG5	14612798	5	52.844	90.661
LG5	14618132	5	52.844	90.661
LG5	14633026	5	53.058	90.875
LG5	14671864	5	53.165	90.875
LG5	14671879	5	53.165	90.875
LG5	14706548	5	53.165	90.982
LG5	14708254	5	53.271	90.982
LG5	14717762	5	53.271	90.982
LG5	14717770	5	53.271	90.982
LG5	14717774	5	53.271	90.982
LG5	14718649	5	53.271	90.982
LG5	14718863	5	53.271	90.982
LG5	14720473	5	53.271	90.982
LG5	14721026	5	53.378	90.982
LG5	14721051	5	53.378	90.982
LG5	14724532	5	53.592	90.982
LG5	14731529	5	54.020	90.982
LG5	14742593	5	54.020	90.982
LG5	14744324	5	54.127	90.982
LG5	14761340	5	54.127	90.982
LG5	14803243	5	54.233	90.982
LG5	14846042	5	54.233	90.982
LG5	14848718	5	54.340	90.982
LG5	14857496	5	54.340	90.982
LG5	14904039	5	54.340	90.982
LG5	14907396	5	54.447	90.982
LG5	14907414	5	54.447	90.982
LG5	14907416	5	54.447	90.982
LG5	14916515	5	54.770	90.982
LG5	14932570	5	54.878	90.982
LG5	15046755	5	54.985	90.982
LG5	15078928	5	55.093	90.982
LG5	15108049	5	55.093	90.982
LG5	15132825	5	55.093	90.982
LG5	15137530	5	55.093	91.094
LG5	15137532	5	55.093	91.094
LG5	15156749	5	55.093	91.094
LG5	15181223	5	55.093	91.094
LG5	15183057	5	55.093	91.094
LG5	15183077	5	55.093	91.094
LG5	15183157	5	55.093	91.094
LG5	15199878	5	55.093	91.094
LG5	15226934	5	55.258	91.094
LG5	15233112	5	55.258	91.094
LG5	15238583	5	55.258	91.094
LG5	15266323	5	55.258	91.094
LG5	15268859	5	55.258	91.094
LG6	92302	6	0.000	0.000
LG6	112112	6	0.000	0.000
LG6	206405	6	0.000	0.000
LG6	208384	6	2.728	0.000
LG6	238129	6	3.477	0.000
LG6	306313	6	3.477	0.157
LG6	313887	6	3.477	0.157
LG6	353181	6	3.477	0.157
LG6	353238	6	3.730	0.157
LG6	385731	6	3.730	0.157
LG6	408706	6	3.730	0.157
LG6	415698	6	3.730	0.157
LG6	420780	6	3.730	0.157
LG6	436582	6	3.730	0.157
LG6	436968	6	3.730	0.157
LG6	456531	6	3.730	0.157
LG6	505092	6	3.730	0.267
LG6	581915	6	3.730	0.267
LG6	665005	6	3.837	0.267
LG6	665053	6	3.944	0.267
LG6	667524	6	3.944	0.267
LG6	667543	6	3.944	0.267
LG6	704463	6	4.051	0.267
LG6	737487	6	4.051	0.267
LG6	738643	6	4.051	0.267
LG6	738661	6	4.051	0.267
LG6	739025	6	4.051	0.267
LG6	744136	6	4.051	0.267
LG6	746239	6	4.051	0.267
LG6	755839	6	4.051	0.267
LG6	766351	6	4.051	0.267
LG6	766408	6	4.051	0.267
LG6	801940	6	4.051	0.267
LG6	801958	6	4.051	0.267
LG6	809109	6	4.051	0.267
LG6	833965	6	4.051	0.267
LG6	837510	6	4.051	0.267
LG6	837517	6	4.051	0.267
LG6	852913	6	4.051	0.267
LG6	870964	6	4.051	0.267
LG6	870985	6	4.051	0.373
LG6	894234	6	4.051	0.373
LG6	894239	6	4.051	0.373
LG6	903909	6	4.264	0.373
LG6	941464	6	4.264	0.480
LG6	1013673	6	4.693	0.587
LG6	1013702	6	4.799	0.800
LG6	1019987	6	4.799	0.800
LG6	1019997	6	4.799	0.800
LG6	1020001	6	4.799	0.800
LG6	1020022	6	4.906	1.014
LG6	1066343	6	5.120	1.014
LG6	1066345	6	5.120	1.014
LG6	1069040	6	5.226	1.014
LG6	1069045	6	5.226	1.121
LG6	1099361	6	5.333	1.121
LG6	1099362	6	5.333	1.121
LG6	1099391	6	5.333	1.121
LG6	1110919	6	5.547	1.227
LG6	1161053	6	5.547	1.441
LG6	1274665	6	5.654	1.441
LG6	1274678	6	5.654	1.441
LG6	1280994	6	5.654	1.441
LG6	1295179	6	5.654	1.548
LG6	1315052	6	5.654	1.655
LG6	1337066	6	5.654	1.655
LG6	1337688	6	5.760	1.655
LG6	1355573	6	5.760	1.655
LG6	1357220	6	5.760	1.655
LG6	1357259	6	5.760	1.761
LG6	1374277	6	6.296	1.868
LG6	1387468	6	6.403	1.868
LG6	1436307	6	6.617	2.296
LG6	1499333	6	6.723	2.296
LG6	1503420	6	6.723	2.510
LG6	1510087	6	6.830	2.617
LG6	1540454	6	7.044	2.723
LG6	1557412	6	7.150	2.830
LG6	1578160	6	7.150	2.830
LG6	1579542	6	7.364	3.366
LG6	1638763	6	7.685	3.687
LG6	1652397	6	7.792	3.687
LG6	1664247	6	7.792	3.794
LG6	1686389	6	8.220	3.900
LG6	1733198	6	8.541	3.900
LG6	1733223	6	8.541	3.900
LG6	1733499	6	8.541	4.007
LG6	1735295	6	8.754	4.328
LG6	1802500	6	9.075	4.435
LG6	1810953	6	9.075	4.435
LG6	1810954	6	9.075	4.435
LG6	1813355	6	9.396	4.435
LG6	1859329	6	10.040	4.756
LG6	1883328	6	10.254	4.862
LG6	1883354	6	10.254	4.862
LG6	1907407	6	10.254	5.183
LG6	1925667	6	11.006	5.504
LG6	1999354	6	11.112	5.718
LG6	1999357	6	11.326	5.824
LG6	2002650	6	11.326	5.824
LG6	2024257	6	11.862	6.145
LG6	2033147	6	11.862	6.359
LG6	2033158	6	11.862	6.359
LG6	2042604	6	12.183	6.466
LG6	2081215	6	12.183	7.109
LG6	2085760	6	12.183	7.323
LG6	2101651	6	12.289	7.323
LG6	2114358	6	12.289	7.323
LG6	2151947	6	12.396	7.430
LG6	2168813	6	12.503	8.074
LG6	2181849	6	12.610	8.180
LG6	2190212	6	12.716	8.501
LG6	2200758	6	12.823	8.608
LG6	2200770	6	13.037	8.608
LG6	2233187	6	13.465	8.822
LG6	2233204	6	13.465	8.822
LG6	2262661	6	13.572	8.822
LG6	2279525	6	13.785	8.822
LG6	2291625	6	13.999	9.142
LG6	2323745	6	14.106	9.463
LG6	2331389	6	14.213	9.570
LG6	2331401	6	14.213	9.570
LG6	2331402	6	14.213	9.570
LG6	2331423	6	14.426	9.677
LG6	2339325	6	15.070	9.998
LG6	2383018	6	15.070	9.998
LG6	2419370	6	15.070	10.104
LG6	2429831	6	15.070	10.640
LG6	2453148	6	15.070	10.640
LG6	2463091	6	15.070	10.640
LG6	2492452	6	15.177	10.747
LG6	2492475	6	15.177	10.747
LG6	2511314	6	15.177	10.961
LG6	2511436	6	15.177	11.067
LG6	2511439	6	15.177	11.067
LG6	2557018	6	15.177	11.388
LG6	2569987	6	15.283	11.388
LG6	2592096	6	15.283	11.388
LG6	2594331	6	15.497	11.388
LG6	2594343	6	15.604	11.388
LG6	2594383	6	15.711	11.388
LG6	2594385	6	15.711	11.388
LG6	2597561	6	15.711	11.388
LG6	2612880	6	15.817	11.924
LG6	2636361	6	15.817	12.893
LG6	2636366	6	15.817	12.893
LG6	2663327	6	16.246	13.107
LG6	2665906	6	16.246	13.320
LG6	2666655	6	16.246	13.534
LG6	2666656	6	16.246	13.534
LG6	2703566	6	16.352	13.855
LG6	2722391	6	16.352	14.069
LG6	2730244	6	16.352	14.069
LG6	2752341	6	16.673	14.604
LG6	2762684	6	16.673	14.711
LG6	2762692	6	16.780	14.711
LG6	2765840	6	16.780	14.711
LG6	2774887	6	16.994	14.925
LG6	2774906	6	16.994	15.032
LG6	2817673	6	17.100	15.245
LG6	2825117	6	17.100	15.245
LG6	2825201	6	17.207	15.245
LG6	2828835	6	17.207	15.245
LG6	2830178	6	17.314	15.459
LG6	2830190	6	17.314	15.459
LG6	2830210	6	17.527	15.459
LG6	2830264	6	17.634	15.566
LG6	2883711	6	17.741	15.672
LG6	2898127	6	17.741	15.672
LG6	2912729	6	17.848	15.672
LG6	2930069	6	17.954	15.672
LG6	3040218	6	18.383	15.672
LG6	3040285	6	18.489	15.672
LG6	3040802	6	18.703	15.672
LG6	3047765	6	18.703	15.672
LG6	3055333	6	18.810	15.672
LG6	3055344	6	18.810	15.672
LG6	3055383	6	18.810	15.672
LG6	3055385	6	18.810	15.672
LG6	3055406	6	18.810	15.779
LG6	3062260	6	18.916	15.779
LG6	3062290	6	19.023	15.779
LG6	3062961	6	19.130	15.993
LG6	3072340	6	19.237	16.206
LG6	3094145	6	19.557	16.206
LG6	3108531	6	19.986	16.206
LG6	3108567	6	19.986	16.206
LG6	3136225	6	20.092	16.206
LG6	3136241	6	20.092	16.206
LG6	3149271	6	20.092	16.420
LG6	3166687	6	20.092	16.420
LG6	3166693	6	20.306	16.420
LG6	3166721	6	20.306	16.527
LG6	3166901	6	20.306	16.527
LG6	3168641	6	20.306	16.527
LG6	3168655	6	20.306	16.527
LG6	3168662	6	20.306	16.527
LG6	3168666	6	20.306	16.527
LG6	3168690	6	20.306	16.527
LG6	3174602	6	20.306	16.527
LG6	3179332	6	20.306	16.527
LG6	3179392	6	20.306	16.527
LG6	3179779	6	20.413	16.634
LG6	3179792	6	20.413	16.634
LG6	3198705	6	20.520	16.847
LG6	3199475	6	20.626	16.847
LG6	3207518	6	20.733	16.847
LG6	3229658	6	20.840	17.061
LG6	3230836	6	20.840	17.168
LG6	3230842	6	21.053	17.274
LG6	3233107	6	21.267	17.274
LG6	3236339	6	21.481	17.381
LG6	3292123	6	21.481	17.702
LG6	3292127	6	21.802	17.702
LG6	3302994	6	22.015	17.916
LG6	3335130	6	22.444	18.022
LG6	3349105	6	22.444	18.129
LG6	3349116	6	22.550	18.129
LG6	3350451	6	22.550	18.129
LG6	3377914	6	22.550	18.129
LG6	3405949	6	22.764	18.236
LG6	3409471	6	22.871	18.236
LG6	3409472	6	22.871	18.236
LG6	3415168	6	22.871	18.236
LG6	3421853	6	23.192	18.664
LG6	3421994	6	23.298	18.664
LG6	3432971	6	23.298	18.664
LG6	3443296	6	23.619	18.664
LG6	3447795	6	23.619	18.664
LG6	3447799	6	23.619	18.664
LG6	3447835	6	23.726	18.771
LG6	3453289	6	23.726	18.771
LG6	3474459	6	23.939	18.877
LG6	3477078	6	24.046	19.629
LG6	3477094	6	24.046	19.629
LG6	3502657	6	24.582	19.843
LG6	3502669	6	24.796	19.950
LG6	3570711	6	25.332	20.271
LG6	3577045	6	25.438	20.271
LG6	3607719	6	25.438	20.271
LG6	3615857	6	25.438	20.271
LG6	3615858	6	25.438	20.271
LG6	3638267	6	25.545	20.377
LG6	3639821	6	25.545	20.377
LG6	3641583	6	25.545	20.377
LG6	3641596	6	25.545	20.377
LG6	3641603	6	25.545	20.377
LG6	3676662	6	25.759	20.806
LG6	3679510	6	25.866	20.806
LG6	3733546	6	25.866	20.912
LG6	3733547	6	25.866	21.019
LG6	3733548	6	25.972	21.019
LG6	3733628	6	25.972	21.019
LG6	3733630	6	25.972	21.126
LG6	3747290	6	26.186	21.126
LG6	3755109	6	26.293	21.126
LG6	3777414	6	26.399	21.233
LG6	3777432	6	26.506	21.339
LG6	3799235	6	26.506	21.339
LG6	3802690	6	26.506	21.339
LG6	3814985	6	26.506	21.446
LG6	3815134	6	26.506	21.446
LG6	3815142	6	26.506	21.446
LG6	3815146	6	26.613	21.446
LG6	3834917	6	26.613	21.446
LG6	3840367	6	26.827	21.446
LG6	3873672	6	26.827	21.553
LG6	3876969	6	27.040	21.766
LG6	3916868	6	27.254	22.195
LG6	3916909	6	27.254	22.623
LG6	3977165	6	27.790	22.837
LG6	3977166	6	27.790	22.837
LG6	3977174	6	27.897	22.943
LG6	3977932	6	27.897	22.943
LG6	3978061	6	28.003	23.157
LG6	3981210	6	28.003	23.264
LG6	3981227	6	28.003	23.477
LG6	3990849	6	28.110	23.477
LG6	3990892	6	28.324	24.013
LG6	4033653	6	28.537	24.227
LG6	4033690	6	28.644	24.334
LG6	4056917	6	29.072	24.334
LG6	4068128	6	29.608	24.655
LG6	4110140	6	30.144	24.761
LG6	4110141	6	30.144	24.761
LG6	4157719	6	30.465	24.868
LG6	4178948	6	30.572	25.082
LG6	4219334	6	30.678	25.403
LG6	4250886	6	30.678	25.616
LG6	4250920	6	30.678	25.616
LG6	4264623	6	30.785	25.723
LG6	4275625	6	30.892	26.367
LG6	4290101	6	30.892	26.688
LG6	4290102	6	30.999	26.794
LG6	4304241	6	30.999	27.223
LG6	4305983	6	31.427	27.223
LG6	4307697	6	31.855	27.329
LG6	4341706	6	31.855	27.543
LG6	4341714	6	31.855	27.650
LG6	4379098	6	32.176	27.863
LG6	4393481	6	32.283	27.863
LG6	4401628	6	32.283	27.970
LG6	4407047	6	32.283	28.077
LG6	4423510	6	32.283	28.398
LG6	4509988	6	32.283	28.719
LG6	4525347	6	32.389	28.719
LG6	4537361	6	32.389	28.719
LG6	4549197	6	32.496	28.825
LG6	4549199	6	32.710	28.825
LG6	4560328	6	32.817	28.932
LG6	4560519	6	32.817	29.039
LG6	4560525	6	33.030	29.039
LG6	4560540	6	33.244	29.039
LG6	4560627	6	33.244	29.467
LG6	4605436	6	33.672	29.895
LG6	4649946	6	33.886	29.895
LG6	4649963	6	33.993	29.895
LG6	4655347	6	34.206	30.109
LG6	4687535	6	34.527	30.537
LG6	4731193	6	34.527	30.644
LG6	4731208	6	34.527	30.644
LG6	4734851	6	34.848	30.965
LG6	4772635	6	34.955	31.286
LG6	4772637	6	34.955	31.286
LG6	4772640	6	34.955	31.392
LG6	4776379	6	35.276	31.821
LG6	4821127	6	35.382	31.821
LG6	4865632	6	35.703	31.821
LG6	4865639	6	36.024	31.821
LG6	4920253	6	36.024	31.821
LG6	5020195	6	36.024	32.141
LG6	5021676	6	36.024	32.248
LG6	5021682	6	36.131	32.784
LG6	5029823	6	36.237	32.784
LG6	5029847	6	36.237	32.784
LG6	5029977	6	36.237	32.891
LG6	5055122	6	36.344	33.104
LG6	5082443	6	36.558	33.104
LG6	5082445	6	36.558	33.104
LG6	5103765	6	36.558	33.211
LG6	5111948	6	36.665	33.425
LG6	5112905	6	36.771	33.425
LG6	5112906	6	36.771	33.425
LG6	5129761	6	36.771	33.746
LG6	5129788	6	36.771	33.746
LG6	5135043	6	36.878	34.174
LG6	5140163	6	36.878	34.174
LG6	5140164	6	36.878	34.174
LG6	5144316	6	36.878	34.174
LG6	5164273	6	36.878	34.281
LG6	5172755	6	36.878	34.494
LG6	5185193	6	37.306	34.601
LG6	5223663	6	37.413	34.601
LG6	5239429	6	37.413	34.815
LG6	5257870	6	37.520	34.922
LG6	5257875	6	37.626	35.028
LG6	5286272	6	38.055	35.242
LG6	5314259	6	38.055	35.349
LG6	5318639	6	38.055	35.349
LG6	5339008	6	38.161	35.669
LG6	5339030	6	38.161	35.669
LG6	5339047	6	38.161	35.669
LG6	5339050	6	38.268	36.098
LG6	5340877	6	38.375	36.204
LG6	5390532	6	38.911	36.418
LG6	5429738	6	38.911	36.632
LG6	5429750	6	38.911	36.632
LG6	5434406	6	38.911	36.632
LG6	5436081	6	38.911	36.739
LG6	5436451	6	38.911	36.952
LG6	5461256	6	38.911	37.273
LG6	5461297	6	38.911	37.273
LG6	5463174	6	38.911	37.487
LG6	5466774	6	38.911	37.487
LG6	5546561	6	38.911	38.023
LG6	5550285	6	39.018	38.129
LG6	5597300	6	39.124	38.343
LG6	5624415	6	39.231	38.771
LG6	5671359	6	39.552	39.200
LG6	5671362	6	39.659	39.736
LG6	5671365	6	39.659	39.736
LG6	5678791	6	39.659	39.736
LG6	5703416	6	39.765	39.736
LG6	5703450	6	39.765	39.736
LG6	5703453	6	39.765	39.736
LG6	5703455	6	39.765	39.736
LG6	5703461	6	39.765	39.736
LG6	5703464	6	39.765	40.056
LG6	5703470	6	39.765	40.163
LG6	5730155	6	39.979	40.270
LG6	5730186	6	39.979	40.270
LG6	5753009	6	40.300	40.591
LG6	5858425	6	40.300	40.697
LG6	5858476	6	40.300	40.697
LG6	5873871	6	40.407	40.804
LG6	5882929	6	40.513	40.804
LG6	5891065	6	40.513	40.804
LG6	5911966	6	40.513	40.911
LG6	5911975	6	40.513	40.911
LG6	5912282	6	40.513	40.911
LG6	5918136	6	40.513	41.018
LG6	5923607	6	40.513	41.018
LG6	5923622	6	40.513	41.018
LG6	5923629	6	40.513	41.018
LG6	5923631	6	40.513	41.124
LG6	5949506	6	40.513	41.445
LG6	5949558	6	40.620	41.766
LG6	5974371	6	40.834	41.980
LG6	5977579	6	41.047	41.980
LG6	5985182	6	41.047	42.086
LG6	5985608	6	41.047	42.086
LG6	5985655	6	41.047	42.086
LG6	5989061	6	41.047	42.193
LG6	5999132	6	41.261	42.300
LG6	6000681	6	41.368	42.300
LG6	6026025	6	41.368	42.407
LG6	6029258	6	41.368	42.513
LG6	6054881	6	41.581	42.727
LG6	6088982	6	41.581	42.941
LG6	6096173	6	42.117	43.154
LG6	6108910	6	42.117	43.154
LG6	6159007	6	42.117	43.368
LG6	6180342	6	42.761	43.475
LG6	6228747	6	42.868	43.796
LG6	6242442	6	42.975	43.796
LG6	6242443	6	42.975	43.796
LG6	6263925	6	43.081	44.116
LG6	6303645	6	43.081	44.977
LG6	6337777	6	43.295	45.083
LG6	6422579	6	43.402	45.619
LG6	6501987	6	43.402	45.619
LG6	6502282	6	43.402	45.619
LG6	6511309	6	43.402	45.833
LG6	6517640	6	43.402	45.940
LG6	6560157	6	43.402	45.940
LG6	6579546	6	43.508	46.046
LG6	6579576	6	43.508	46.153
LG6	6579578	6	43.508	46.153
LG6	6579629	6	43.508	46.367
LG6	6585954	6	43.508	46.367
LG6	6592758	6	43.615	46.367
LG6	6592759	6	43.615	46.367
LG6	6624145	6	43.615	46.367
LG6	6624162	6	43.615	46.474
LG6	6641070	6	43.722	46.580
LG6	6649802	6	43.722	46.580
LG6	6655667	6	43.829	46.901
LG6	6658520	6	43.829	46.901
LG6	6661787	6	43.829	47.008
LG6	6661825	6	43.829	47.008
LG6	6700829	6	43.829	47.115
LG6	6718766	6	43.935	47.435
LG6	6726391	6	43.935	47.435
LG6	6726423	6	43.935	47.542
LG6	6732433	6	43.935	47.970
LG6	6760389	6	44.256	48.184
LG6	6760420	6	44.363	48.291
LG6	6880742	6	44.470	48.291
LG6	6925027	6	44.470	48.398
LG6	6925049	6	44.576	48.398
LG6	6925055	6	44.683	48.611
LG6	6925061	6	44.683	48.825
LG6	6957482	6	44.790	48.825
LG6	6980822	6	44.790	48.932
LG6	7006279	6	44.790	49.038
LG6	7031784	6	44.790	49.467
LG6	7031824	6	44.896	49.573
LG6	7077894	6	45.003	49.573
LG6	7088406	6	45.003	49.573
LG6	7112543	6	45.003	49.573
LG6	7136268	6	45.110	49.787
LG6	7136273	6	45.110	50.001
LG6	7174310	6	45.110	50.001
LG6	7174325	6	45.217	50.001
LG6	7180181	6	45.217	50.107
LG6	7186824	6	45.217	50.214
LG6	7194387	6	45.430	50.214
LG6	7194392	6	45.537	50.428
LG6	7203949	6	45.537	50.428
LG6	7285694	6	45.965	50.642
LG6	7302525	6	46.179	50.642
LG6	7406006	6	46.179	50.642
LG6	7406023	6	46.393	50.642
LG6	7406047	6	46.393	50.642
LG6	7407872	6	46.393	50.748
LG6	7407875	6	46.393	50.748
LG6	7534818	6	46.393	50.855
LG6	7543518	6	46.393	50.855
LG6	7573139	6	46.499	50.962
LG6	7576037	6	46.499	50.962
LG6	7585099	6	46.499	50.962
LG6	7601252	6	46.606	50.962
LG6	7601298	6	46.606	50.962
LG6	7601312	6	46.606	50.962
LG6	7601314	6	46.606	50.962
LG6	7607489	6	46.606	51.068
LG6	7635887	6	46.606	51.175
LG6	7637813	6	46.606	51.282
LG6	7643431	6	46.713	51.389
LG6	7643437	6	46.713	51.495
LG6	7652052	6	46.820	51.495
LG6	7652077	6	46.820	51.495
LG6	7652102	6	47.033	51.495
LG6	7658668	6	47.140	51.709
LG6	7703460	6	47.140	51.709
LG6	7705065	6	47.140	51.709
LG6	7710668	6	47.354	51.709
LG6	7710678	6	47.354	51.709
LG6	7780687	6	47.354	51.709
LG6	7807758	6	47.354	51.709
LG6	7825009	6	47.354	51.816
LG6	7916025	6	47.460	51.816
LG6	7916072	6	47.460	51.816
LG6	7936501	6	47.567	51.922
LG6	7981231	6	47.567	52.243
LG6	8010494	6	47.781	52.457
LG6	8038105	6	47.781	52.564
LG6	8058381	6	47.781	52.564
LG6	8086685	6	47.781	52.564
LG6	8121547	6	47.781	52.564
LG6	8144768	6	47.781	52.670
LG6	8153322	6	47.781	52.777
LG6	8166488	6	47.781	52.777
LG6	8180806	6	47.887	52.777
LG6	8180816	6	47.887	52.777
LG6	8254953	6	47.994	53.098
LG6	8254960	6	47.994	53.098
LG6	8279514	6	47.994	53.098
LG6	8281159	6	48.101	53.098
LG6	8286184	6	48.101	53.098
LG6	8305116	6	48.101	53.098
LG6	8353304	6	48.101	53.205
LG6	8362989	6	48.101	53.418
LG6	8362995	6	48.208	53.418
LG6	8388315	6	48.208	53.525
LG6	8410979	6	48.314	53.739
LG6	8410991	6	48.314	53.739
LG6	8410997	6	48.314	53.739
LG6	8411970	6	48.314	53.739
LG6	8411983	6	48.314	53.739
LG6	8411985	6	48.314	53.739
LG6	8412263	6	48.314	53.739
LG6	8412275	6	48.314	53.739
LG6	8413982	6	48.314	53.846
LG6	8414005	6	48.314	53.846
LG6	8444218	6	48.421	53.846
LG6	8444233	6	48.421	53.846
LG6	8446363	6	48.421	53.846
LG6	8463390	6	48.421	54.059
LG6	8472688	6	48.421	54.059
LG6	8484421	6	48.421	54.166
LG6	8484745	6	48.421	54.166
LG6	8490344	6	48.421	54.166
LG6	8549204	6	48.421	54.166
LG6	8568185	6	48.421	54.166
LG6	8568199	6	48.421	54.166
LG6	8570373	6	48.421	54.166
LG6	8590476	6	48.421	54.273
LG6	8599103	6	48.421	54.486
LG6	8615908	6	48.528	54.486
LG6	8615909	6	48.528	54.486
LG6	8620143	6	48.635	54.486
LG6	8622660	6	48.635	54.486
LG6	8623024	6	48.635	54.486
LG6	8623975	6	48.635	54.486
LG6	8629249	6	48.741	54.486
LG6	8629605	6	48.848	54.593
LG6	8629644	6	48.848	54.593
LG6	8629646	6	48.848	54.593
LG6	8629688	6	48.955	54.593
LG6	8690760	6	48.955	54.700
LG6	8694217	6	49.061	55.021
LG6	8712896	6	49.061	55.021
LG6	8719656	6	49.061	55.021
LG6	8802154	6	49.382	55.557
LG6	8844232	6	49.382	55.557
LG6	8893376	6	49.382	55.663
LG6	8933562	6	49.382	55.770
LG6	8933576	6	49.382	55.877
LG6	8987601	6	49.489	55.877
LG6	9002086	6	49.596	55.877
LG6	9068549	6	49.596	55.983
LG6	9078873	6	49.702	55.983
LG6	9083466	6	49.702	55.983
LG6	9085117	6	49.702	55.983
LG6	9109617	6	49.809	55.983
LG6	9123774	6	49.809	55.983
LG6	9127098	6	49.916	56.090
LG6	9127135	6	50.130	56.197
LG6	9138551	6	50.130	56.197
LG6	9238636	6	50.130	56.411
LG6	9253268	6	50.130	56.624
LG6	9295644	6	50.130	56.624
LG6	9307791	6	50.236	56.624
LG6	9307801	6	50.236	56.624
LG6	9314284	6	50.236	56.624
LG6	9356219	6	50.343	56.731
LG6	9382076	6	50.343	56.731
LG6	9383661	6	50.343	56.731
LG6	9398720	6	50.343	56.838
LG6	9411472	6	50.557	56.838
LG6	9411475	6	50.557	56.838
LG6	9411496	6	50.557	56.838
LG6	9442745	6	50.557	56.838
LG6	9442779	6	50.557	56.838
LG6	9458228	6	50.557	56.838
LG6	9458479	6	50.557	56.838
LG6	9458482	6	50.557	56.838
LG6	9471741	6	50.663	56.944
LG6	9477404	6	50.877	56.944
LG6	9495553	6	50.877	57.051
LG6	9513533	6	50.984	57.158
LG6	9514003	6	50.984	57.158
LG6	9583616	6	50.984	57.479
LG6	9602970	6	50.984	57.585
LG6	9624021	6	50.984	57.585
LG6	9631517	6	51.305	57.585
LG6	9685047	6	51.305	57.585
LG6	9685467	6	51.305	57.585
LG6	9685481	6	51.305	57.585
LG6	9685498	6	51.305	57.585
LG6	9701031	6	51.305	57.585
LG6	9708935	6	51.305	57.585
LG6	9742978	6	51.305	57.585
LG6	9742986	6	51.305	57.585
LG6	9746282	6	51.305	57.692
LG6	9799223	6	51.305	57.692
LG6	9806471	6	51.305	57.799
LG6	9813388	6	51.305	57.799
LG6	9813428	6	51.305	57.799
LG6	9821872	6	51.305	57.799
LG6	9876958	6	51.411	57.799
LG6	9876996	6	51.411	57.906
LG6	9884219	6	51.518	58.012
LG6	9893439	6	51.518	58.012
LG6	9910301	6	51.518	58.119
LG6	9931560	6	51.625	58.440
LG6	10013336	6	51.625	58.440
LG6	10036377	6	51.625	58.440
LG6	10039476	6	51.625	58.761
LG6	10063660	6	51.839	58.761
LG6	10172357	6	52.052	59.297
LG6	10348764	6	52.052	59.403
LG6	10362973	6	52.159	59.403
LG6	10366390	6	52.159	59.510
LG6	10367672	6	52.159	60.046
LG6	10433011	6	52.159	60.046
LG6	10433239	6	52.159	60.046
LG6	10433286	6	52.159	60.046
LG6	10437388	6	52.159	60.046
LG6	10474518	6	52.159	61.124
LG6	10476275	6	52.266	61.124
LG6	10500019	6	52.266	61.124
LG6	10500031	6	52.266	61.124
LG6	10531438	6	52.266	61.660
LG6	10557253	6	52.266	61.660
LG6	10557265	6	52.266	61.660
LG6	10557266	6	52.266	61.660
LG6	10595986	6	52.266	61.873
LG6	10651228	6	52.266	61.873
LG6	10695587	6	52.372	62.301
LG6	10884131	6	52.479	63.379
LG6	10942170	6	52.479	63.486
LG6	11047561	6	52.479	63.700
LG6	11047573	6	52.693	63.913
LG6	11047617	6	52.693	63.913
LG6	11047619	6	52.693	63.913
LG6	11073070	6	52.800	63.913
LG6	11118156	6	52.800	63.913
LG6	11121656	6	52.906	63.913
LG6	11148779	6	52.906	63.913
LG6	11191788	6	53.013	64.127
LG6	11198744	6	53.013	64.127
LG6	11199991	6	53.120	64.234
LG6	11233481	6	53.120	64.770
LG6	11270713	6	53.226	64.770
LG6	11297126	6	53.226	64.770
LG6	11300131	6	53.226	64.983
LG6	11300143	6	53.226	64.983
LG6	11333631	6	53.226	64.983
LG6	11338607	6	53.226	64.983
LG6	11377479	6	53.226	65.197
LG6	11387988	6	53.226	65.197
LG6	11399020	6	53.226	65.197
LG6	11399047	6	53.226	65.304
LG6	11404078	6	53.226	65.304
LG6	11404085	6	53.226	65.410
LG6	11404914	6	53.226	65.517
LG6	11405770	6	53.226	65.517
LG6	11444148	6	53.440	66.053
LG6	11536749	6	53.440	66.053
LG6	11556244	6	53.440	66.160
LG6	11585867	6	53.440	66.160
LG6	11585888	6	53.440	66.160
LG6	11595152	6	53.440	66.266
LG6	11595172	6	53.440	66.266
LG6	11624135	6	53.440	66.266
LG6	11630960	6	53.440	66.587
LG6	11630970	6	53.440	66.587
LG6	11636564	6	53.440	66.587
LG6	11638420	6	53.440	66.587
LG6	11642588	6	53.547	66.801
LG6	11838088	6	53.654	67.229
LG6	11864058	6	53.654	67.229
LG6	11864066	6	53.654	67.336
LG6	11864071	6	53.654	67.336
LG6	11868464	6	53.654	67.336
LG6	11872602	6	53.654	67.550
LG6	11872786	6	53.654	67.656
LG6	11909825	6	53.654	67.763
LG6	11947736	6	53.760	67.977
LG6	11980593	6	53.760	67.977
LG6	12023299	6	53.760	67.977
LG6	12023311	6	53.760	67.977
LG6	12023313	6	53.760	67.977
LG6	12023314	6	53.760	67.977
LG6	12023319	6	53.760	67.977
LG6	12023362	6	53.760	67.977
LG6	12042561	6	53.760	67.977
LG6	12113530	6	53.867	68.083
LG6	12113678	6	53.974	68.083
LG6	12113697	6	53.974	68.083
LG6	12182978	6	53.974	68.083
LG6	12187570	6	53.974	68.083
LG6	12187574	6	53.974	68.083
LG6	12193271	6	53.974	68.083
LG6	12196822	6	53.974	68.083
LG6	12225538	6	53.974	68.190
LG6	12237009	6	54.080	68.404
LG6	12272746	6	54.080	68.511
LG6	12294046	6	54.080	68.511
LG6	12315620	6	54.080	68.831
LG6	12317667	6	54.080	68.831
LG6	12317668	6	54.080	68.831
LG6	12370742	6	54.080	68.938
LG6	12378957	6	54.080	68.938
LG6	12381510	6	54.080	68.938
LG6	12381563	6	54.080	68.938
LG6	12410047	6	54.080	69.690
LG6	12463754	6	54.080	69.904
LG6	12463755	6	54.080	69.904
LG6	12470849	6	54.080	69.904
LG6	12470856	6	54.080	69.904
LG6	12470883	6	54.080	70.117
LG6	12480422	6	54.080	70.117
LG6	12535006	6	54.080	70.117
LG6	12535072	6	54.080	70.117
LG6	12535108	6	54.080	70.117
LG6	12535111	6	54.080	70.117
LG6	12558328	6	54.080	70.117
LG6	12561213	6	54.080	70.117
LG6	12576330	6	54.080	70.117
LG6	12576361	6	54.080	70.117
LG6	12604973	6	54.080	70.117
LG6	12606813	6	54.080	70.117
LG6	12606820	6	54.080	70.117
LG6	12615690	6	54.080	70.117
LG6	12615691	6	54.080	70.117
LG6	12616449	6	54.080	70.331
LG6	12616568	6	54.080	70.331
LG6	12618015	6	54.080	70.438
LG6	12618066	6	54.187	70.438
LG6	12628285	6	54.187	70.438
LG6	12646290	6	54.187	70.544
LG6	12646295	6	54.187	70.544
LG6	12646308	6	54.187	70.544
LG6	12660363	6	54.187	70.973
LG6	12660406	6	54.294	70.973
LG6	12682404	6	54.294	70.973
LG6	12682412	6	54.294	70.973
LG6	12682423	6	54.294	70.973
LG6	12682439	6	54.294	70.973
LG6	12700073	6	54.294	71.186
LG6	12731019	6	54.401	71.830
LG6	12756510	6	54.401	71.937
LG6	12769825	6	54.401	72.365
LG6	12864119	6	54.401	72.472
LG6	12864121	6	54.401	72.472
LG6	12869310	6	54.507	72.686
LG6	12875600	6	54.507	72.686
LG6	12875763	6	54.507	72.686
LG6	12920907	6	54.507	72.686
LG6	12924912	6	54.507	72.792
LG6	12924963	6	54.507	72.792
LG6	12946800	6	54.507	72.792
LG6	12969856	6	54.614	73.006
LG6	13035481	6	54.614	73.113
LG6	13041198	6	54.614	73.113
LG6	13047542	6	54.614	73.219
LG6	13118005	6	54.614	73.648
LG6	13125976	6	54.614	73.754
LG6	13125986	6	54.614	73.754
LG6	13125990	6	54.614	73.754
LG6	13127320	6	54.614	73.754
LG6	13127324	6	54.614	73.861
LG6	13214989	6	54.614	74.289
LG6	13240752	6	54.614	74.396
LG6	13240777	6	54.614	74.503
LG6	13246364	6	54.614	74.503
LG6	13251340	6	54.614	74.503
LG6	13257138	6	54.721	74.610
LG6	13257225	6	54.721	74.716
LG6	13258030	6	54.827	75.145
LG6	13258059	6	54.827	75.251
LG6	13307598	6	54.827	75.465
LG6	13357389	6	54.827	75.465
LG6	13381037	6	54.827	75.465
LG6	13438001	6	54.827	75.679
LG6	13462385	6	54.827	75.785
LG6	13468998	6	54.827	75.785
LG6	13469046	6	54.827	75.785
LG6	13469055	6	54.827	75.892
LG6	13488282	6	54.827	75.892
LG6	13504646	6	54.827	76.106
LG6	13504655	6	54.827	76.106
LG6	13520309	6	54.934	76.642
LG6	13520630	6	54.934	76.642
LG6	13532173	6	54.934	76.748
LG6	13532197	6	54.934	76.748
LG6	13621888	6	54.934	77.069
LG6	13625219	6	55.041	77.069
LG6	13625222	6	55.041	77.069
LG6	13675105	6	55.041	77.176
LG6	13702335	6	55.041	77.283
LG6	13702340	6	55.041	77.283
LG6	13702347	6	55.041	77.283
LG6	13727252	6	55.041	77.389
LG6	13727260	6	55.041	77.389
LG6	13727297	6	55.041	77.496
LG6	13735058	6	55.148	77.817
LG6	13741747	6	55.148	78.031
LG6	13742769	6	55.148	78.352
LG6	13757293	6	55.148	78.887
LG6	13781220	6	55.148	78.994
LG6	13798287	6	55.254	78.994
LG6	13798971	6	55.254	79.101
LG6	13830597	6	55.254	79.101
LG6	13889243	6	55.254	79.315
LG6	13891687	6	55.254	79.528
LG6	13901669	6	55.361	79.528
LG6	13901670	6	55.361	79.528
LG6	13909652	6	55.361	79.635
LG6	13919662	6	55.361	79.956
LG6	13960563	6	55.361	80.063
LG6	14006809	6	55.361	80.169
LG6	14038776	6	55.361	80.169
LG6	14045673	6	55.361	80.169
LG6	14045686	6	55.361	80.169
LG6	14045760	6	55.361	80.169
LG6	14074475	6	55.361	80.383
LG6	14084591	6	55.361	80.490
LG6	14104633	6	55.361	80.490
LG6	14104635	6	55.361	80.490
LG6	14104643	6	55.361	80.918
LG6	14104644	6	55.361	80.918
LG6	14127967	6	55.361	81.132
LG6	14128096	6	55.361	81.132
LG6	14140516	6	55.361	81.132
LG6	14144359	6	55.361	81.132
LG6	14144387	6	55.361	81.132
LG6	14153062	6	55.361	81.668
LG6	14160096	6	55.468	81.881
LG6	14160113	6	55.468	81.881
LG6	14160142	6	55.468	81.988
LG6	14199856	6	55.468	81.988
LG6	14218529	6	55.468	82.309
LG6	14222415	6	55.468	82.630
LG6	14242986	6	55.468	82.736
LG6	14276168	6	55.468	83.057
LG6	14282829	6	55.468	83.271
LG6	14315350	6	55.468	83.271
LG6	14320404	6	55.468	83.699
LG6	14320442	6	55.468	83.699
LG6	14362032	6	55.468	84.020
LG6	14386509	6	55.575	84.127
LG6	14442232	6	55.575	84.234
LG6	14442241	6	55.575	84.234
LG6	14469294	6	55.575	84.447
LG6	14508742	6	55.575	84.447
LG6	14508759	6	55.575	84.447
LG6	14510996	6	55.575	84.447
LG6	14519733	6	55.575	84.983
LG6	14534781	6	55.575	84.983
LG6	14534786	6	55.575	85.197
LG6	14537433	6	55.575	85.197
LG6	14538746	6	55.575	85.518
LG6	14558836	6	55.575	85.838
LG6	14592527	6	55.575	85.945
LG6	14592562	6	55.575	85.945
LG6	14614969	6	55.575	85.945
LG6	14621759	6	55.575	85.945
LG6	14621776	6	55.575	85.945
LG6	14624142	6	55.575	85.945
LG6	14624168	6	55.575	85.945
LG6	14624174	6	55.575	86.052
LG6	14645973	6	55.575	86.159
LG6	14648021	6	55.575	86.265
LG6	14648030	6	55.575	86.265
LG6	14648043	6	55.575	86.265
LG6	14649445	6	55.575	86.265
LG6	14690183	6	55.575	86.694
LG6	14695697	6	55.681	86.800
LG6	14696333	6	55.681	87.014
LG6	14729895	6	55.681	87.335
LG6	14732463	6	55.681	87.335
LG6	14732465	6	55.681	87.335
LG6	14732509	6	55.681	87.442
LG6	14777358	6	55.681	88.085
LG6	14777364	6	55.681	88.192
LG6	14782773	6	55.681	88.192
LG6	14793914	6	55.788	88.192
LG6	14793921	6	55.788	88.192
LG6	14793922	6	55.788	88.192
LG6	14899964	6	55.788	88.192
LG6	14908823	6	55.788	88.192
LG6	14909700	6	55.788	88.406
LG6	14911480	6	55.788	88.406
LG6	14911486	6	55.895	88.513
LG6	14921919	6	55.895	88.513
LG6	14988001	6	55.895	88.833
LG6	15015077	6	55.895	88.833
LG6	15015403	6	55.895	88.833
LG6	15015426	6	55.895	88.833
LG6	15017802	6	55.895	88.940
LG6	15017811	6	55.895	89.154
LG6	15039579	6	55.895	89.154
LG6	15054512	6	55.895	89.475
LG6	15083650	6	55.895	89.475
LG6	15105212	6	55.895	89.903
LG6	15107797	6	55.895	90.117
LG6	15107798	6	55.895	90.117
LG6	15121539	6	55.895	90.223
LG6	15142740	6	55.895	91.084
LG6	15218358	6	55.895	91.512
LG6	15218360	6	55.895	91.940
LG6	15273240	6	55.895	92.047
LG6	15310844	6	55.895	92.260
LG6	15367039	6	55.895	92.260
LG6	15374868	6	55.895	92.260
LG6	15394400	6	55.895	92.260
LG6	15401147	6	55.895	92.581
LG6	15416941	6	55.895	92.688
LG6	15458988	6	55.895	92.688
LG6	15472993	6	55.895	92.688
LG6	15481533	6	55.895	92.902
LG6	15481566	6	55.895	92.902
LG6	15486394	6	55.895	93.008
LG6	15512214	6	56.001	93.115
LG6	15551823	6	56.001	93.222
LG6	15553687	6	56.001	93.329
LG6	15631732	6	56.001	93.435
LG6	15646934	6	56.001	94.079
LG6	15647397	6	56.001	94.186
LG6	15660101	6	56.001	94.507
LG6	15668575	6	56.001	94.720
LG6	15687102	6	56.001	94.827
LG6	15693894	6	56.001	94.827
LG6	15729501	6	56.001	94.934
LG6	15756211	6	56.001	94.934
LG6	15766564	6	56.001	94.934
LG6	15813926	6	56.001	95.578
LG6	15910007	6	56.001	95.578
LG6	15913128	6	56.001	95.578
LG6	15913137	6	56.001	95.684
LG6	15918098	6	56.001	95.791
LG6	15953634	6	56.001	95.898
LG6	15988193	6	56.001	95.898
LG6	16006609	6	56.001	96.005
LG6	16011419	6	56.001	96.433
LG6	16011431	6	56.001	96.433
LG6	16029462	6	56.001	96.433
LG6	16034146	6	56.001	96.433
LG6	16051220	6	56.001	96.433
LG6	16051233	6	56.001	96.540
LG6	16103025	6	56.001	96.540
LG6	16110853	6	56.001	96.646
LG6	16110889	6	56.001	96.967
LG6	16122175	6	56.001	96.967
LG6	16123143	6	56.001	97.181
LG6	16129939	6	56.001	97.181
LG6	16183183	6	56.001	97.181
LG6	16183191	6	56.001	97.502
LG6	16216714	6	56.001	97.608
LG6	16244506	6	56.001	97.608
LG6	16287206	6	56.001	97.822
LG6	16377197	6	56.001	97.929
LG6	16437398	6	56.001	97.929
LG6	16501380	6	56.001	98.142
LG6	16531816	6	56.001	98.249
LG6	16543957	6	56.001	98.356
LG6	16588425	6	56.001	98.356
LG6	16667935	6	56.001	98.356
LG6	16677987	6	56.001	98.356
LG6	16678005	6	56.001	98.356
LG6	16678764	6	56.001	98.356
LG6	16678791	6	56.001	98.463
LG6	16678812	6	56.001	98.463
LG6	16734835	6	56.001	98.463
LG6	16864376	6	56.001	98.783
LG6	16942964	6	56.001	98.783
LG6	16966952	6	56.001	98.783
LG6	17009516	6	56.001	98.783
LG6	17019433	6	56.001	98.783
LG6	17260955	6	56.001	98.783
LG6	17265573	6	56.001	98.783
LG6	17265623	6	56.001	98.890
LG6	17430748	6	56.001	98.890
LG6	17451186	6	56.001	99.104
LG6	17652538	6	56.001	99.104
LG6	17652541	6	56.001	99.104
LG6	17674095	6	56.001	99.211
LG6	17712075	6	56.001	99.211
LG6	18165300	6	56.001	99.211
LG6	18166394	6	56.001	99.211
LG6	18259137	6	56.001	99.211
LG6	18261824	6	56.001	99.211
LG6	18303154	6	56.001	99.211
LG6	18314971	6	56.001	99.211
LG6	18400424	6	56.137	99.211
LG6	18400429	6	56.137	99.211
LG6	18400451	6	56.285	99.211
LG6	18668044	6	56.285	99.211
LG6	18793218	6	56.285	99.211
LG6	18856673	6	56.285	99.211
LG7	255973	7	0.000	0.000
LG7	255988	7	0.000	0.204
LG7	255996	7	0.000	0.204
LG7	376363	7	0.675	0.340
LG7	376364	7	0.675	0.340
LG7	406581	7	0.675	0.340
LG7	411845	7	0.675	0.462
LG7	419040	7	0.791	0.462
LG7	429175	7	0.791	0.577
LG7	429268	7	0.791	0.577
LG7	463922	7	0.900	0.909
LG7	675075	7	0.900	1.016
LG7	675110	7	0.900	1.123
LG7	688902	7	1.328	1.338
LG7	721056	7	1.328	1.552
LG7	747597	7	1.328	1.660
LG7	747689	7	1.328	1.660
LG7	792783	7	1.328	1.660
LG7	852756	7	1.328	1.660
LG7	853596	7	1.328	1.660
LG7	875665	7	1.328	1.660
LG7	875700	7	1.328	1.766
LG7	880158	7	1.328	1.873
LG7	926619	7	1.328	2.087
LG7	951368	7	1.328	2.087
LG7	965596	7	1.328	2.087
LG7	967047	7	1.328	2.087
LG7	974778	7	1.328	2.408
LG7	1076561	7	1.328	2.621
LG7	1076577	7	1.328	2.621
LG7	1082803	7	1.328	2.621
LG7	1092599	7	1.328	2.728
LG7	1108629	7	1.328	2.835
LG7	1130792	7	1.328	3.155
LG7	1242045	7	1.328	3.691
LG7	1250557	7	1.328	3.905
LG7	1304362	7	1.328	3.905
LG7	1322368	7	1.328	3.905
LG7	1346216	7	1.328	4.012
LG7	1346225	7	1.328	4.012
LG7	1379843	7	1.328	4.012
LG7	1449202	7	1.328	4.012
LG7	1492032	7	1.328	4.012
LG7	1492052	7	1.328	4.012
LG7	1492057	7	1.328	4.012
LG7	1528252	7	1.328	4.012
LG7	1723288	7	1.328	4.012
LG7	1745292	7	1.328	4.012
LG7	1797069	7	1.328	4.012
LG7	1809379	7	1.328	4.012
LG7	2168751	7	1.328	4.012
LG7	2222655	7	1.328	4.012
LG7	2309828	7	1.328	4.012
LG7	2350828	7	1.328	4.119
LG7	2664526	7	1.328	4.225
LG7	2790162	7	1.328	4.332
LG7	2933295	7	1.328	4.439
LG7	2936899	7	1.328	4.439
LG7	2940515	7	1.328	4.439
LG7	3143687	7	1.328	4.545
LG7	3171658	7	1.328	4.545
LG7	3174722	7	1.328	4.545
LG7	3174725	7	1.328	4.545
LG7	3174776	7	1.328	4.545
LG7	3174789	7	1.328	4.545
LG7	3192444	7	1.328	4.652
LG7	3192462	7	1.328	4.652
LG7	3192495	7	1.328	4.652
LG7	3208499	7	1.328	4.759
LG7	3244618	7	1.328	4.973
LG7	3244658	7	1.328	4.973
LG7	3274746	7	1.328	4.973
LG7	3301740	7	1.328	5.079
LG7	3303675	7	1.328	5.079
LG7	3303881	7	1.328	5.079
LG7	3313787	7	1.328	5.400
LG7	3324146	7	1.328	5.507
LG7	3339876	7	1.328	5.614
LG7	3345266	7	1.328	5.614
LG7	3347862	7	1.328	5.720
LG7	3405445	7	1.328	5.720
LG7	3457546	7	1.328	5.827
LG7	3457590	7	1.328	5.934
LG7	3534903	7	1.328	5.934
LG7	3605413	7	1.328	5.934
LG7	3619974	7	1.328	6.147
LG7	3626914	7	1.328	6.147
LG7	3643961	7	1.328	6.361
LG7	3652587	7	1.328	6.468
LG7	3681570	7	1.328	6.468
LG7	3699726	7	1.328	6.468
LG7	3750968	7	1.328	6.468
LG7	3750987	7	1.328	6.468
LG7	3751001	7	1.328	6.468
LG7	3751064	7	1.328	6.575
LG7	3751065	7	1.328	6.575
LG7	3754432	7	1.328	6.788
LG7	3768679	7	1.328	6.895
LG7	3839377	7	1.328	7.002
LG7	3857216	7	1.328	7.108
LG7	3866281	7	1.328	7.108
LG7	3868783	7	1.328	7.108
LG7	3876677	7	1.328	7.322
LG7	3876691	7	1.328	7.322
LG7	3897135	7	1.328	7.429
LG7	3897136	7	1.328	7.429
LG7	3897137	7	1.328	7.536
LG7	3904774	7	1.328	7.536
LG7	3907468	7	1.328	7.536
LG7	3907483	7	1.328	7.536
LG7	3912275	7	1.328	7.856
LG7	3916110	7	1.328	8.500
LG7	3916114	7	1.328	8.500
LG7	3932573	7	1.328	8.500
LG7	4038768	7	1.328	8.821
LG7	4126635	7	1.328	9.035
LG7	4132605	7	1.328	9.035
LG7	4167265	7	1.328	9.141
LG7	4245088	7	1.328	9.570
LG7	4249198	7	1.328	9.570
LG7	4251343	7	1.328	9.570
LG7	4275001	7	1.328	9.570
LG7	4275043	7	1.328	9.570
LG7	4279480	7	1.328	9.570
LG7	4279517	7	1.328	9.570
LG7	4283831	7	1.328	9.676
LG7	4303528	7	1.328	9.676
LG7	4317724	7	1.328	9.676
LG7	4333439	7	1.328	9.890
LG7	4333445	7	1.328	9.890
LG7	4346567	7	1.328	9.890
LG7	4353239	7	1.328	9.890
LG7	4358868	7	1.328	10.318
LG7	4376332	7	1.435	10.425
LG7	4410972	7	1.435	10.532
LG7	4412100	7	1.542	10.639
LG7	4419538	7	1.648	10.852
LG7	4459453	7	1.648	10.852
LG7	4460948	7	1.648	10.852
LG7	4460965	7	1.648	10.852
LG7	4474673	7	1.648	10.959
LG7	4499371	7	1.648	10.959
LG7	4499424	7	1.755	10.959
LG7	4560500	7	1.755	11.387
LG7	4564893	7	1.755	11.494
LG7	4569363	7	1.862	11.708
LG7	4648490	7	1.862	11.921
LG7	4675658	7	1.862	11.921
LG7	4788479	7	1.862	12.457
LG7	4828628	7	1.862	12.457
LG7	4828661	7	1.862	12.457
LG7	4828713	7	1.862	12.564
LG7	4828716	7	1.862	12.564
LG7	4862573	7	1.862	13.100
LG7	4862588	7	1.862	13.100
LG7	4869824	7	1.862	13.313
LG7	4910056	7	1.969	13.742
LG7	4974687	7	1.969	14.819
LG7	5012980	7	1.969	14.819
LG7	5069899	7	1.969	14.819
LG7	5114553	7	1.969	15.033
LG7	5126498	7	1.969	15.140
LG7	5187595	7	1.969	15.246
LG7	5210094	7	1.969	15.460
LG7	5210114	7	1.969	15.460
LG7	5243480	7	1.969	16.104
LG7	5243971	7	1.969	16.104
LG7	5251900	7	1.969	16.104
LG7	5251901	7	1.969	16.104
LG7	5261952	7	2.075	16.104
LG7	5261959	7	2.075	16.104
LG7	5261962	7	2.075	16.104
LG7	5271857	7	2.075	16.104
LG7	5291694	7	2.075	16.318
LG7	5294327	7	2.075	16.638
LG7	5343068	7	2.075	16.852
LG7	5363218	7	2.075	17.496
LG7	5403985	7	2.075	17.817
LG7	5451871	7	2.182	18.245
LG7	5462403	7	2.182	18.352
LG7	5466116	7	2.182	18.459
LG7	5466138	7	2.182	18.459
LG7	5466156	7	2.182	18.459
LG7	5476950	7	2.182	18.459
LG7	5484478	7	2.182	18.672
LG7	5615172	7	2.396	19.208
LG7	5623054	7	2.609	19.422
LG7	5660926	7	2.609	19.422
LG7	5660931	7	2.609	19.422
LG7	5672572	7	2.609	19.422
LG7	5673130	7	2.609	19.422
LG7	5750817	7	2.823	20.499
LG7	5763058	7	2.823	20.606
LG7	5763066	7	2.823	20.606
LG7	5763069	7	2.823	20.606
LG7	5763081	7	2.823	20.713
LG7	5764325	7	2.823	20.713
LG7	5773579	7	2.823	20.820
LG7	5774267	7	3.037	20.820
LG7	5775702	7	3.037	20.926
LG7	5790315	7	3.037	20.926
LG7	5790318	7	3.037	20.926
LG7	5790474	7	3.037	20.926
LG7	5832332	7	3.037	21.355
LG7	5867894	7	3.037	21.568
LG7	5932364	7	3.037	21.782
LG7	5948610	7	3.037	22.103
LG7	5948643	7	3.037	22.103
LG7	5955260	7	3.037	22.210
LG7	5962955	7	3.037	22.316
LG7	5985689	7	3.037	22.423
LG7	6006447	7	3.250	22.744
LG7	6011518	7	3.250	23.065
LG7	6021101	7	3.250	23.493
LG7	6060796	7	3.357	24.571
LG7	6095659	7	3.464	24.677
LG7	6206147	7	3.464	24.891
LG7	6241112	7	3.464	24.998
LG7	6241140	7	3.464	24.998
LG7	6334289	7	3.571	25.319
LG7	6384820	7	3.571	25.747
LG7	6415656	7	3.571	26.283
LG7	6451097	7	3.571	26.389
LG7	6464969	7	3.571	26.496
LG7	6492737	7	3.571	26.496
LG7	6502259	7	3.571	26.496
LG7	6502286	7	3.571	26.496
LG7	6517992	7	3.677	26.924
LG7	6519179	7	3.677	26.924
LG7	6519197	7	3.677	26.924
LG7	6519220	7	3.677	26.924
LG7	6546766	7	3.677	27.031
LG7	6548258	7	3.677	27.031
LG7	6548261	7	3.891	27.245
LG7	6586387	7	3.891	27.245
LG7	6625934	7	3.891	27.997
LG7	6685247	7	4.212	28.533
LG7	6690027	7	4.212	28.533
LG7	6690061	7	4.212	28.639
LG7	6690067	7	4.212	28.639
LG7	6690070	7	4.212	28.639
LG7	6722557	7	4.212	28.746
LG7	6722565	7	4.212	28.746
LG7	6722577	7	4.212	28.853
LG7	6727491	7	4.212	28.960
LG7	6727497	7	4.212	28.960
LG7	6794131	7	4.319	29.066
LG7	6795854	7	4.319	29.173
LG7	6798192	7	4.425	29.173
LG7	6835511	7	4.532	29.280
LG7	6835522	7	4.532	29.280
LG7	6835872	7	4.532	29.493
LG7	6852744	7	4.532	29.493
LG7	6854681	7	4.532	29.814
LG7	6854725	7	4.532	29.921
LG7	6948319	7	4.639	30.242
LG7	6966296	7	4.639	30.242
LG7	6966353	7	4.639	30.242
LG7	6974780	7	4.639	30.242
LG7	6989450	7	4.639	30.455
LG7	6994131	7	4.639	30.562
LG7	7029270	7	4.639	30.562
LG7	7061272	7	4.639	30.562
LG7	7067341	7	4.746	30.776
LG7	7140702	7	4.852	31.420
LG7	7140737	7	4.852	31.420
LG7	7181735	7	4.852	31.526
LG7	7261867	7	4.852	31.740
LG7	7273804	7	4.852	31.847
LG7	7300803	7	4.852	31.847
LG7	7358838	7	4.852	31.954
LG7	7397406	7	4.959	31.954
LG7	7397407	7	4.959	31.954
LG7	7469398	7	4.959	32.060
LG7	7469417	7	4.959	32.167
LG7	7473121	7	5.066	32.703
LG7	7601341	7	5.172	33.024
LG7	7614562	7	5.172	33.237
LG7	7614569	7	5.172	33.451
LG7	7663300	7	5.172	33.451
LG7	7685057	7	5.172	33.558
LG7	7685063	7	5.172	33.558
LG7	7687732	7	5.172	33.665
LG7	7687757	7	5.172	33.665
LG7	7703237	7	5.172	33.665
LG7	7703279	7	5.172	33.771
LG7	7721408	7	5.172	33.771
LG7	7745913	7	5.172	33.771
LG7	7745926	7	5.172	33.771
LG7	7762337	7	5.172	33.878
LG7	7774046	7	5.279	33.985
LG7	7819297	7	5.279	34.198
LG7	7821751	7	5.386	34.198
LG7	7834633	7	5.386	34.198
LG7	7834657	7	5.386	34.198
LG7	7835816	7	5.386	34.198
LG7	7868772	7	5.386	34.734
LG7	7910604	7	5.386	34.734
LG7	7910607	7	5.386	34.734
LG7	7935812	7	5.386	34.734
LG7	7941975	7	5.386	34.734
LG7	7944091	7	5.493	34.948
LG7	7958180	7	5.599	35.269
LG7	7962735	7	5.599	35.269
LG7	8009721	7	5.706	35.483
LG7	8033835	7	5.706	35.483
LG7	8050956	7	5.813	35.483
LG7	8077631	7	5.919	35.483
LG7	8101422	7	6.240	35.696
LG7	8127974	7	6.240	36.124
LG7	8263856	7	6.240	36.124
LG7	8286266	7	6.240	36.231
LG7	8315575	7	6.240	36.552
LG7	8323772	7	6.240	37.304
LG7	8435844	7	6.347	37.304
LG7	8548687	7	6.347	37.518
LG7	8579024	7	6.454	37.518
LG7	8579028	7	6.454	37.518
LG7	8579030	7	6.454	37.518
LG7	8579061	7	6.454	37.518
LG7	8579076	7	6.454	37.518
LG7	8611882	7	6.454	37.518
LG7	8668630	7	6.454	37.731
LG7	8668645	7	6.561	37.838
LG7	8668650	7	6.561	37.838
LG7	8751842	7	6.561	37.945
LG7	8752860	7	6.561	38.158
LG7	8752870	7	6.561	38.372
LG7	8756117	7	6.561	38.372
LG7	8874686	7	6.667	38.693
LG7	8883660	7	6.667	38.693
LG7	8883685	7	6.667	38.693
LG7	8883704	7	6.667	38.800
LG7	8883754	7	6.667	38.800
LG7	8883759	7	6.667	38.906
LG7	8883769	7	6.667	39.013
LG7	8884224	7	6.667	39.013
LG7	8895613	7	6.667	39.013
LG7	8908371	7	6.667	39.013
LG7	9038478	7	6.881	39.120
LG7	9073896	7	6.881	39.120
LG7	9104348	7	6.881	39.120
LG7	9113233	7	6.881	39.333
LG7	9113236	7	6.881	39.333
LG7	9124013	7	6.881	39.440
LG7	9127039	7	6.881	39.440
LG7	9141409	7	6.881	39.654
LG7	9141670	7	7.202	39.761
LG7	9214572	7	7.308	39.974
LG7	9215260	7	7.415	40.081
LG7	9266694	7	7.522	40.081
LG7	9432886	7	7.522	40.081
LG7	9445936	7	7.629	40.081
LG7	9445970	7	7.629	40.081
LG7	9482003	7	7.629	40.188
LG7	9491353	7	7.629	40.188
LG7	9543660	7	7.629	40.509
LG7	9543673	7	7.629	40.509
LG7	9559228	7	7.629	40.509
LG7	9585914	7	7.629	40.509
LG7	9588451	7	7.629	40.615
LG7	9589162	7	7.735	40.615
LG7	9589168	7	7.735	40.615
LG7	9589175	7	7.735	40.615
LG7	9589249	7	7.735	40.615
LG7	9603829	7	7.735	40.615
LG7	9611576	7	7.735	40.615
LG7	9611581	7	7.842	40.615
LG7	9611589	7	7.842	40.615
LG7	9624482	7	7.842	40.615
LG7	9624520	7	7.842	41.044
LG7	9639861	7	7.842	41.044
LG7	9639862	7	7.842	41.044
LG7	9639889	7	7.842	41.044
LG7	9644854	7	8.056	41.044
LG7	9664155	7	8.056	41.044
LG7	9681809	7	8.056	41.044
LG7	9719231	7	8.056	41.044
LG7	9719243	7	8.056	41.044
LG7	9740797	7	8.056	41.150
LG7	9745663	7	8.056	41.150
LG7	9745668	7	8.056	41.150
LG7	9837671	7	8.163	41.150
LG7	9910842	7	8.269	41.257
LG7	9935803	7	8.376	41.257
LG7	9965383	7	8.376	41.257
LG7	9982076	7	8.376	41.257
LG7	9982096	7	8.376	41.257
LG7	9982120	7	8.483	41.471
LG7	9999051	7	8.483	41.577
LG7	10005273	7	8.589	41.684
LG7	10027725	7	8.589	41.684
LG7	10027742	7	8.589	41.684
LG7	10027752	7	8.589	41.684
LG7	10083768	7	8.589	41.791
LG7	10083769	7	8.589	41.791
LG7	10109085	7	8.589	41.791
LG7	10115161	7	8.589	42.005
LG7	10140373	7	8.589	42.111
LG7	10175517	7	8.589	42.325
LG7	10226601	7	8.589	42.432
LG7	10273322	7	8.696	42.645
LG7	10274887	7	8.696	42.752
LG7	10289473	7	8.910	42.752
LG7	10289484	7	9.017	42.752
LG7	10292015	7	9.017	42.752
LG7	10307473	7	9.017	42.752
LG7	10319502	7	9.337	42.859
LG7	10336457	7	9.337	42.859
LG7	10336467	7	9.337	42.859
LG7	10336478	7	9.337	42.859
LG7	10336512	7	9.337	42.859
LG7	10382146	7	9.551	43.072
LG7	10382191	7	9.551	43.072
LG7	10390716	7	9.551	43.393
LG7	10397729	7	9.765	43.607
LG7	10421680	7	9.978	43.821
LG7	10442056	7	9.978	43.821
LG7	10484577	7	10.085	43.927
LG7	10542577	7	10.085	44.248
LG7	10629704	7	10.299	44.462
LG7	10634362	7	10.299	44.998
LG7	10634376	7	10.299	45.105
LG7	10695578	7	10.406	45.211
LG7	10695580	7	10.406	45.211
LG7	10716927	7	10.619	45.747
LG7	10827991	7	10.833	46.391
LG7	10828000	7	10.940	46.498
LG7	10876161	7	11.046	46.498
LG7	10881587	7	11.153	46.604
LG7	10898785	7	11.367	46.925
LG7	10926703	7	11.367	47.032
LG7	10986717	7	11.473	47.139
LG7	10998185	7	11.580	47.352
LG7	11001996	7	11.580	47.459
LG7	11066101	7	11.794	47.459
LG7	11066139	7	11.794	47.459
LG7	11114279	7	11.901	47.780
LG7	11114331	7	11.901	47.780
LG7	11114334	7	11.901	47.780
LG7	11126161	7	11.901	47.994
LG7	11134620	7	11.901	47.994
LG7	11145987	7	11.901	47.994
LG7	11156380	7	11.901	48.100
LG7	11181524	7	12.221	48.529
LG7	11181577	7	12.221	48.529
LG7	11190187	7	12.328	48.529
LG7	11190194	7	12.328	48.529
LG7	11190199	7	12.756	49.281
LG7	11230802	7	12.863	49.387
LG7	11457674	7	12.970	49.387
LG7	11502400	7	12.970	49.494
LG7	11502433	7	12.970	49.494
LG7	11516245	7	12.970	49.494
LG7	11530238	7	12.970	49.601
LG7	11536417	7	12.970	49.601
LG7	11536428	7	12.970	49.601
LG7	11536429	7	12.970	49.601
LG7	11536473	7	12.970	49.601
LG7	11564573	7	12.970	49.601
LG7	11567628	7	12.970	49.601
LG7	11567634	7	12.970	49.601
LG7	11582134	7	12.970	49.814
LG7	11599177	7	12.970	50.350
LG7	11599214	7	12.970	50.457
LG7	11643153	7	13.184	50.564
LG7	11643179	7	13.184	50.564
LG7	11654823	7	13.184	50.670
LG7	11654831	7	13.184	50.670
LG7	11654832	7	13.184	50.670
LG7	11654842	7	13.184	50.670
LG7	11654849	7	13.612	50.777
LG7	11694803	7	13.933	50.884
LG7	11781982	7	14.146	51.098
LG7	11831284	7	14.146	51.311
LG7	11845109	7	14.146	51.311
LG7	11845121	7	14.146	51.311
LG7	11845693	7	14.253	51.525
LG7	11845698	7	14.253	51.632
LG7	11884729	7	14.253	51.632
LG7	11953804	7	14.253	51.845
LG7	11963340	7	14.574	51.845
LG7	11981731	7	14.574	51.952
LG7	12048636	7	14.895	52.273
LG7	12048656	7	14.895	52.380
LG7	12072644	7	15.108	52.808
LG7	12072645	7	15.108	52.808
LG7	12072658	7	15.108	52.808
LG7	12131965	7	15.108	52.808
LG7	12138879	7	15.429	53.022
LG7	12193689	7	15.536	53.128
LG7	12193694	7	15.643	53.235
LG7	12259559	7	15.749	53.235
LG7	12267430	7	15.856	53.342
LG7	12277338	7	15.963	53.663
LG7	12293586	7	15.963	53.663
LG7	12311721	7	15.963	53.663
LG7	12317662	7	15.963	53.663
LG7	12317698	7	15.963	53.663
LG7	12320953	7	15.963	53.876
LG7	12332899	7	15.963	53.983
LG7	12356751	7	16.177	54.304
LG7	12356757	7	16.177	54.304
LG7	12381384	7	16.177	54.518
LG7	12381385	7	16.177	54.518
LG7	12394340	7	16.713	54.731
LG7	12413946	7	16.713	54.731
LG7	12426422	7	16.819	55.052
LG7	12458864	7	17.033	55.373
LG7	12464922	7	17.140	55.587
LG7	12473387	7	17.140	55.587
LG7	12502870	7	17.140	55.587
LG7	12564148	7	17.140	55.587
LG7	12564157	7	17.140	55.587
LG7	12564173	7	17.353	55.587
LG7	12574065	7	17.460	55.907
LG7	12581813	7	17.674	56.121
LG7	12597630	7	18.102	56.228
LG7	12623178	7	18.423	56.549
LG7	12623182	7	18.423	56.549
LG7	12675313	7	18.637	56.655
LG7	12706291	7	19.497	56.976
LG7	12726476	7	19.497	56.976
LG7	12741986	7	19.603	57.297
LG7	12742872	7	20.139	57.511
LG7	12744326	7	20.139	57.511
LG7	12765172	7	20.139	57.618
LG7	12794937	7	20.246	57.724
LG7	12805678	7	20.246	57.724
LG7	12840091	7	20.353	58.153
LG7	12840094	7	20.353	58.153
LG7	12907444	7	21.213	58.581
LG7	12958465	7	21.213	58.581
LG7	12996379	7	21.320	58.795
LG7	13005648	7	21.427	58.795
LG7	13088128	7	21.427	59.223
LG7	13088155	7	21.427	59.223
LG7	13096087	7	21.640	59.223
LG7	13102489	7	21.747	59.651
LG7	13102490	7	21.961	60.079
LG7	13135312	7	22.281	60.400
LG7	13199265	7	22.495	60.614
LG7	13199276	7	22.495	60.614
LG7	13215616	7	22.923	61.042
LG7	13215617	7	22.923	61.042
LG7	13356801	7	23.244	61.578
LG7	13430797	7	23.244	62.222
LG7	13430949	7	23.458	62.436
LG7	13430975	7	23.672	62.864
LG7	13455636	7	23.778	63.077
LG7	13484349	7	23.885	63.506
LG7	13513757	7	23.992	63.719
LG7	13521121	7	24.099	63.826
LG7	13524147	7	24.312	63.933
LG7	13525062	7	24.312	64.040
LG7	13575271	7	24.419	64.146
LG7	13590389	7	24.526	64.360
LG7	13590390	7	24.526	64.360
LG7	13590392	7	24.526	64.360
LG7	13590962	7	24.739	64.360
LG7	13596504	7	24.739	64.467
LG7	13609827	7	24.739	64.467
LG7	13621153	7	24.846	64.467
LG7	13675447	7	25.274	64.573
LG7	13675465	7	25.274	64.573
LG7	13694258	7	25.274	64.680
LG7	13694284	7	25.274	64.680
LG7	13731528	7	25.274	64.680
LG7	13734048	7	25.274	64.787
LG7	13757765	7	25.274	64.787
LG7	13764188	7	25.381	64.787
LG7	13764206	7	25.809	65.323
LG7	13772420	7	26.023	65.323
LG7	13811990	7	26.559	65.644
LG7	13930470	7	26.880	66.072
LG7	13954265	7	27.416	66.608
LG7	13980898	7	27.416	66.608
LG7	13980927	7	27.416	66.608
LG7	13981679	7	27.522	66.821
LG7	13995266	7	27.522	66.928
LG7	13995321	7	27.736	67.249
LG7	14019340	7	28.164	67.677
LG7	14041251	7	28.593	68.213
LG7	14084246	7	28.699	68.534
LG7	14084251	7	28.806	68.641
LG7	14084274	7	28.806	68.748
LG7	14088926	7	29.127	69.068
LG7	14107611	7	29.448	69.820
LG7	14145916	7	29.448	70.141
LG7	14167529	7	29.661	70.569
LG7	14167568	7	30.090	70.998
LG7	14167574	7	30.090	71.104
LG7	14270098	7	30.196	71.533
LG7	14323659	7	30.625	72.285
LG7	14323697	7	31.161	72.713
LG7	14340629	7	31.267	72.713
LG7	14372112	7	31.374	73.034
LG7	14372116	7	31.374	73.034
LG7	14391599	7	31.481	73.034
LG7	14400167	7	31.909	73.786
LG7	14426556	7	32.016	73.892
LG7	14450505	7	32.229	74.644
LG7	14500436	7	32.229	75.072
LG7	14534133	7	32.336	75.501
LG7	14553683	7	32.764	75.714
LG7	14589407	7	33.408	76.466
LG7	14656217	7	33.836	76.787
LG7	14673965	7	34.050	77.108
LG7	14763495	7	34.157	77.215
LG7	14780079	7	34.264	77.215
LG7	14857405	7	34.584	77.751
LG7	14877544	7	34.798	77.751
LG7	14877564	7	34.798	77.751
LG7	14877589	7	34.798	77.964
LG7	14877593	7	34.905	77.964
LG7	14931068	7	35.012	78.178
LG7	14931093	7	35.012	78.178
LG7	14949799	7	35.440	78.499
LG7	14949800	7	35.654	78.499
LG7	15051257	7	35.654	79.359
LG7	15071896	7	35.760	79.466
LG7	15101126	7	35.867	79.573
LG7	15101933	7	36.295	79.679
LG7	15117004	7	36.509	79.786
LG7	15117032	7	36.509	79.786
LG7	15133799	7	36.723	80.000
LG7	15133870	7	37.583	80.643
LG7	15181079	7	37.796	80.857
LG7	15239406	7	38.010	81.609
LG7	15239450	7	38.010	81.609
LG7	15239458	7	38.224	81.609
LG7	15278813	7	38.331	81.609
LG7	15323533	7	38.544	82.469
LG7	15342597	7	38.651	82.469
LG7	15351802	7	38.651	82.790
LG7	15351814	7	38.758	82.897
LG7	15368651	7	39.186	83.111
LG7	15386979	7	39.186	83.217
LG7	15419177	7	39.400	83.324
LG7	15435569	7	39.506	83.538
LG7	15492023	7	39.506	83.538
LG7	15492024	7	39.506	83.538
LG7	15492034	7	39.506	83.538
LG7	15492054	7	39.506	83.538
LG7	15492059	7	39.506	83.538
LG7	15492489	7	39.613	83.751
LG7	15492490	7	39.613	83.751
LG7	15492496	7	39.613	83.751
LG7	15492498	7	39.613	83.751
LG7	15492520	7	39.613	83.858
LG7	15494252	7	39.613	83.965
LG7	15497715	7	39.613	83.965
LG7	15505838	7	39.720	84.071
LG7	15505844	7	39.827	84.285
LG7	15513202	7	39.933	84.499
LG7	15517944	7	40.040	84.606
LG7	15542745	7	40.254	84.926
LG7	15565218	7	40.682	85.570
LG7	15589209	7	41.110	86.648
LG7	15591233	7	41.538	86.969
LG7	15626827	7	41.645	87.290
LG7	15626828	7	41.645	87.290
LG7	15626832	7	41.645	87.290
LG7	15678029	7	41.752	87.396
LG7	15685064	7	41.859	87.503
LG7	15728342	7	42.395	87.824
LG7	15790836	7	42.395	87.824
LG7	15817452	7	42.823	88.038
LG7	15817930	7	42.823	88.251
LG7	15817949	7	42.823	88.251
LG7	15826258	7	43.144	88.679
LG7	15849365	7	43.144	89.215
LG7	15857421	7	44.221	89.429
LG7	15915215	7	44.328	89.643
LG7	15915246	7	44.328	89.749
LG7	15942440	7	44.328	89.749
LG7	15945003	7	44.328	89.749
LG7	15945038	7	44.542	89.963
LG7	15982802	7	44.648	90.177
LG7	15987730	7	44.648	90.390
LG7	15987731	7	44.648	90.390
LG7	15989635	7	44.648	90.390
LG7	16005650	7	44.862	90.711
LG7	16021997	7	44.862	90.818
LG7	16024419	7	44.969	90.925
LG7	16032103	7	45.076	90.925
LG7	16065701	7	45.182	90.925
LG7	16069908	7	45.396	91.246
LG7	16108415	7	45.503	91.459
LG7	16108424	7	45.503	91.459
LG7	16117907	7	45.503	91.459
LG7	16131951	7	45.503	91.566
LG7	16153011	7	45.609	91.566
LG7	16153717	7	45.716	91.673
LG7	16181131	7	45.716	91.779
LG7	16181669	7	45.823	91.779
LG7	16181707	7	45.930	91.779
LG7	16209135	7	46.250	91.779
LG7	16221946	7	46.571	91.779
LG7	16243171	7	47.323	91.779
LG7	16307433	7	47.537	91.779
LG7	16324345	7	47.751	91.779
LG7	16362444	7	47.751	91.779
LG7	16365120	7	47.751	91.779
LG7	16382260	7	47.751	91.779
LG7	16406555	7	47.964	91.993
LG7	16436379	7	48.071	91.993
LG7	16440394	7	48.071	91.993
LG7	16443210	7	48.071	91.993
LG7	16445110	7	48.392	91.993
LG7	16467028	7	48.605	92.100
LG7	16506012	7	48.819	92.207
LG7	16517754	7	48.926	92.313
LG7	16520526	7	49.033	92.313
LG7	16522406	7	49.033	92.420
LG7	16550539	7	49.353	92.420
LG7	16560488	7	49.460	92.420
LG7	16628402	7	49.567	92.420
LG7	16630094	7	49.567	92.420
LG7	16631346	7	49.567	92.420
LG7	16632393	7	49.567	92.420
LG7	16632537	7	49.567	92.420
LG7	16632560	7	49.567	92.420
LG7	16672713	7	49.567	92.420
LG7	16688082	7	49.567	92.420
LG7	16697160	7	49.567	92.420
LG7	16699695	7	49.567	92.420
LG7	16709527	7	49.567	92.420
LG7	16727444	7	49.567	92.420
LG7	16745235	7	49.674	92.527
LG7	16745242	7	49.674	92.527
LG7	16784799	7	49.674	92.527
LG7	16784806	7	49.780	92.527
LG7	16800028	7	49.780	92.527
LG7	16847156	7	50.101	92.527
LG7	16855540	7	50.208	92.527
LG7	16882645	7	50.208	92.527
LG7	16882671	7	50.208	92.527
LG7	16953308	7	50.208	92.527
LG7	16953331	7	50.208	92.527
LG7	16959046	7	50.208	92.527
LG7	16969783	7	50.208	92.527
LG7	16976422	7	50.208	92.527
LG7	16982445	7	50.315	92.527
LG7	16982462	7	50.421	92.527
LG7	16995702	7	50.421	92.527
LG7	16998628	7	50.528	92.527
LG7	16998632	7	50.528	92.527
LG7	16998639	7	50.635	92.527
LG7	17004234	7	50.635	92.527
LG7	17004250	7	50.635	92.527
LG7	17028678	7	50.635	92.527
LG7	17028687	7	50.635	92.527
LG7	17059817	7	50.635	92.527
LG7	17059823	7	50.635	92.527
LG7	17059829	7	50.635	92.527
LG7	17060208	7	50.635	92.527
LG7	17105551	7	50.635	92.527
LG7	17105577	7	50.635	92.527
LG7	17115537	7	50.635	92.527
LG7	17115547	7	50.635	92.527
LG7	17156866	7	50.743	92.527
LG7	17174128	7	50.743	92.527
LG7	17174174	7	50.743	92.527
LG7	17178787	7	50.743	92.527
LG7	17212548	7	50.743	92.527
LG7	17226820	7	50.743	92.527
LG7	17226831	7	50.743	92.527
LG7	17228647	7	50.743	92.635
LG7	17247003	7	50.743	92.635
LG7	17247492	7	50.743	92.635
LG7	17248135	7	50.743	92.635
LG7	17259656	7	50.743	92.635
LG7	17304558	7	50.743	92.635
LG7	17307953	7	50.853	92.635
LG7	17340481	7	50.853	92.635
LG7	17340482	7	50.853	92.635
LG7	17349030	7	50.853	92.635
LG7	17349184	7	50.853	92.635
LG7	17392201	7	50.967	92.635
LG7	17416933	7	50.967	92.635
LG7	17436306	7	50.967	92.635
LG7	17494524	7	50.967	92.635
LG7	17501899	7	50.967	92.743
LG7	17606973	7	50.967	92.743
LG7	17626490	7	50.967	92.743
LG7	17627373	7	50.967	92.743
LG7	17627377	7	51.092	92.743
LG7	17660692	7	51.416	92.743
LG7	17760062	7	51.759	92.743
LG7	17779148	7	51.759	92.743
LG7	17779149	7	51.759	92.743
LG7	17847384	7	51.759	92.985
LG7	17847425	7	51.759	92.985
LG7	17847430	7	53.405	93.340
LG8	113122	8	0.000	0.000
LG8	128903	8	0.000	0.000
LG8	151553	8	0.178	0.000
LG8	301127	8	0.178	0.000
LG8	311292	8	0.330	0.000
LG8	333248	8	0.456	0.115
LG8	401332	8	0.569	0.226
LG8	401342	8	0.569	0.226
LG8	427073	8	0.569	0.226
LG8	428721	8	0.569	0.226
LG8	508027	8	0.569	0.226
LG8	508031	8	0.569	0.226
LG8	508046	8	0.569	0.226
LG8	508048	8	0.569	0.226
LG8	512246	8	0.678	0.226
LG8	513900	8	0.678	0.226
LG8	531097	8	0.678	0.226
LG8	571104	8	0.678	0.226
LG8	571146	8	0.678	0.226
LG8	578394	8	0.678	0.333
LG8	634967	8	0.678	0.333
LG8	635760	8	0.678	0.439
LG8	643372	8	0.785	0.439
LG8	645263	8	0.785	0.546
LG8	645279	8	1.213	0.546
LG8	669413	8	1.213	0.760
LG8	669419	8	1.213	0.760
LG8	711660	8	1.427	0.760
LG8	711661	8	1.427	0.760
LG8	711667	8	1.427	0.760
LG8	741554	8	1.533	0.760
LG8	776122	8	1.640	0.974
LG8	786440	8	2.068	0.974
LG8	932742	8	2.282	0.974
LG8	936465	8	2.282	1.080
LG8	948808	8	2.496	1.294
LG8	948810	8	2.496	1.294
LG8	948834	8	2.496	1.294
LG8	948836	8	2.496	1.294
LG8	964060	8	2.710	1.508
LG8	964069	8	2.710	1.508
LG8	998779	8	3.030	1.614
LG8	1036250	8	3.459	1.721
LG8	1111012	8	3.779	1.935
LG8	1111020	8	3.779	1.935
LG8	1111021	8	3.886	2.041
LG8	1191662	8	3.993	2.470
LG8	1191674	8	3.993	2.470
LG8	1191692	8	4.100	3.006
LG8	1224540	8	4.100	3.112
LG8	1224589	8	4.313	3.219
LG8	1224593	8	4.634	3.326
LG8	1226348	8	4.634	3.433
LG8	1262015	8	4.634	3.539
LG8	1291198	8	5.062	3.539
LG8	1295587	8	5.062	3.539
LG8	1328751	8	5.062	3.539
LG8	1332693	8	5.062	3.539
LG8	1380181	8	5.491	3.860
LG8	1408294	8	5.704	3.860
LG8	1413219	8	5.811	3.860
LG8	1413249	8	5.811	3.860
LG8	1413250	8	5.811	3.860
LG8	1413251	8	5.811	3.860
LG8	1413294	8	5.918	3.860
LG8	1413313	8	5.918	3.860
LG8	1416714	8	6.239	4.074
LG8	1435839	8	6.775	4.074
LG8	1449913	8	6.881	4.181
LG8	1449982	8	6.881	4.287
LG8	1450018	8	6.881	4.394
LG8	1489180	8	6.988	4.394
LG8	1489181	8	6.988	4.394
LG8	1496421	8	6.988	4.394
LG8	1496449	8	7.202	4.501
LG8	1503811	8	7.202	4.822
LG8	1503831	8	7.202	4.822
LG8	1504675	8	7.308	5.035
LG8	1505680	8	7.415	5.035
LG8	1516955	8	7.415	5.035
LG8	1536262	8	7.629	5.035
LG8	1536281	8	7.629	5.035
LG8	1537405	8	7.736	5.035
LG8	1544121	8	7.736	5.249
LG8	1556936	8	8.056	5.356
LG8	1590935	8	8.163	5.569
LG8	1594480	8	8.377	5.998
LG8	1599163	8	8.484	5.998
LG8	1599172	8	8.590	5.998
LG8	1599839	8	8.911	6.211
LG8	1599871	8	9.018	6.318
LG8	1605079	8	9.018	6.532
LG8	1648722	8	9.662	7.284
LG8	1648770	8	9.768	7.390
LG8	1814842	8	10.089	7.604
LG8	1814943	8	10.410	7.925
LG8	1870156	8	10.838	8.353
LG8	1926972	8	11.159	9.213
LG8	1926976	8	11.266	9.213
LG8	1926982	8	11.266	9.320
LG8	1926983	8	11.266	9.320
LG8	1927006	8	11.266	9.320
LG8	1927012	8	12.018	10.289
LG8	1937466	8	12.125	10.396
LG8	2035822	8	12.231	10.716
LG8	2055824	8	12.338	10.823
LG8	2106450	8	12.982	11.359
LG8	2106470	8	13.089	11.359
LG8	2149050	8	13.195	11.466
LG8	2168296	8	13.409	11.679
LG8	2176977	8	13.516	11.679
LG8	2209170	8	13.837	11.786
LG8	2220791	8	14.050	12.000
LG8	2220823	8	14.050	12.428
LG8	2222185	8	14.157	12.642
LG8	2244224	8	14.264	12.748
LG8	2268679	8	14.692	12.962
LG8	2268694	8	14.692	12.962
LG8	2280956	8	14.906	12.962
LG8	2300005	8	14.906	13.283
LG8	2300007	8	14.906	13.283
LG8	2300025	8	14.906	13.283
LG8	2301160	8	14.906	13.390
LG8	2336186	8	14.906	14.034
LG8	2336211	8	14.906	14.140
LG8	2336214	8	14.906	14.140
LG8	2343251	8	14.906	14.569
LG8	2343279	8	14.906	14.675
LG8	2348343	8	15.119	15.104
LG8	2370249	8	15.333	15.317
LG8	2393821	8	15.440	15.853
LG8	2484976	8	15.761	16.713
LG8	2485014	8	15.974	16.820
LG8	2489107	8	16.081	16.820
LG8	2489160	8	16.295	16.820
LG8	2490042	8	16.615	17.464
LG8	2502763	8	16.722	17.571
LG8	2556709	8	17.366	18.322
LG8	2606492	8	17.366	18.429
LG8	2627848	8	17.580	18.536
LG8	2705146	8	17.580	18.643
LG8	2724579	8	17.580	18.643
LG8	2724617	8	17.580	18.643
LG8	2727564	8	17.686	18.749
LG8	2754777	8	17.900	19.178
LG8	2759808	8	17.900	19.284
LG8	2778011	8	18.436	19.498
LG8	2823252	8	18.972	19.605
LG8	2864194	8	19.079	19.818
LG8	2864203	8	19.185	19.925
LG8	2864212	8	19.185	19.925
LG8	2864251	8	19.399	20.139
LG8	2897959	8	20.477	20.999
LG8	2900396	8	20.477	21.427
LG8	2900411	8	20.797	21.427
LG8	2923484	8	21.118	22.614
LG8	2949166	8	21.118	23.042
LG8	2949170	8	21.118	23.042
LG8	2949182	8	21.118	23.042
LG8	2949185	8	21.225	23.471
LG8	3091491	8	21.439	24.439
LG8	3099562	8	21.439	24.653
LG8	3099608	8	21.439	24.867
LG8	3104132	8	21.652	25.295
LG8	3112072	8	21.759	25.402
LG8	3112132	8	21.866	26.045
LG8	3125042	8	22.079	26.689
LG8	3202456	8	22.079	26.689
LG8	3225249	8	22.079	26.689
LG8	3227779	8	22.079	26.689
LG8	3232377	8	22.079	26.796
LG8	3250514	8	22.079	27.010
LG8	3250561	8	22.079	27.010
LG8	3268147	8	22.079	27.546
LG8	3268156	8	22.079	27.546
LG8	3283027	8	22.186	28.189
LG8	3283051	8	22.186	28.189
LG8	3343691	8	22.186	28.833
LG8	3444028	8	22.186	28.940
LG8	3444029	8	22.186	28.940
LG8	3449318	8	22.186	28.940
LG8	3449348	8	22.186	28.940
LG8	3449355	8	22.186	28.940
LG8	3454940	8	22.186	29.154
LG8	3471654	8	22.186	29.154
LG8	3471696	8	22.400	29.154
LG8	3514491	8	22.507	29.474
LG8	3537202	8	22.613	29.688
LG8	3539180	8	22.720	30.224
LG8	3550014	8	22.720	30.545
LG8	3573646	8	22.827	30.759
LG8	3573682	8	22.827	30.759
LG8	3585987	8	22.934	31.079
LG8	3590284	8	22.934	31.079
LG8	3635426	8	22.934	31.615
LG8	3635441	8	22.934	31.829
LG8	3672172	8	22.934	31.936
LG8	3672614	8	22.934	31.936
LG8	3711072	8	22.934	32.579
LG8	3711087	8	22.934	32.686
LG8	3738566	8	23.040	33.330
LG8	3738569	8	23.040	33.330
LG8	3738576	8	23.040	33.330
LG8	3738911	8	23.040	33.437
LG8	3744459	8	23.040	33.865
LG8	3787111	8	23.040	35.380
LG8	4035580	8	23.040	36.349
LG8	4097510	8	23.040	36.349
LG8	4101635	8	23.147	36.456
LG8	4101649	8	23.147	36.456
LG8	4101661	8	23.147	36.563
LG8	4109172	8	23.147	36.776
LG8	4130151	8	23.147	36.883
LG8	4171778	8	23.147	37.419
LG8	4171784	8	23.147	37.419
LG8	4171983	8	23.147	37.847
LG8	4171991	8	23.147	37.954
LG8	4171996	8	23.147	37.954
LG8	4219909	8	23.254	37.954
LG8	4318234	8	23.254	38.382
LG8	4318273	8	23.254	38.382
LG8	4370854	8	23.360	38.703
LG8	4379326	8	23.467	38.703
LG8	4379348	8	23.467	38.703
LG8	4405271	8	23.574	39.024
LG8	4405285	8	23.574	39.024
LG8	4422890	8	23.574	39.024
LG8	4425014	8	23.574	39.024
LG8	4439900	8	23.681	39.024
LG8	4476943	8	23.681	39.345
LG8	4476946	8	23.681	39.345
LG8	4526294	8	23.681	39.345
LG8	4533776	8	23.681	39.451
LG8	4533825	8	23.681	39.451
LG8	4586928	8	23.681	40.095
LG8	4593728	8	23.787	40.095
LG8	4611725	8	24.216	40.416
LG8	4629967	8	24.216	40.523
LG8	4639888	8	24.216	40.523
LG8	4645904	8	24.216	40.523
LG8	4645906	8	24.216	40.523
LG8	4645908	8	24.216	40.523
LG8	4651807	8	24.644	40.629
LG8	4680033	8	24.644	40.736
LG8	4700264	8	24.644	40.843
LG8	4716440	8	24.644	40.843
LG8	4732940	8	24.644	41.057
LG8	4770867	8	24.644	41.593
LG8	4804761	8	24.644	41.593
LG8	4928836	8	24.644	41.593
LG8	4928837	8	24.644	41.593
LG8	4928879	8	24.644	41.806
LG8	4962822	8	24.644	41.913
LG8	4968511	8	24.644	41.913
LG8	4989599	8	24.644	42.020
LG8	4992896	8	24.644	42.126
LG8	4998549	8	24.644	42.126
LG8	4998559	8	24.644	42.126
LG8	5041217	8	24.644	42.233
LG8	5043833	8	24.644	42.233
LG8	5044321	8	24.644	42.233
LG8	5048125	8	24.644	42.554
LG8	5051810	8	24.644	42.768
LG8	5068589	8	24.644	42.981
LG8	5069110	8	24.644	42.981
LG8	5082939	8	24.644	42.981
LG8	5082978	8	24.644	42.981
LG8	5087074	8	24.644	43.088
LG8	5087096	8	24.644	43.088
LG8	5134447	8	24.644	43.195
LG8	5147228	8	24.858	43.408
LG8	5147249	8	24.858	43.408
LG8	5162844	8	24.858	43.408
LG8	5209312	8	24.858	43.515
LG8	5219677	8	24.858	43.622
LG8	5298240	8	24.858	43.622
LG8	5311873	8	24.858	43.622
LG8	5311875	8	24.858	43.622
LG8	5320774	8	24.964	43.622
LG8	5320788	8	24.964	43.622
LG8	5327325	8	24.964	43.622
LG8	5329957	8	24.964	43.622
LG8	5343060	8	24.964	43.622
LG8	5343099	8	24.964	43.622
LG8	5344709	8	24.964	43.622
LG8	5344723	8	24.964	43.622
LG8	5350153	8	24.964	43.729
LG8	5358488	8	24.964	43.835
LG8	5358518	8	24.964	43.835
LG8	5365486	8	24.964	43.835
LG8	5386907	8	24.964	43.835
LG8	5386908	8	24.964	43.835
LG8	5386920	8	24.964	43.835
LG8	5396132	8	24.964	43.942
LG8	5398537	8	24.964	44.156
LG8	5416384	8	24.964	44.262
LG8	5416391	8	24.964	44.262
LG8	5416408	8	24.964	44.262
LG8	5442305	8	24.964	44.262
LG8	5461536	8	24.964	44.262
LG8	5461543	8	24.964	44.262
LG8	5478125	8	24.964	44.262
LG8	5506961	8	24.964	44.369
LG8	5531385	8	24.964	44.583
LG8	5560057	8	24.964	44.690
LG8	5606307	8	24.964	44.690
LG8	5606317	8	25.071	44.796
LG8	5611887	8	25.071	45.010
LG8	5633249	8	25.071	45.010
LG8	5666425	8	25.071	45.117
LG8	5667016	8	25.071	45.117
LG8	5668779	8	25.071	45.438
LG8	5674876	8	25.071	45.866
LG8	5741738	8	25.071	45.973
LG8	5741741	8	25.071	45.973
LG8	5753217	8	25.178	46.186
LG8	5766304	8	25.178	46.293
LG8	5792979	8	25.178	46.293
LG8	5800944	8	25.178	46.293
LG8	5806462	8	25.284	46.400
LG8	5806463	8	25.284	46.400
LG8	5806464	8	25.284	46.400
LG8	5806465	8	25.284	46.400
LG8	5810760	8	25.284	46.506
LG8	5810782	8	25.284	46.506
LG8	5863399	8	25.391	46.506
LG8	5871125	8	25.391	46.613
LG8	5915538	8	25.391	47.149
LG8	5915543	8	25.391	47.149
LG8	6014157	8	25.391	47.577
LG8	6043216	8	25.391	47.791
LG8	6050966	8	25.391	47.791
LG8	6058827	8	25.391	48.005
LG8	6064903	8	25.391	48.005
LG8	6084719	8	25.391	48.218
LG8	6084751	8	25.498	48.218
LG8	6106657	8	25.498	48.218
LG8	6132912	8	25.498	48.432
LG8	6180113	8	25.605	48.539
LG8	6183890	8	25.605	48.539
LG8	6183925	8	25.605	48.645
LG8	6187309	8	25.605	48.645
LG8	6276167	8	25.605	48.859
LG8	6295540	8	25.605	49.073
LG8	6301346	8	25.605	49.179
LG8	6308494	8	25.605	49.179
LG8	6329042	8	25.605	49.286
LG8	6346910	8	25.605	49.286
LG8	6349440	8	25.605	49.286
LG8	6356957	8	25.818	49.286
LG8	6356960	8	25.818	49.393
LG8	6356977	8	25.818	49.500
LG8	6389131	8	25.818	49.606
LG8	6389161	8	25.818	49.713
LG8	6434323	8	25.925	49.927
LG8	6482350	8	26.032	49.927
LG8	6552861	8	26.032	50.140
LG8	6588738	8	26.032	50.140
LG8	6655785	8	26.032	50.354
LG8	6719180	8	26.032	50.354
LG8	6759325	8	26.032	50.354
LG8	6929594	8	26.032	50.461
LG8	6952733	8	26.138	50.675
LG8	6995659	8	26.138	50.675
LG8	6995670	8	26.138	50.675
LG8	6996712	8	26.138	50.675
LG8	6996731	8	26.138	50.675
LG8	7021403	8	26.138	50.995
LG8	7070688	8	26.138	50.995
LG8	7086798	8	26.138	50.995
LG8	7105982	8	26.138	51.102
LG8	7159705	8	26.138	51.102
LG8	7159734	8	26.138	51.102
LG8	7161299	8	26.138	51.209
LG8	7170535	8	26.138	51.209
LG8	7246967	8	26.138	51.209
LG8	7268367	8	26.138	51.209
LG8	7374752	8	26.138	51.209
LG8	7376205	8	26.138	51.209
LG8	7386041	8	26.138	51.209
LG8	7394261	8	26.138	51.209
LG8	7395919	8	26.138	51.316
LG8	7407530	8	26.138	51.316
LG8	7462499	8	26.245	51.636
LG8	7491827	8	26.245	51.636
LG8	7580071	8	26.245	51.636
LG8	7594080	8	26.245	51.850
LG8	7605029	8	26.245	51.850
LG8	7616619	8	26.245	51.850
LG8	7635591	8	26.245	51.850
LG8	7637115	8	26.245	51.850
LG8	7637146	8	26.245	51.850
LG8	7641447	8	26.245	51.850
LG8	7687781	8	26.245	51.957
LG8	7716223	8	26.245	51.957
LG8	7788360	8	26.245	51.957
LG8	7795564	8	26.245	51.957
LG8	7799516	8	26.245	51.957
LG8	7825942	8	26.245	51.957
LG8	7897739	8	26.245	51.957
LG8	7909599	8	26.245	51.957
LG8	7922743	8	26.245	51.957
LG8	7924935	8	26.245	51.957
LG8	7930272	8	26.245	51.957
LG8	7964358	8	26.245	51.957
LG8	7964375	8	26.245	52.064
LG8	8011649	8	26.245	52.064
LG8	8033956	8	26.245	52.064
LG8	8067284	8	26.245	52.064
LG8	8169168	8	26.245	52.170
LG8	8208501	8	26.245	52.170
LG8	8210154	8	26.245	52.170
LG8	8223003	8	26.245	52.170
LG8	8279190	8	26.245	52.277
LG8	8279200	8	26.245	52.277
LG8	8279209	8	26.245	52.277
LG8	8292654	8	26.245	52.277
LG8	8292731	8	26.245	52.277
LG8	8292733	8	26.245	52.277
LG8	8304372	8	26.245	52.277
LG8	8304386	8	26.245	52.277
LG8	8412143	8	26.245	52.277
LG8	8452810	8	26.245	52.277
LG8	8491993	8	26.245	52.277
LG8	8544487	8	26.245	52.277
LG8	8739577	8	26.245	52.277
LG8	8810942	8	26.245	52.277
LG8	8815238	8	26.245	52.277
LG8	9040321	8	26.245	52.277
LG8	9073895	8	26.245	52.277
LG8	9151927	8	26.245	52.277
LG8	9296172	8	26.245	52.277
LG8	9412517	8	26.245	52.384
LG8	9603991	8	26.245	52.490
LG8	9876442	8	26.245	52.597
LG8	9943467	8	26.245	52.597
LG8	10030390	8	26.245	52.597
LG8	10030394	8	26.245	52.597
LG8	10101593	8	26.245	52.597
LG8	10174337	8	26.245	52.597
LG8	10176207	8	26.245	52.597
LG8	10176434	8	26.245	52.597
LG8	10270176	8	26.245	52.597
LG8	10272362	8	26.245	52.704
LG8	10272382	8	26.245	52.811
LG8	10284770	8	26.245	52.811
LG8	10421703	8	26.245	52.917
LG8	10430304	8	26.245	53.131
LG8	10430311	8	26.245	53.131
LG8	10432902	8	26.245	53.238
LG8	10432923	8	26.245	53.238
LG8	10671870	8	26.245	53.344
LG8	11132831	8	26.245	53.880
LG8	11132909	8	26.245	53.880
LG8	11146539	8	26.245	53.880
LG8	11255545	8	26.245	53.987
LG8	11257973	8	26.245	53.987
LG8	11361332	8	26.245	54.201
LG8	11375708	8	26.245	54.201
LG8	11376999	8	26.245	54.201
LG8	11377015	8	26.245	54.201
LG8	11398156	8	26.245	54.307
LG8	11398169	8	26.245	54.307
LG8	11493694	8	26.245	54.414
LG8	11588035	8	26.352	54.735
LG8	11593431	8	26.352	54.949
LG8	11594112	8	26.352	54.949
LG8	11815010	8	26.352	54.949
LG8	11815011	8	26.352	54.949
LG8	11866497	8	26.352	55.055
LG8	11885677	8	26.352	55.055
LG8	11885690	8	26.352	55.055
LG8	11920884	8	26.352	55.055
LG8	11951331	8	26.352	55.055
LG8	11958204	8	26.352	55.055
LG8	11983529	8	26.352	55.055
LG8	12018163	8	26.352	55.162
LG8	12020681	8	26.352	55.162
LG8	12032148	8	26.352	55.162
LG8	12032167	8	26.352	55.269
LG8	12032292	8	26.352	55.269
LG8	12040541	8	26.352	55.269
LG8	12041151	8	26.352	55.376
LG8	12054557	8	26.352	55.482
LG8	12093024	8	26.352	55.482
LG8	12093096	8	26.352	55.482
LG8	12100323	8	26.459	55.589
LG8	12111459	8	26.459	55.589
LG8	12121185	8	26.459	55.589
LG8	12121238	8	26.459	55.589
LG8	12184611	8	26.459	55.589
LG8	12208027	8	26.565	55.589
LG8	12214730	8	26.672	55.589
LG8	12286365	8	26.779	55.696
LG8	12307094	8	26.779	56.017
LG8	12343576	8	26.885	56.230
LG8	12349151	8	26.885	56.230
LG8	12350825	8	26.885	56.337
LG8	12367256	8	26.885	56.337
LG8	12368377	8	26.885	56.444
LG8	12449290	8	26.885	56.444
LG8	12449331	8	26.885	56.551
LG8	12533075	8	26.992	56.551
LG8	12533575	8	26.992	56.551
LG8	12538309	8	26.992	56.764
LG8	12538310	8	26.992	56.764
LG8	12578143	8	26.992	56.764
LG8	12578641	8	26.992	56.764
LG8	12614618	8	26.992	56.764
LG8	12653156	8	26.992	56.871
LG8	12658010	8	26.992	56.871
LG8	12717239	8	26.992	57.192
LG8	12736505	8	26.992	57.298
LG8	12736514	8	26.992	57.512
LG8	12754459	8	26.992	57.619
LG8	12775987	8	26.992	57.726
LG8	12853682	8	26.992	57.832
LG8	12853683	8	26.992	57.832
LG8	12875872	8	26.992	57.939
LG8	12875927	8	26.992	58.153
LG8	12928827	8	26.992	58.259
LG8	13048060	8	27.099	59.120
LG8	13118340	8	27.099	59.441
LG8	13149446	8	27.206	59.441
LG8	13160377	8	27.206	59.441
LG8	13213287	8	27.312	59.869
LG8	13223811	8	27.312	59.869
LG8	13260611	8	27.312	59.869
LG8	13261309	8	27.312	59.869
LG8	13261322	8	27.312	59.869
LG8	13261780	8	27.312	59.869
LG8	13369226	8	27.312	59.869
LG8	13369247	8	27.312	59.869
LG8	13369260	8	27.312	59.869
LG8	13369271	8	27.312	59.869
LG8	13369273	8	27.312	59.869
LG8	13380674	8	27.312	59.869
LG8	13380694	8	27.312	59.869
LG8	13380697	8	27.312	59.869
LG8	13380698	8	27.312	59.869
LG8	13388147	8	27.312	59.869
LG8	13405106	8	27.312	59.976
LG8	13405110	8	27.526	59.976
LG8	13422742	8	27.526	60.082
LG8	13434948	8	27.633	60.189
LG8	13481014	8	27.633	60.189
LG8	13481043	8	27.633	60.189
LG8	13491522	8	27.633	60.296
LG8	13499176	8	27.633	60.296
LG8	13499203	8	27.633	60.296
LG8	13499216	8	27.633	60.296
LG8	13513248	8	27.633	60.296
LG8	13513298	8	27.633	60.296
LG8	13517930	8	27.740	60.402
LG8	13517936	8	27.740	60.616
LG8	13529185	8	27.740	60.723
LG8	13539458	8	27.740	60.937
LG8	13539500	8	27.740	61.043
LG8	13611633	8	27.740	61.043
LG8	13611636	8	27.740	61.043
LG8	13614889	8	27.740	61.043
LG8	13614939	8	27.740	61.043
LG8	13616810	8	27.740	61.043
LG8	13626032	8	27.740	61.579
LG8	13626036	8	27.740	61.579
LG8	13756065	8	27.846	61.900
LG8	13786300	8	27.953	61.900
LG8	13786301	8	27.953	61.900
LG8	13786439	8	27.953	62.328
LG8	13786459	8	27.953	62.435
LG8	13806034	8	27.953	62.542
LG8	13837190	8	27.953	62.648
LG8	13900235	8	27.953	62.755
LG8	13910736	8	27.953	62.755
LG8	13910746	8	27.953	62.862
LG8	13910751	8	27.953	62.862
LG8	14004173	8	28.060	63.076
LG8	14012555	8	28.166	63.076
LG8	14014097	8	28.273	63.719
LG8	14029925	8	28.273	64.148
LG8	14030004	8	28.273	64.148
LG8	14076664	8	28.380	64.254
LG8	14093320	8	28.380	64.254
LG8	14100711	8	28.487	64.361
LG8	14100724	8	28.487	64.361
LG8	14116772	8	28.487	64.361
LG8	14119543	8	28.487	64.468
LG8	14119549	8	28.487	64.468
LG8	14132322	8	28.487	64.468
LG8	14171335	8	28.487	64.468
LG8	14171336	8	28.487	64.468
LG8	14171337	8	28.487	64.468
LG8	14184988	8	28.487	64.468
LG8	14205913	8	28.593	64.789
LG8	14229566	8	28.700	65.541
LG8	14275839	8	28.807	65.754
LG8	14275859	8	28.807	65.968
LG8	14283305	8	28.807	66.182
LG8	14402506	8	28.807	66.182
LG8	14411672	8	28.807	66.395
LG8	14441104	8	28.807	66.502
LG8	14441136	8	28.913	66.502
LG8	14490523	8	28.913	66.609
LG8	14490572	8	28.913	66.609
LG8	14499685	8	29.020	66.822
LG8	14520028	8	29.020	66.822
LG8	14520029	8	29.020	66.822
LG8	14538048	8	29.127	66.822
LG8	14555812	8	29.127	67.251
LG8	14662110	8	29.234	67.679
LG8	14672486	8	29.234	68.000
LG8	14739661	8	29.340	68.000
LG8	14770090	8	29.340	68.321
LG8	14776157	8	29.340	68.641
LG8	14848985	8	29.554	68.962
LG8	14852785	8	29.554	69.176
LG8	14854219	8	29.554	69.283
LG8	14864508	8	29.554	69.389
LG8	14902208	8	29.554	69.389
LG8	14922150	8	29.554	69.710
LG8	14955746	8	29.554	69.817
LG8	14985827	8	29.554	69.924
LG8	14990679	8	29.554	70.030
LG8	15009062	8	29.554	70.030
LG8	15031212	8	29.661	70.030
LG8	15036480	8	29.661	70.030
LG8	15040353	8	29.661	70.351
LG8	15050202	8	29.661	70.351
LG8	15094951	8	29.874	70.672
LG8	15129159	8	29.874	70.779
LG8	15129167	8	29.874	70.779
LG8	15154980	8	29.981	70.993
LG8	15157167	8	29.981	71.206
LG8	15164766	8	29.981	71.313
LG8	15228858	8	29.981	71.849
LG8	15228944	8	29.981	71.849
LG8	15232924	8	29.981	72.170
LG8	15276432	8	30.302	72.706
LG8	15277749	8	30.302	72.706
LG8	15277750	8	30.302	72.706
LG8	15277800	8	30.302	72.706
LG8	15297930	8	30.302	73.027
LG8	15297931	8	30.302	73.240
LG8	15305451	8	30.409	73.668
LG8	15308639	8	30.515	73.775
LG8	15315487	8	30.515	73.989
LG8	15317350	8	30.622	73.989
LG8	15317389	8	30.622	73.989
LG8	15317391	8	30.622	73.989
LG8	15366020	8	30.836	74.096
LG8	15393885	8	30.943	74.096
LG8	15426976	8	31.049	74.632
LG8	15430624	8	31.263	74.952
LG8	15489647	8	31.584	76.030
LG8	15489668	8	31.584	76.137
LG8	15510684	8	31.798	76.350
LG8	15510693	8	31.798	76.457
LG8	15510712	8	31.904	76.457
LG8	15510744	8	31.904	76.457
LG8	15592615	8	31.904	76.778
LG8	15592776	8	31.904	76.778
LG8	15599152	8	32.011	76.778
LG8	15612914	8	32.011	76.992
LG8	15612931	8	32.118	77.098
LG8	15625369	8	32.118	77.098
LG8	15636617	8	32.118	77.419
LG8	15656777	8	32.118	77.740
LG8	15656811	8	32.118	77.740
LG8	15667282	8	32.118	78.168
LG8	15685494	8	32.118	78.168
LG8	15708668	8	32.118	78.275
LG8	15767158	8	32.118	78.489
LG8	15768440	8	32.118	78.595
LG8	15772890	8	32.118	78.702
LG8	15793519	8	32.118	79.023
LG8	15793540	8	32.331	79.237
LG8	15809744	8	32.331	79.665
LG8	15824928	8	32.331	79.772
LG8	15834707	8	32.331	79.772
LG8	15845144	8	32.331	79.878
LG8	15845155	8	32.331	79.985
LG8	15845177	8	32.331	79.985
LG8	15845188	8	32.331	79.985
LG8	15851201	8	32.331	80.306
LG8	15854211	8	32.331	80.306
LG8	15856325	8	32.331	80.306
LG8	15863007	8	32.545	80.413
LG8	15863008	8	32.545	80.413
LG8	15888504	8	32.545	80.519
LG8	15895291	8	32.545	80.626
LG8	15895295	8	32.545	80.733
LG8	15901602	8	32.545	80.733
LG8	15905740	8	32.652	80.840
LG8	15905778	8	32.758	81.161
LG8	15958273	8	32.758	81.267
LG8	15970782	8	32.865	81.588
LG8	15975431	8	32.865	82.016
LG8	16035755	8	33.186	82.768
LG8	16086790	8	33.186	83.089
LG8	16103211	8	33.400	83.196
LG8	16128555	8	33.506	83.196
LG8	16132789	8	33.506	83.196
LG8	16138802	8	33.506	83.196
LG8	16138843	8	33.506	83.196
LG8	16169754	8	33.613	83.517
LG8	16169934	8	33.613	83.517
LG8	16169961	8	33.613	83.730
LG8	16170558	8	33.613	83.944
LG8	16170590	8	33.613	83.944
LG8	16170593	8	33.613	83.944
LG8	16195374	8	33.613	83.944
LG8	16204068	8	33.613	83.944
LG8	16204073	8	33.720	84.158
LG8	16207615	8	33.720	84.158
LG8	16233323	8	34.148	84.586
LG8	16233324	8	34.148	84.693
LG8	16233351	8	34.362	85.014
LG8	16308427	8	34.576	85.227
LG8	16310627	8	34.682	85.227
LG8	16320231	8	34.789	85.334
LG8	16352369	8	34.789	85.334
LG8	16352402	8	34.789	85.548
LG8	16352403	8	34.789	85.548
LG8	16352416	8	34.789	85.654
LG8	16356513	8	34.896	85.654
LG8	16369404	8	34.896	85.654
LG8	16369685	8	35.002	85.654
LG8	16369701	8	35.109	85.761
LG8	16383496	8	35.216	86.082
LG8	16388772	8	35.537	86.403
LG8	16436605	8	35.858	86.403
LG8	16447325	8	35.964	86.724
LG8	16447326	8	35.964	86.724
LG8	16461238	8	35.964	86.724
LG8	16464995	8	35.964	86.724
LG8	16466922	8	35.964	87.152
LG8	16467016	8	36.071	87.259
LG8	16467050	8	36.071	87.472
LG8	16484435	8	36.071	87.472
LG8	16484470	8	36.178	87.901
LG8	16504583	8	36.284	87.901
LG8	16516338	8	36.605	88.329
LG8	16530024	8	37.249	88.650
LG8	16599795	8	37.356	88.650
LG8	16599801	8	37.356	88.650
LG8	16599804	8	37.570	88.650
LG8	16648568	8	37.676	88.650
LG8	16649582	8	37.890	88.756
LG8	16659848	8	37.890	88.863
LG8	16659917	8	37.890	88.970
LG8	16666952	8	38.104	89.506
LG8	16698482	8	38.210	89.719
LG8	16706029	8	38.424	89.826
LG8	16737672	8	38.638	90.147
LG8	16764892	8	38.638	90.468
LG8	16765876	8	38.851	90.575
LG8	16765879	8	38.851	90.681
LG8	16765901	8	38.851	90.895
LG8	16790408	8	39.280	91.323
LG8	16819058	8	39.708	91.323
LG8	16819079	8	39.708	91.430
LG8	16825005	8	40.029	91.858
LG8	16825014	8	40.029	91.858
LG8	16825035	8	40.029	92.072
LG8	16909446	8	40.135	92.500
LG8	16910341	8	40.349	92.821
LG8	16951996	8	40.349	92.821
LG8	16952640	8	40.349	92.928
LG8	16952643	8	40.456	93.141
LG8	16954115	8	40.456	93.462
LG8	16975056	8	40.563	93.569
LG8	16986234	8	40.669	93.569
LG8	16998745	8	40.990	93.783
LG8	16998771	8	40.990	93.783
LG8	17019072	8	41.204	93.889
LG8	17028774	8	41.311	93.889
LG8	17028818	8	41.311	93.889
LG8	17031308	8	41.524	94.210
LG8	17068324	8	41.631	94.854
LG8	17068371	8	41.738	94.854
LG8	17068372	8	41.738	94.854
LG8	17069238	8	41.738	94.854
LG8	17125674	8	41.738	94.854
LG8	17161890	8	41.844	95.282
LG8	17177013	8	41.951	95.496
LG8	17177280	8	42.379	96.140
LG8	17185743	8	42.379	96.568
LG8	17202352	8	42.379	96.675
LG8	17215307	8	42.379	96.782
LG8	17215417	8	42.379	97.102
LG8	17226835	8	42.593	97.209
LG8	17252861	8	42.807	97.530
LG8	17252864	8	42.807	97.744
LG8	17298849	8	42.807	97.744
LG8	17308152	8	42.807	97.744
LG8	17315783	8	42.913	97.744
LG8	17331793	8	42.913	97.957
LG8	17333496	8	43.020	98.064
LG8	17358903	8	43.020	98.385
LG8	17359545	8	43.556	98.813
LG8	17359550	8	43.556	98.813
LG8	17359779	8	43.770	99.134
LG8	17469559	8	44.091	99.994
LG8	17485581	8	44.091	99.994
LG8	17485590	8	44.197	100.101
LG8	17518132	8	44.411	100.422
LG8	17518246	8	44.518	100.422
LG8	17551634	8	44.624	100.422
LG8	17560216	8	44.731	100.422
LG8	17560959	8	44.731	100.422
LG8	17560963	8	44.731	100.529
LG8	17566630	8	44.838	100.635
LG8	17576374	8	44.945	100.635
LG8	17576498	8	45.158	100.635
LG8	17584312	8	45.479	100.742
LG8	17594525	8	45.693	100.742
LG8	17599727	8	45.693	100.742
LG8	17603611	8	45.800	100.742
LG8	17603624	8	45.800	100.849
LG8	17618273	8	45.800	101.170
LG8	17625746	8	45.800	101.276
LG8	17625752	8	45.800	101.276
LG8	17625755	8	45.800	101.276
LG8	17658029	8	45.906	101.276
LG8	17658068	8	46.120	101.490
LG8	17669334	8	46.120	101.490
LG8	17669386	8	46.120	101.490
LG8	17676605	8	46.334	101.490
LG8	17711496	8	46.440	102.350
LG8	17711519	8	46.440	102.350
LG8	17751721	8	46.547	102.350
LG8	17754782	8	46.547	102.457
LG8	17755933	8	46.547	102.564
LG8	17755966	8	46.547	102.670
LG8	17782715	8	46.761	102.777
LG8	17782727	8	46.868	102.777
LG8	17782762	8	46.868	102.777
LG8	17782775	8	46.868	103.205
LG8	17782777	8	47.188	103.741
LG8	17789439	8	47.295	103.741
LG8	17817181	8	47.295	103.848
LG8	17833281	8	47.295	103.955
LG8	17855699	8	47.295	103.955
LG8	17855722	8	47.295	103.955
LG8	17855733	8	47.295	103.955
LG8	17878274	8	47.295	103.955
LG8	17878318	8	47.402	103.955
LG8	17922596	8	47.830	104.061
LG8	17930002	8	47.937	104.061
LG8	17930009	8	47.937	104.168
LG8	17948000	8	47.937	104.275
LG8	17948046	8	47.937	104.275
LG8	17962720	8	48.044	104.275
LG8	17978550	8	48.044	104.382
LG8	18006884	8	48.257	104.488
LG8	18009073	8	48.471	104.488
LG8	18009076	8	48.471	104.488
LG8	18009141	8	48.471	104.488
LG8	18009150	8	48.471	104.488
LG8	18018331	8	48.471	104.595
LG8	18020832	8	48.685	104.702
LG8	18027158	8	48.685	104.702
LG8	18077822	8	49.005	104.916
LG8	18176425	8	49.005	105.129
LG8	18177343	8	49.005	105.129
LG8	18177346	8	49.005	105.129
LG8	18177347	8	49.005	105.236
LG8	18180402	8	49.005	105.236
LG8	18190697	8	49.005	105.236
LG8	18197781	8	49.005	105.236
LG8	18197794	8	49.005	105.236
LG8	18197797	8	49.005	105.236
LG8	18197904	8	49.112	105.236
LG8	18209523	8	49.326	105.450
LG8	18212137	8	49.326	105.450
LG8	18212138	8	49.326	105.450
LG8	18214078	8	49.326	105.450
LG8	18214122	8	49.326	105.450
LG8	18220829	8	49.433	105.450
LG8	18224161	8	49.539	105.663
LG8	18260933	8	49.646	105.663
LG8	18261617	8	49.860	105.663
LG8	18263026	8	49.860	105.663
LG8	18281625	8	49.966	105.663
LG8	18300636	8	50.073	105.663
LG8	18301739	8	50.180	105.770
LG8	18320777	8	50.287	105.770
LG8	18358445	8	50.287	105.984
LG8	18358465	8	50.287	106.090
LG8	18360214	8	50.287	106.090
LG8	18360315	8	50.287	106.197
LG8	18362234	8	50.287	106.197
LG8	18362257	8	50.393	106.197
LG8	18363009	8	50.500	106.304
LG8	18373146	8	50.607	106.304
LG8	18391673	8	50.607	106.304
LG8	18393117	8	50.607	106.304
LG8	18404713	8	50.713	106.411
LG8	18407102	8	50.927	106.517
LG8	18408400	8	50.927	106.624
LG8	18432021	8	50.927	106.838
LG8	18432027	8	51.034	106.838
LG8	18433704	8	51.248	107.051
LG8	18443558	8	51.354	107.695
LG8	18443588	8	51.461	107.695
LG8	18492252	8	51.997	107.802
LG8	18563911	8	52.533	108.016
LG8	18570365	8	52.533	108.016
LG8	18570386	8	52.533	108.122
LG8	18570401	8	52.533	108.122
LG8	18577516	8	52.533	108.122
LG8	18577594	8	52.533	108.122
LG8	18632506	8	52.533	108.122
LG8	18654857	8	52.533	108.122
LG8	18668521	8	52.640	108.336
LG8	18682999	8	52.640	108.443
LG8	18695630	8	52.746	108.443
LG8	18701347	8	52.746	108.443
LG8	18702959	8	52.746	108.443
LG8	18702981	8	52.746	108.443
LG8	18702988	8	52.746	108.443
LG8	18702996	8	52.746	108.443
LG8	18703706	8	52.746	108.443
LG8	18708151	8	52.853	108.443
LG8	18709410	8	52.853	108.443
LG8	18709443	8	53.067	108.443
LG8	18733326	8	53.173	108.549
LG8	18747861	8	53.173	108.870
LG8	18815177	8	53.173	108.870
LG8	18815216	8	53.173	108.870
LG8	18843132	8	53.387	108.870
LG8	18843155	8	53.387	108.870
LG8	18843172	8	53.494	109.084
LG8	18864642	8	53.494	109.298
LG8	18892976	8	53.815	109.298
LG8	18892980	8	53.815	109.298
LG8	18899096	8	54.243	109.298
LG8	18909120	8	54.457	109.298
LG8	18918700	8	54.457	109.298
LG8	18920208	8	54.457	109.298
LG8	18925817	8	54.563	109.298
LG8	18956117	8	54.670	109.298
LG8	18960423	8	54.884	109.618
LG8	19017378	8	54.990	109.725
LG8	19025229	8	55.097	109.725
LG8	19059530	8	55.204	109.832
LG8	19059536	8	55.204	109.832
LG8	19059839	8	55.311	110.046
LG8	19070713	8	55.311	110.046
LG8	19080687	8	55.417	110.046
LG8	19100754	8	55.631	110.046
LG8	19100755	8	55.631	110.046
LG8	19112183	8	55.631	110.046
LG8	19112203	8	55.631	110.046
LG8	19112221	8	55.631	110.152
LG8	19131367	8	55.631	110.366
LG8	19142719	8	55.845	110.473
LG8	19156554	8	55.951	110.473
LG8	19159904	8	56.165	110.579
LG8	19172804	8	56.165	110.579
LG8	19281510	8	56.809	110.900
LG8	19324305	8	56.809	111.007
LG8	19383715	8	56.916	111.114
LG8	19433692	8	56.916	111.542
LG8	19459360	8	56.916	111.542
LG8	19459598	8	56.916	111.542
LG8	19459599	8	56.916	111.542
LG8	19480273	8	56.916	111.542
LG8	19503301	8	56.916	111.542
LG8	19524265	8	56.916	111.542
LG8	19538866	8	56.916	111.542
LG8	19567463	8	56.916	111.542
LG8	19579645	8	57.022	111.542
LG8	19579646	8	57.022	111.542
LG8	19586227	8	57.022	111.542
LG8	19589856	8	57.022	111.542
LG8	19601849	8	57.022	111.542
LG8	19611015	8	57.022	111.542
LG8	19611076	8	57.129	111.542
LG8	19614579	8	57.129	111.542
LG8	19618964	8	57.129	111.542
LG8	19623371	8	57.129	111.542
LG8	19624345	8	57.129	111.649
LG8	19660103	8	57.129	111.649
LG8	19660127	8	57.129	111.649
LG8	19670852	8	57.129	111.649
LG8	19670921	8	57.129	111.649
LG8	19670926	8	57.129	111.649
LG8	19676828	8	57.129	111.755
LG8	19676831	8	57.129	111.755
LG8	19679302	8	57.129	111.755
LG8	19685020	8	57.129	111.862
LG8	19685024	8	57.129	111.862
LG8	19685028	8	57.129	111.862
LG8	19690564	8	57.129	111.862
LG8	19717825	8	57.236	111.862
LG8	19733519	8	57.236	111.862
LG8	19776583	8	57.342	111.862
LG8	19778904	8	57.342	111.862
LG8	19783393	8	57.342	111.862
LG8	19801759	8	57.449	111.862
LG8	19821509	8	57.449	111.970
LG8	19821513	8	57.449	111.970
LG8	19821541	8	57.449	111.970
LG8	19821555	8	57.449	111.970
LG8	19828661	8	57.449	111.970
LG8	19849990	8	57.449	111.970
LG8	19865498	8	57.449	111.970
LG8	19874630	8	57.449	111.970
LG8	19883630	8	57.449	111.970
LG8	19966656	8	57.562	112.091
LG8	19984176	8	57.677	112.091
LG8	19984208	8	57.677	112.091
LG8	20017027	8	57.677	112.091
LG8	20017277	8	57.677	112.091
LG8	20086143	8	57.677	112.091
LG8	20101011	8	57.677	112.091
LG8	20140854	8	57.677	112.091
LG8	20151040	8	57.677	112.091
LG8	20225488	8	57.677	112.091
LG8	20256398	8	57.677	112.091
LG8	20261575	8	57.677	112.091
LG8	20267239	8	57.932	112.091
LG8	20269249	8	57.932	112.091
LG9	25963	9	0.000	0.000
LG9	31740	9	0.000	0.000
LG9	99067	9	0.190	0.000
LG9	134878	9	0.365	0.000
LG9	191459	9	0.506	0.244
LG9	226817	9	0.506	0.244
LG9	226820	9	0.506	0.244
LG9	226843	9	0.626	0.244
LG9	226848	9	0.626	0.244
LG9	234435	9	0.626	0.244
LG9	237656	9	0.626	0.244
LG9	240675	9	0.626	0.244
LG9	245131	9	0.626	0.244
LG9	245147	9	0.626	0.244
LG9	338679	9	0.626	0.351
LG9	353605	9	0.626	0.351
LG9	353642	9	0.626	0.351
LG9	376415	9	0.733	0.351
LG9	385353	9	0.733	0.457
LG9	426928	9	0.733	0.457
LG9	466760	9	0.840	0.457
LG9	477700	9	0.947	0.457
LG9	482482	9	0.947	0.457
LG9	482493	9	1.054	0.457
LG9	487117	9	1.054	0.671
LG9	504536	9	1.054	0.671
LG9	531643	9	1.054	0.671
LG9	531658	9	1.054	0.671
LG9	531674	9	1.054	0.671
LG9	531694	9	1.054	0.671
LG9	558886	9	1.374	0.778
LG9	563914	9	1.481	0.885
LG9	563919	9	1.481	0.885
LG9	576708	9	1.802	0.885
LG9	578905	9	1.909	0.885
LG9	582910	9	2.015	0.991
LG9	587402	9	2.015	0.991
LG9	587417	9	2.015	1.098
LG9	589606	9	2.015	1.098
LG9	629326	9	2.767	1.205
LG9	669172	9	2.767	1.205
LG9	700322	9	2.767	1.205
LG9	700327	9	2.767	1.205
LG9	700370	9	2.767	1.205
LG9	723622	9	2.767	1.205
LG9	723967	9	2.874	1.633
LG9	733783	9	2.874	1.740
LG9	733786	9	2.874	1.740
LG9	737390	9	2.874	1.953
LG9	793064	9	3.088	1.953
LG9	800588	9	3.194	2.060
LG9	816230	9	3.301	2.274
LG9	869529	9	3.515	2.487
LG9	873218	9	3.515	2.594
LG9	885100	9	3.622	2.701
LG9	894748	9	3.622	2.808
LG9	898366	9	3.622	2.808
LG9	912204	9	3.942	3.021
LG9	942685	9	4.049	3.021
LG9	952222	9	4.049	3.235
LG9	969394	9	4.049	3.449
LG9	969421	9	4.370	3.555
LG9	1022291	9	4.477	3.769
LG9	1035584	9	4.477	3.983
LG9	1080423	9	4.798	4.519
LG9	1080424	9	4.798	4.519
LG9	1093321	9	4.904	4.519
LG9	1115922	9	5.011	4.625
LG9	1115924	9	5.011	4.625
LG9	1115934	9	5.011	4.625
LG9	1133388	9	5.225	4.946
LG9	1137450	9	5.331	4.946
LG9	1145007	9	5.545	5.590
LG9	1145080	9	5.652	5.697
LG9	1248717	9	6.404	6.666
LG9	1253195	9	6.832	7.526
LG9	1313775	9	6.939	7.633
LG9	1331813	9	6.939	7.633
LG9	1346452	9	7.045	7.739
LG9	1346463	9	7.152	7.739
LG9	1367876	9	7.259	7.739
LG9	1372412	9	7.259	7.739
LG9	1386067	9	7.366	7.953
LG9	1414286	9	7.579	7.953
LG9	1414289	9	7.579	8.167
LG9	1414301	9	7.686	8.273
LG9	1418268	9	7.900	8.273
LG9	1418289	9	7.900	8.273
LG9	1432876	9	7.900	8.273
LG9	1432919	9	8.113	8.917
LG9	1432929	9	8.113	8.917
LG9	1432947	9	8.327	8.917
LG9	1456052	9	8.327	9.238
LG9	1464165	9	8.541	9.774
LG9	1464923	9	8.541	9.774
LG9	1464924	9	8.541	9.774
LG9	1475285	9	8.969	10.634
LG9	1512950	9	8.969	10.955
LG9	1512959	9	8.969	10.955
LG9	1512963	9	8.969	10.955
LG9	1549606	9	8.969	11.169
LG9	1551403	9	8.969	11.275
LG9	1551435	9	9.076	12.136
LG9	1551454	9	9.076	12.349
LG9	1551460	9	9.076	12.456
LG9	1592532	9	9.504	12.992
LG9	1752880	9	9.611	13.636
LG9	1775404	9	9.611	14.172
LG9	1783208	9	9.932	14.924
LG9	1795938	9	9.932	14.924
LG9	1796040	9	10.038	15.137
LG9	1796240	9	10.145	15.458
LG9	1796260	9	10.145	15.458
LG9	1796284	9	10.145	15.458
LG9	1796285	9	10.145	15.458
LG9	1916116	9	10.789	15.994
LG9	1958992	9	11.110	16.208
LG9	1970116	9	11.216	16.208
LG9	1973110	9	11.216	16.529
LG9	2006230	9	11.323	16.849
LG9	2121465	9	11.751	17.493
LG9	2121486	9	11.751	17.493
LG9	2160126	9	11.751	17.707
LG9	2160377	9	11.751	17.707
LG9	2189420	9	11.965	17.920
LG9	2202300	9	12.072	17.920
LG9	2202308	9	12.072	17.920
LG9	2202309	9	12.072	17.920
LG9	2202311	9	12.179	17.920
LG9	2214655	9	12.392	18.027
LG9	2250586	9	12.392	18.027
LG9	2275691	9	12.392	18.348
LG9	2312437	9	12.606	18.455
LG9	2312444	9	12.606	18.455
LG9	2312510	9	12.713	18.455
LG9	2376607	9	12.926	18.562
LG9	2377146	9	12.926	18.562
LG9	2377182	9	13.033	18.668
LG9	2377199	9	13.033	18.668
LG9	2416822	9	13.033	19.420
LG9	2416847	9	13.033	19.420
LG9	2416851	9	13.033	19.420
LG9	2416865	9	13.033	19.420
LG9	2417064	9	13.033	19.741
LG9	2418804	9	13.033	19.741
LG9	2418845	9	13.140	19.741
LG9	2419934	9	13.140	19.848
LG9	2433497	9	13.140	20.384
LG9	2448461	9	13.246	20.920
LG9	2448486	9	13.246	21.133
LG9	2452899	9	13.246	21.240
LG9	2486612	9	13.353	22.536
LG9	2486644	9	13.674	23.288
LG9	2587782	9	13.674	23.288
LG9	2590794	9	13.674	23.609
LG9	2604370	9	13.674	23.930
LG9	2604387	9	13.781	23.930
LG9	2625562	9	13.994	24.250
LG9	2635492	9	14.101	24.679
LG9	2635494	9	14.101	24.679
LG9	2635495	9	14.101	24.679
LG9	2635498	9	14.101	24.679
LG9	2638201	9	14.208	25.539
LG9	2638208	9	14.208	25.539
LG9	2638221	9	14.208	25.539
LG9	2673912	9	14.315	25.646
LG9	2673920	9	14.315	25.646
LG9	2708061	9	14.315	25.646
LG9	2728675	9	14.421	25.859
LG9	2728676	9	14.528	25.966
LG9	2732679	9	14.635	25.966
LG9	2739877	9	14.848	26.826
LG9	2744703	9	14.848	26.826
LG9	2772795	9	14.955	26.826
LG9	2786544	9	15.062	26.826
LG9	2786577	9	15.062	26.933
LG9	2792124	9	15.062	27.040
LG9	2803150	9	15.062	27.361
LG9	2874399	9	15.062	27.896
LG9	2887737	9	15.169	28.110
LG9	2887757	9	15.169	28.538
LG9	2887759	9	15.169	28.859
LG9	2889756	9	15.169	28.966
LG9	2889757	9	15.169	28.966
LG9	2894341	9	15.382	29.073
LG9	2902990	9	15.382	29.933
LG9	2903019	9	15.489	29.933
LG9	2912311	9	15.596	30.685
LG9	2986352	9	15.809	31.872
LG9	2986353	9	15.809	31.978
LG9	3020506	9	15.809	31.978
LG9	3025190	9	15.916	32.192
LG9	3025199	9	15.916	32.192
LG9	3025708	9	15.916	32.406
LG9	3032478	9	15.916	32.406
LG9	3032488	9	15.916	32.406
LG9	3074606	9	16.023	32.834
LG9	3086048	9	16.130	32.834
LG9	3092551	9	16.130	32.834
LG9	3092553	9	16.236	33.048
LG9	3092555	9	16.236	33.048
LG9	3122941	9	16.236	33.691
LG9	3122970	9	16.236	33.691
LG9	3122977	9	16.236	33.691
LG9	3175804	9	16.236	34.227
LG9	3175816	9	16.236	34.441
LG9	3175830	9	16.236	34.441
LG9	3206821	9	16.450	34.869
LG9	3227573	9	16.450	35.083
LG9	3252108	9	16.450	35.190
LG9	3252190	9	16.557	35.190
LG9	3262613	9	16.557	35.190
LG9	3274084	9	16.557	35.510
LG9	3304399	9	16.557	35.510
LG9	3342366	9	16.557	36.262
LG9	3342420	9	16.663	36.476
LG9	3351375	9	16.663	36.476
LG9	3364153	9	16.663	36.476
LG9	3370815	9	16.663	36.476
LG9	3376577	9	16.663	36.476
LG9	3386443	9	16.663	36.583
LG9	3386452	9	16.663	36.689
LG9	3390776	9	16.984	37.876
LG9	3390811	9	16.984	37.876
LG9	3390815	9	16.984	37.983
LG9	3429904	9	17.091	38.197
LG9	3467774	9	17.091	38.410
LG9	3467785	9	17.091	38.410
LG9	3494491	9	17.091	39.054
LG9	3494530	9	17.091	39.054
LG9	3494552	9	17.091	39.054
LG9	3494557	9	17.091	39.054
LG9	3494568	9	17.198	39.161
LG9	3538918	9	17.411	40.021
LG9	3586315	9	17.840	40.990
LG9	3618243	9	17.840	41.203
LG9	3618255	9	17.946	41.524
LG9	3632021	9	18.053	41.845
LG9	3632026	9	18.053	41.845
LG9	3698115	9	18.160	42.166
LG9	3698153	9	18.160	42.273
LG9	3698157	9	18.160	42.273
LG9	3711772	9	18.160	42.379
LG9	3711810	9	18.160	42.486
LG9	3720330	9	18.588	42.593
LG9	3720946	9	18.588	42.593
LG9	3720964	9	18.588	42.593
LG9	3750297	9	18.588	42.807
LG9	3750564	9	18.695	42.913
LG9	3754047	9	18.695	43.234
LG9	3880439	9	18.909	43.341
LG9	3899182	9	18.909	43.555
LG9	3962496	9	19.122	43.555
LG9	3962502	9	19.122	43.555
LG9	3962506	9	19.122	43.661
LG9	3962509	9	19.122	43.768
LG9	4000249	9	19.122	43.982
LG9	4007459	9	19.122	43.982
LG9	4012661	9	19.229	44.088
LG9	4058505	9	19.336	44.517
LG9	4073193	9	19.336	44.517
LG9	4114594	9	19.336	44.623
LG9	4140430	9	19.442	44.837
LG9	4140433	9	19.442	44.944
LG9	4140440	9	19.442	44.944
LG9	4289892	9	19.442	45.372
LG9	4289893	9	19.442	45.372
LG9	4318213	9	19.442	45.586
LG9	4346972	9	19.442	45.586
LG9	4346979	9	19.442	45.586
LG9	4423134	9	19.442	45.907
LG9	4438914	9	19.442	46.227
LG9	4494215	9	19.442	46.656
LG9	4497516	9	19.442	46.977
LG9	4497518	9	19.442	46.977
LG9	4506983	9	19.549	47.083
LG9	4506991	9	19.549	47.512
LG9	4519975	9	19.549	47.512
LG9	4536508	9	19.549	47.512
LG9	4563542	9	19.656	47.618
LG9	4564368	9	19.656	47.618
LG9	4564405	9	19.656	47.618
LG9	4579927	9	19.656	47.832
LG9	4591461	9	19.656	48.260
LG9	4608982	9	19.656	48.367
LG9	4720901	9	19.656	48.474
LG9	4720927	9	19.656	48.474
LG9	4723218	9	19.656	48.580
LG9	4723240	9	19.656	48.687
LG9	4729864	9	19.656	48.901
LG9	4740447	9	19.656	48.901
LG9	4740464	9	19.656	49.008
LG9	4770525	9	19.656	49.114
LG9	4773027	9	19.656	49.435
LG9	4808763	9	19.656	49.435
LG9	4813901	9	19.656	49.435
LG9	4829202	9	19.656	49.542
LG9	4830581	9	19.656	49.542
LG9	4838505	9	19.656	49.542
LG9	4839069	9	19.656	49.542
LG9	4868076	9	19.656	49.542
LG9	4868106	9	19.656	49.542
LG9	4912488	9	19.656	49.649
LG9	4912509	9	19.656	49.969
LG9	4937173	9	19.656	50.076
LG9	4956222	9	19.656	50.076
LG9	5015759	9	19.656	50.290
LG9	5023076	9	19.656	50.290
LG9	5023093	9	19.656	50.290
LG9	5036739	9	19.656	50.718
LG9	5036755	9	19.656	50.718
LG9	5045942	9	19.656	50.718
LG9	5087326	9	19.656	50.932
LG9	5106343	9	19.656	50.932
LG9	5117140	9	19.656	50.932
LG9	5130274	9	19.656	51.038
LG9	5147915	9	19.656	51.038
LG9	5147916	9	19.656	51.038
LG9	5225795	9	19.656	51.145
LG9	5235150	9	19.656	51.681
LG9	5248071	9	19.763	51.681
LG9	5248072	9	19.763	51.681
LG9	5323131	9	19.869	51.681
LG9	5323138	9	19.869	51.788
LG9	5323182	9	19.869	51.788
LG9	5323190	9	19.869	51.788
LG9	5323202	9	19.869	51.788
LG9	5347944	9	19.869	51.895
LG9	5372485	9	19.869	52.108
LG9	5432732	9	19.869	52.108
LG9	5439861	9	19.869	52.108
LG9	5444127	9	19.869	52.108
LG9	5444903	9	19.869	52.215
LG9	5460899	9	19.869	52.322
LG9	5462170	9	19.869	52.322
LG9	5530840	9	19.869	52.750
LG9	5530848	9	19.869	52.750
LG9	5534858	9	19.869	52.857
LG9	5551247	9	19.869	52.963
LG9	5551297	9	19.869	52.963
LG9	5613533	9	19.869	52.963
LG9	5655363	9	19.869	53.070
LG9	5655399	9	19.869	53.070
LG9	5660770	9	19.869	53.284
LG9	5660771	9	19.869	53.284
LG9	5690057	9	19.869	53.391
LG9	5692781	9	19.869	53.391
LG9	5702165	9	19.869	53.391
LG9	5702196	9	19.869	53.391
LG9	5735016	9	19.869	53.391
LG9	5735035	9	19.869	53.391
LG9	5743605	9	19.869	53.391
LG9	5751391	9	19.869	53.391
LG9	5790745	9	19.869	53.497
LG9	5790757	9	19.869	53.497
LG9	5790786	9	19.869	53.497
LG9	5794142	9	19.869	53.604
LG9	5821633	9	19.869	53.604
LG9	5827476	9	19.869	53.604
LG9	5848017	9	19.869	53.711
LG9	5866938	9	19.869	53.711
LG9	5919001	9	19.869	53.817
LG9	5931724	9	19.869	53.817
LG9	5931773	9	19.869	53.817
LG9	5931801	9	19.869	53.817
LG9	5960298	9	19.869	53.817
LG9	5961727	9	19.869	53.817
LG9	5985504	9	19.869	53.817
LG9	5985519	9	19.869	53.817
LG9	6078366	9	19.869	53.817
LG9	6085239	9	19.869	53.817
LG9	6098472	9	19.869	53.817
LG9	6141190	9	19.869	53.817
LG9	6143405	9	19.869	53.817
LG9	6153134	9	19.869	53.817
LG9	6320668	9	19.869	54.031
LG9	6403879	9	19.869	54.138
LG9	6613283	9	19.869	54.138
LG9	6616146	9	19.869	54.245
LG9	6852299	9	19.869	54.245
LG9	6852308	9	19.869	54.245
LG9	7019373	9	19.869	54.245
LG9	7068112	9	19.869	54.245
LG9	7174686	9	19.869	54.351
LG9	7174720	9	19.869	54.351
LG9	7174725	9	19.869	54.351
LG9	7266513	9	19.869	54.351
LG9	7437792	9	19.869	54.351
LG9	7689756	9	19.869	54.351
LG9	7689766	9	19.869	54.351
LG9	7856451	9	19.869	54.351
LG9	7856457	9	19.869	54.351
LG9	7988634	9	19.869	54.351
LG9	8286760	9	19.869	54.351
LG9	8391266	9	19.869	54.351
LG9	8509068	9	19.869	54.351
LG9	8627976	9	19.869	54.351
LG9	8721935	9	19.869	54.351
LG9	8739684	9	19.869	54.351
LG9	8748427	9	19.869	54.351
LG9	8748467	9	19.869	54.351
LG9	8812609	9	19.869	54.351
LG9	8833327	9	19.869	54.351
LG9	8877204	9	19.869	54.351
LG9	8928670	9	19.869	54.351
LG9	9111703	9	19.869	54.351
LG9	9165608	9	19.869	54.351
LG9	9188295	9	19.869	54.351
LG9	9313028	9	19.869	54.458
LG9	9472447	9	19.869	54.565
LG9	9551213	9	19.869	54.565
LG9	9587847	9	19.869	54.565
LG9	9588760	9	19.869	54.565
LG9	9616498	9	19.869	54.565
LG9	9623331	9	19.869	54.565
LG9	9623333	9	19.869	54.565
LG9	9700742	9	19.869	54.671
LG9	9737268	9	19.869	54.671
LG9	9792789	9	19.869	54.671
LG9	9792793	9	19.869	54.671
LG9	9792802	9	19.869	54.671
LG9	9792821	9	19.869	54.671
LG9	9792916	9	19.869	54.671
LG9	9792931	9	19.869	54.671
LG9	9852617	9	19.869	54.671
LG9	9967259	9	19.869	54.671
LG9	10239394	9	19.869	54.671
LG9	10249778	9	19.869	54.671
LG9	10257839	9	19.869	54.671
LG9	10274002	9	19.869	54.671
LG9	10276510	9	19.869	54.671
LG9	10294818	9	19.869	54.671
LG9	10315939	9	19.869	54.671
LG9	10342298	9	19.869	54.778
LG9	10342301	9	19.869	54.778
LG9	10356154	9	19.869	55.099
LG9	10439288	9	19.869	55.099
LG9	10439316	9	19.869	55.099
LG9	10621438	9	19.869	55.099
LG9	10677937	9	19.869	55.099
LG9	10763000	9	19.869	55.206
LG9	10876277	9	19.869	55.206
LG9	11038475	9	19.869	55.206
LG9	11038501	9	19.869	55.206
LG9	11038505	9	19.869	55.206
LG9	11040906	9	19.869	55.206
LG9	11092524	9	19.869	55.312
LG9	11097294	9	19.869	55.312
LG9	11150825	9	19.976	55.312
LG9	11159925	9	19.976	55.312
LG9	11161698	9	19.976	55.312
LG9	11175980	9	19.976	55.419
LG9	11228903	9	19.976	55.633
LG9	11230439	9	19.976	55.633
LG9	11249203	9	19.976	55.633
LG9	11268867	9	19.976	55.633
LG9	11299062	9	19.976	55.633
LG9	11299076	9	19.976	55.633
LG9	11309264	9	19.976	55.633
LG9	11310274	9	19.976	55.847
LG9	11334660	9	19.976	55.847
LG9	11338545	9	19.976	55.953
LG9	11338571	9	19.976	55.953
LG9	11679700	9	19.976	56.597
LG9	11688525	9	19.976	56.597
LG9	11711171	9	19.976	56.811
LG9	11760093	9	19.976	56.917
LG9	11895582	9	19.976	56.917
LG9	11925690	9	19.976	57.131
LG9	11925692	9	19.976	57.131
LG9	11969334	9	19.976	57.131
LG9	12052055	9	19.976	57.131
LG9	12054288	9	19.976	57.131
LG9	12106941	9	19.976	57.238
LG9	12150241	9	19.976	57.345
LG9	12239523	9	19.976	57.345
LG9	12296769	9	19.976	57.558
LG9	12315822	9	19.976	57.558
LG9	12354290	9	19.976	57.558
LG9	12385319	9	19.976	57.665
LG9	12409147	9	19.976	57.772
LG9	12417293	9	19.976	57.878
LG9	12434335	9	19.976	57.878
LG9	12439586	9	19.976	57.878
LG9	12458662	9	19.976	58.092
LG9	12470618	9	19.976	58.092
LG9	12470636	9	19.976	58.199
LG9	12483485	9	19.976	58.199
LG9	12515417	9	19.976	58.199
LG9	12559095	9	19.976	58.306
LG9	12571845	9	20.083	58.519
LG9	12607777	9	20.083	58.519
LG9	12630270	9	20.189	58.626
LG9	12630274	9	20.189	58.626
LG9	12630770	9	20.189	58.626
LG9	12646440	9	20.296	58.626
LG9	12655631	9	20.296	58.626
LG9	12684482	9	20.296	58.733
LG9	12684483	9	20.296	58.839
LG9	12712711	9	20.296	58.839
LG9	12719852	9	20.296	58.839
LG9	12732537	9	20.296	58.839
LG9	12792610	9	20.403	58.839
LG9	12800435	9	20.510	58.839
LG9	12800541	9	20.510	58.839
LG9	12810100	9	20.510	58.839
LG9	12810112	9	20.616	58.946
LG9	12843998	9	20.616	59.267
LG9	12890990	9	20.616	59.374
LG9	12949119	9	20.616	59.480
LG9	12987511	9	20.616	59.587
LG9	12990814	9	20.830	59.908
LG9	12990822	9	20.830	59.908
LG9	12995644	9	20.830	59.908
LG9	13001701	9	20.830	59.908
LG9	13119439	9	20.830	60.660
LG9	13186077	9	20.830	60.767
LG9	13193383	9	20.830	60.980
LG9	13251764	9	20.830	61.301
LG9	13284476	9	21.044	61.729
LG9	13321388	9	21.044	61.836
LG9	13371914	9	21.150	61.836
LG9	13403246	9	21.150	61.836
LG9	13406948	9	21.150	61.943
LG9	13407086	9	21.150	62.050
LG9	13432650	9	21.257	62.050
LG9	13435763	9	21.578	62.263
LG9	13513818	9	21.578	62.263
LG9	13527872	9	21.578	62.370
LG9	13527918	9	21.578	62.370
LG9	13527919	9	21.578	62.370
LG9	13556933	9	21.685	62.584
LG9	13564545	9	21.685	62.584
LG9	13588195	9	21.685	62.797
LG9	13588242	9	21.685	62.904
LG9	13588246	9	21.685	62.904
LG9	13615640	9	21.685	62.904
LG9	13655570	9	21.685	63.011
LG9	13669718	9	21.685	63.117
LG9	13747533	9	21.685	63.438
LG9	13755276	9	21.685	63.438
LG9	13755291	9	21.685	63.438
LG9	13755296	9	21.685	63.438
LG9	13755318	9	21.685	63.438
LG9	13781660	9	21.685	63.438
LG9	13781690	9	21.791	63.438
LG9	13800047	9	22.005	63.545
LG9	13818208	9	22.005	63.545
LG9	13856161	9	22.005	63.545
LG9	13859065	9	22.005	63.545
LG9	13910905	9	22.005	63.759
LG9	13929096	9	22.005	63.759
LG9	13929099	9	22.005	63.759
LG9	13931842	9	22.005	63.972
LG9	13952168	9	22.005	63.972
LG9	13952186	9	22.005	63.972
LG9	13955668	9	22.005	64.079
LG9	13955684	9	22.005	64.079
LG9	13958569	9	22.112	64.293
LG9	14001685	9	22.219	64.400
LG9	14016982	9	22.219	64.720
LG9	14025433	9	22.219	64.934
LG9	14080029	9	22.325	64.934
LG9	14088230	9	22.325	65.041
LG9	14088233	9	22.325	65.041
LG9	14094967	9	22.325	65.362
LG9	14124654	9	22.325	65.362
LG9	14126753	9	22.325	65.468
LG9	14141003	9	22.432	65.468
LG9	14148648	9	22.432	65.575
LG9	14152396	9	22.539	65.789
LG9	14173949	9	22.539	65.789
LG9	14180806	9	22.539	65.896
LG9	14180836	9	22.539	66.002
LG9	14188436	9	22.539	66.002
LG9	14219760	9	22.539	66.323
LG9	14310454	9	22.539	66.537
LG9	14325983	9	22.752	66.537
LG9	14331784	9	22.752	66.537
LG9	14331789	9	22.752	66.537
LG9	14343296	9	22.752	66.750
LG9	14353377	9	22.752	66.964
LG9	14365356	9	22.752	67.285
LG9	14376004	9	22.752	67.285
LG9	14383421	9	22.859	67.499
LG9	14476003	9	22.859	67.499
LG9	14482350	9	22.859	67.499
LG9	14482395	9	22.859	67.499
LG9	14489275	9	23.073	67.605
LG9	14507637	9	23.286	67.819
LG9	14602280	9	23.286	68.788
LG9	14602281	9	23.286	68.788
LG9	14627360	9	23.393	68.895
LG9	14627361	9	23.500	69.215
LG9	14627386	9	23.500	69.644
LG9	14655830	9	23.607	69.644
LG9	14768583	9	23.713	69.644
LG9	14779070	9	24.142	69.965
LG9	14946633	9	24.142	69.965
LG9	14973109	9	24.355	69.965
LG9	14973151	9	24.355	69.965
LG9	14973196	9	24.355	70.071
LG9	14980641	9	24.462	70.071
LG9	14980878	9	24.462	70.071
LG9	14980974	9	24.569	70.178
LG9	15038028	9	24.675	70.178
LG9	15038034	9	25.319	70.285
LG9	15096399	9	25.319	70.285
LG9	15176147	9	25.426	70.285
LG9	15176579	9	25.426	70.285
LG9	15176624	9	25.426	70.285
LG9	15191189	9	25.533	70.285
LG9	15202870	9	25.639	70.285
LG9	15241758	9	25.746	70.285
LG9	15269599	9	25.853	70.391
LG9	15302155	9	25.960	70.712
LG9	15308968	9	26.066	70.712
LG9	15308981	9	26.066	70.712
LG9	15312972	9	26.066	70.819
LG9	15318395	9	26.280	71.033
LG9	15359145	9	26.280	71.139
LG9	15365432	9	26.387	71.246
LG9	15370038	9	26.387	71.353
LG9	15370058	9	26.387	71.353
LG9	15410492	9	26.387	71.460
LG9	15414106	9	26.600	71.780
LG9	15425989	9	26.600	71.780
LG9	15426003	9	26.600	71.780
LG9	15457237	9	26.600	71.780
LG9	15489618	9	26.707	71.887
LG9	15500304	9	26.814	71.994
LG9	15502259	9	27.028	72.101
LG9	15502283	9	27.028	72.101
LG9	15518698	9	27.563	72.744
LG9	15518713	9	27.563	73.065
LG9	15552397	9	27.777	73.172
LG9	15585029	9	27.884	73.493
LG9	15590007	9	28.098	73.814
LG9	15595096	9	28.098	73.920
LG9	15622937	9	28.098	74.134
LG9	15634809	9	28.098	74.134
LG9	15685464	9	28.098	74.562
LG9	15685477	9	28.098	74.669
LG9	15698783	9	28.098	74.776
LG9	15752850	9	28.526	74.990
LG9	15754133	9	28.847	75.096
LG9	15818986	9	28.953	75.740
LG9	15820745	9	29.060	75.954
LG9	15841807	9	29.167	76.060
LG9	15856691	9	29.380	76.167
LG9	15888165	9	29.380	76.167
LG9	15900271	9	29.594	76.811
LG9	15932803	9	29.594	76.811
LG9	15932851	9	29.594	76.918
LG9	15932854	9	29.594	76.918
LG9	15981754	9	29.808	77.024
LG9	15988903	9	29.808	77.024
LG9	15997830	9	29.915	77.453
LG9	16002877	9	29.915	77.666
LG9	16008617	9	29.915	77.880
LG9	16039026	9	30.128	77.987
LG9	16057170	9	30.128	78.415
LG9	16096216	9	30.235	78.415
LG9	16096224	9	30.235	78.522
LG9	16098050	9	30.235	78.628
LG9	16098059	9	30.449	78.949
LG9	16116127	9	30.662	79.593
LG9	16138845	9	30.769	79.807
LG9	16139821	9	30.876	79.913
LG9	16142025	9	30.982	80.342
LG9	16158101	9	30.982	80.448
LG9	16158150	9	31.196	80.555
LG9	16172179	9	31.303	80.769
LG9	16190776	9	31.303	81.090
LG9	16227101	9	31.410	81.090
LG9	16227123	9	31.410	81.090
LG9	16227130	9	31.410	81.090
LG9	16238785	9	31.410	81.090
LG9	16238794	9	31.410	81.090
LG9	16239515	9	31.410	81.303
LG9	16239516	9	31.410	81.303
LG9	16239517	9	31.410	81.410
LG9	16239518	9	31.410	81.410
LG9	16239519	9	31.410	81.410
LG9	16269988	9	31.623	81.517
LG9	16269995	9	31.623	81.517
LG9	16281250	9	31.730	81.624
LG9	16281267	9	31.730	81.624
LG9	16281426	9	31.730	81.624
LG9	16303505	9	31.944	81.730
LG9	16305289	9	31.944	81.730
LG9	16339168	9	31.944	82.051
LG9	16339170	9	31.944	82.051
LG9	16339207	9	32.050	82.051
LG9	16339335	9	32.050	82.051
LG9	16341588	9	32.264	82.158
LG9	16341613	9	32.264	82.479
LG9	16365659	9	32.585	82.479
LG9	16397255	9	32.585	82.585
LG9	16402285	9	32.692	82.692
LG9	16417618	9	32.692	82.692
LG9	16417698	9	32.798	83.228
LG9	16417832	9	33.119	83.764
LG9	16462066	9	33.333	83.871
LG9	16481670	9	33.333	83.871
LG9	16483675	9	33.440	83.871
LG9	16488983	9	33.546	83.871
LG9	16493195	9	33.546	83.871
LG9	16527584	9	33.653	83.977
LG9	16538541	9	33.867	84.298
LG9	16577443	9	33.867	84.405
LG9	16583873	9	33.867	84.405
LG9	16583891	9	33.973	84.833
LG9	16594740	9	33.973	84.833
LG9	16626576	9	34.617	85.262
LG9	16626618	9	34.831	85.368
LG9	16626623	9	35.045	85.582
LG9	16638951	9	35.258	85.796
LG9	16704188	9	35.902	86.548
LG9	16704189	9	35.902	86.548
LG9	16704191	9	35.902	86.548
LG9	16704194	9	35.902	86.548
LG9	16707387	9	36.009	86.548
LG9	16730001	9	36.222	86.654
LG9	16730006	9	36.222	86.654
LG9	16739593	9	36.222	86.761
LG9	16757077	9	36.222	87.189
LG9	16825992	9	36.436	87.618
LG9	16825993	9	36.650	87.618
LG9	16826051	9	36.650	87.618
LG9	16832504	9	36.650	87.618
LG9	16833798	9	36.650	87.831
LG9	16833814	9	36.650	87.831
LG9	16834598	9	36.650	87.831
LG9	16843995	9	36.650	87.831
LG9	16844005	9	36.650	87.831
LG9	16844013	9	36.650	87.831
LG9	16848572	9	36.650	87.938
LG9	16848580	9	36.650	88.045
LG9	16858965	9	36.650	88.258
LG9	16860995	9	36.650	88.258
LG9	16860998	9	36.650	88.258
LG9	16861425	9	36.650	88.365
LG9	16880372	9	36.650	88.365
LG9	16880381	9	36.757	88.365
LG9	16880412	9	36.757	88.365
LG9	16883355	9	36.863	88.579
LG9	16883536	9	36.970	88.579
LG9	16908755	9	37.077	88.579
LG9	16918834	9	37.183	88.685
LG9	16919501	9	37.290	88.685
LG9	16919508	9	37.290	88.685
LG9	16919539	9	37.397	88.792
LG9	16919557	9	37.504	88.792
LG9	16936852	9	37.504	89.006
LG9	16955704	9	37.610	89.220
LG9	16955744	9	37.824	89.220
LG9	16955750	9	37.824	89.326
LG9	16956450	9	37.824	89.326
LG9	17068497	9	38.252	89.754
LG9	17078216	9	38.466	89.754
LG9	17087391	9	38.680	89.861
LG9	17091245	9	38.680	89.861
LG9	17111300	9	38.786	89.968
LG9	17119223	9	39.000	89.968
LG9	17119403	9	39.000	89.968
LG9	17119448	9	39.000	90.075
LG9	17134522	9	39.107	90.181
LG9	17134570	9	39.107	90.288
LG9	17134588	9	39.107	90.609
LG9	17156941	9	39.107	90.716
LG9	17156943	9	39.213	90.716
LG9	17176742	9	39.534	90.929
LG9	17176770	9	39.534	90.929
LG9	17176777	9	39.534	91.143
LG9	17179593	9	39.641	91.250
LG9	17179615	9	39.641	91.571
LG9	17230343	9	39.748	91.677
LG9	17230345	9	39.748	91.677
LG9	17230347	9	39.748	91.677
LG9	17239431	9	39.748	92.213
LG9	17239476	9	39.748	92.213
LG9	17274390	9	39.748	92.642
LG9	17274425	9	39.748	92.748
LG9	17290447	9	39.961	93.392
LG9	17344248	9	40.282	93.606
LG9	17344274	9	40.282	93.712
LG9	17371682	9	40.282	93.712
LG9	17374684	9	40.282	93.819
LG9	17388112	9	40.282	93.819
LG9	17434184	9	40.282	93.926
LG9	17456346	9	40.496	94.247
LG9	17456347	9	40.496	94.247
LG9	17461532	9	40.710	95.433
LG9	17508338	9	40.816	95.647
LG9	17535651	9	41.030	95.754
LG9	17557977	9	41.351	96.182
LG9	17588820	9	41.351	96.396
LG9	17601206	9	41.565	96.396
LG9	17627148	9	41.565	96.396
LG9	17634780	9	41.671	96.396
LG9	17648945	9	41.778	96.396
LG9	17654803	9	41.778	96.502
LG9	17659726	9	41.992	96.502
LG9	17668353	9	42.313	96.609
LG9	17668361	9	42.313	96.609
LG9	17668387	9	42.313	96.609
LG9	17709427	9	42.526	96.716
LG9	17709449	9	42.526	96.823
LG9	17747410	9	42.633	97.036
LG9	17759058	9	42.633	97.250
LG9	17767085	9	42.740	97.464
LG9	17767131	9	42.740	97.677
LG9	17775566	9	42.953	97.784
LG9	17775599	9	42.953	97.784
LG9	17776649	9	42.953	97.784
LG9	17776668	9	42.953	97.784
LG9	17813874	9	43.274	97.891
LG9	17813886	9	43.274	98.104
LG9	17826935	9	43.274	98.425
LG9	17831613	9	43.274	98.425
LG9	17848525	9	43.702	98.746
LG9	17848531	9	43.809	98.853
LG9	17851258	9	43.916	98.853
LG9	17856075	9	44.130	98.960
LG9	17867509	9	44.343	99.066
LG9	17867520	9	44.450	99.066
LG9	17879618	9	45.094	99.173
LG9	17888259	9	45.094	99.173
LG9	17903415	9	45.201	99.494
LG9	17912704	9	45.629	99.708
LG9	17919451	9	45.842	100.136
LG9	17919469	9	45.949	100.136
LG9	17923407	9	46.163	100.350
LG9	17923418	9	46.377	100.670
LG9	17989953	9	46.697	100.884
LG9	17999023	9	46.804	100.884
LG9	17999035	9	46.804	100.884
LG9	17999043	9	46.804	100.884
LG9	18023581	9	46.911	101.205
LG9	18076403	9	47.018	101.312
LG9	18116596	9	47.338	101.740
LG9	18143422	9	47.338	101.954
LG9	18186443	9	47.659	102.060
LG9	18186461	9	47.659	102.167
LG9	18188163	9	47.766	102.381
LG9	18188177	9	47.980	102.702
LG9	18230713	9	48.086	102.915
LG9	18230723	9	48.300	103.236
LG9	18263544	9	48.407	103.236
LG9	18273741	9	48.407	103.236
LG9	18281841	9	48.407	103.236
LG9	18281868	9	48.407	103.236
LG9	18288226	9	48.620	103.236
LG9	18288244	9	48.727	103.236
LG9	18288250	9	48.727	103.236
LG9	18288251	9	48.727	103.236
LG9	18288263	9	48.834	103.236
LG9	18288269	9	48.834	103.236
LG9	18288300	9	48.941	103.236
LG9	18307093	9	48.941	103.236
LG9	18319492	9	48.941	103.236
LG9	18342997	9	49.047	103.343
LG9	18343012	9	49.047	103.343
LG9	18343021	9	49.047	103.343
LG9	18368612	9	49.261	103.450
LG9	18368642	9	49.261	103.450
LG9	18369626	9	49.261	103.450
LG9	18373901	9	49.261	103.450
LG9	18379746	9	49.261	103.450
LG9	18379860	9	49.261	103.450
LG9	18380549	9	49.261	103.450
LG9	18381856	9	49.261	103.450
LG9	18382188	9	49.261	103.450
LG9	18382242	9	49.261	103.450
LG9	18382252	9	49.261	103.556
LG9	18382279	9	49.475	103.556
LG9	18396122	9	49.475	103.663
LG9	18400598	9	49.581	103.770
LG9	18400599	9	49.688	103.876
LG9	18402644	9	49.688	103.876
LG9	18402646	9	49.688	103.876
LG9	18413685	9	49.688	103.876
LG9	18413701	9	49.688	103.876
LG9	18413708	9	49.688	103.876
LG9	18440177	9	49.688	103.876
LG9	18460111	9	49.688	103.876
LG9	18460156	9	49.795	103.876
LG9	18462702	9	49.902	103.876
LG9	18493592	9	49.902	103.983
LG9	18493601	9	50.008	104.090
LG9	18493628	9	50.115	104.090
LG9	18494216	9	50.115	104.090
LG9	18507145	9	50.115	104.197
LG9	18507173	9	50.115	104.197
LG9	18515301	9	50.115	104.197
LG9	18517561	9	50.115	104.197
LG9	18523780	9	50.222	104.197
LG9	18523786	9	50.222	104.303
LG9	18523794	9	50.222	104.303
LG9	18525150	9	50.329	104.410
LG9	18525159	9	50.329	104.410
LG9	18525172	9	50.329	104.410
LG9	18525218	9	50.329	104.410
LG9	18549781	9	50.542	104.517
LG9	18549784	9	50.542	104.517
LG9	18550036	9	50.542	104.517
LG9	18550041	9	50.542	104.517
LG9	18550045	9	50.542	104.517
LG9	18550058	9	50.542	104.517
LG9	18555415	9	50.649	104.730
LG9	18555423	9	50.649	104.730
LG9	18577020	9	50.649	104.730
LG9	18577043	9	50.649	104.730
LG9	18577046	9	50.649	104.730
LG9	18577056	9	50.649	104.730
LG9	18588556	9	50.649	104.730
LG9	18595217	9	50.649	104.730
LG9	18595227	9	50.649	104.730
LG9	18595234	9	50.649	104.944
LG9	18595248	9	50.649	104.944
LG9	18595316	9	50.649	105.051
LG9	18613204	9	50.649	105.158
LG9	18635537	9	50.649	105.371
LG9	18635555	9	50.649	105.478
LG9	18635566	9	50.649	105.478
LG9	18635602	9	50.649	105.478
LG9	18635604	9	50.649	105.478
LG9	18635606	9	50.649	105.478
LG9	18635610	9	50.649	105.478
LG9	18635611	9	50.649	105.478
LG9	18635612	9	50.649	105.478
LG9	18635614	9	50.649	105.478
LG9	18635615	9	50.649	105.478
LG9	18635617	9	50.649	105.478
LG9	18635618	9	50.649	105.478
LG9	18635637	9	50.649	105.478
LG9	18641853	9	50.649	105.692
LG9	18642908	9	50.649	105.905
LG9	18642944	9	50.649	105.905
LG9	18651299	9	50.649	105.905
LG9	18656227	9	50.649	105.905
LG9	18662709	9	50.649	105.905
LG9	18662749	9	50.649	105.905
LG9	18662754	9	50.649	105.905
LG9	18669616	9	50.649	106.012
LG9	18671975	9	50.649	106.012
LG9	18672057	9	50.649	106.012
LG9	18676988	9	50.756	106.012
LG9	18676992	9	50.756	106.012
LG9	18677004	9	50.756	106.012
LG9	18677039	9	50.756	106.119
LG9	18681654	9	50.756	106.119
LG9	18691156	9	50.862	106.226
LG9	18695789	9	50.862	106.226
LG9	18700146	9	50.862	106.439
LG9	18707757	9	50.862	106.439
LG9	18707768	9	50.862	106.439
LG9	18712519	9	50.862	106.439
LG9	18712618	9	50.862	106.439
LG9	18713205	9	51.076	106.546
LG9	18717932	9	51.183	106.760
LG9	18727316	9	51.289	106.760
LG9	18727336	9	51.503	106.973
LG9	18727347	9	51.503	107.187
LG9	18749559	9	51.503	107.187
LG9	18790549	9	51.503	107.294
LG9	18790583	9	51.503	107.294
LG9	18800791	9	51.610	107.507
LG9	18801043	9	51.931	107.614
LG9	18817191	9	52.037	107.614
LG9	18837913	9	52.358	107.721
LG9	18845814	9	52.358	107.828
LG9	18863745	9	52.465	108.688
LG9	18880913	9	52.465	108.901
LG9	18936602	9	52.786	109.008
LG9	18936607	9	52.786	109.008
LG9	18939086	9	52.786	109.008
LG9	18939118	9	53.000	109.115
LG9	18954686	9	53.000	109.115
LG9	18961701	9	53.000	109.329
LG9	19006505	9	53.106	109.329
LG9	19013051	9	53.106	109.329
LG9	19016745	9	53.106	109.329
LG9	19016766	9	53.106	109.329
LG9	19023000	9	53.106	109.329
LG9	19024054	9	53.106	109.329
LG9	19039832	9	53.213	109.329
LG9	19039862	9	53.213	109.329
LG9	19059184	9	53.213	109.542
LG9	19111512	9	53.213	109.542
LG9	19123362	9	53.213	109.649
LG9	19133363	9	53.213	109.649
LG9	19140932	9	53.320	109.649
LG9	19147183	9	53.426	109.649
LG9	19147192	9	53.426	109.756
LG9	19194966	9	53.533	109.862
LG9	19204003	9	53.640	109.862
LG9	19251300	9	53.640	109.862
LG9	19251311	9	53.640	109.862
LG9	19251327	9	53.640	109.862
LG9	19251330	9	53.640	109.969
LG9	19264058	9	53.747	109.969
LG9	19264063	9	53.747	109.969
LG9	19264070	9	53.747	109.969
LG9	19343441	9	53.747	109.969
LG9	19349082	9	53.747	109.969
LG9	19349100	9	53.747	109.969
LG9	19352598	9	53.853	109.969
LG9	19352649	9	53.960	109.969
LG9	19354018	9	54.067	109.969
LG9	19373261	9	54.067	109.969
LG9	19384610	9	54.067	109.969
LG9	19391571	9	54.067	109.969
LG9	19391592	9	54.067	109.969
LG9	19418379	9	54.067	109.969
LG9	19418380	9	54.067	109.969
LG9	19418384	9	54.067	109.969
LG9	19430268	9	54.067	109.969
LG9	19445323	9	54.067	109.969
LG9	19449219	9	54.174	109.969
LG9	19449262	9	54.174	109.969
LG9	19545770	9	54.280	110.076
LG9	19554215	9	54.387	110.076
LG9	19554228	9	54.387	110.076
LG9	19560855	9	54.494	110.076
LG9	19560880	9	54.494	110.076
LG9	19566591	9	54.494	110.076
LG9	19566594	9	54.494	110.183
LG9	19566601	9	54.494	110.183
LG9	19566618	9	54.494	110.183
LG9	19566630	9	54.494	110.183
LG9	19578929	9	54.494	110.183
LG9	19582917	9	54.494	110.183
LG9	19582936	9	54.494	110.183
LG9	19600998	9	54.494	110.183
LG9	19602022	9	54.494	110.183
LG9	19607676	9	54.600	110.183
LG9	19614063	9	54.600	110.289
LG9	19614146	9	54.707	110.289
LG9	19614153	9	54.707	110.289
LG9	19615958	9	55.135	110.289
LG9	19623382	9	55.135	110.289
LG9	19660181	9	55.135	110.289
LG9	19670602	9	55.135	110.289
LG9	19670610	9	55.135	110.289
LG9	19670640	9	55.135	110.289
LG9	19701321	9	55.135	110.503
LG9	19740514	9	55.135	110.503
LG9	19740548	9	55.135	110.503
LG9	19743016	9	55.135	110.610
LG9	19745638	9	55.135	110.610
LG9	19753526	9	55.135	110.610
LG9	19757184	9	55.242	110.610
LG9	19757199	9	55.242	110.716
LG9	19757209	9	55.242	110.716
LG9	19757216	9	55.242	110.716
LG9	19900177	9	55.349	110.716
LG9	19900201	9	55.349	110.716
LG9	19918347	9	55.349	110.716
LG9	19926415	9	55.349	110.716
LG9	19926423	9	55.349	110.716
LG9	19926426	9	55.349	110.716
LG9	19939546	9	55.349	110.823
LG9	19963199	9	55.349	110.930
LG9	19970127	9	55.349	111.037
LG9	19979382	9	55.349	111.037
LG9	19990616	9	55.349	111.037
LG9	20003071	9	55.456	111.037
LG9	20037969	9	55.456	111.143
LG9	20037974	9	55.456	111.143
LG9	20057269	9	55.456	111.143
LG9	20057273	9	55.456	111.143
LG9	20057278	9	55.456	111.143
LG9	20057304	9	55.456	111.143
LG9	20057865	9	55.456	111.143
LG9	20063028	9	55.456	111.250
LG9	20066437	9	55.456	111.357
LG9	20096780	9	55.456	111.357
LG9	20096790	9	55.456	111.357
LG9	20096791	9	55.456	111.357
LG9	20098617	9	55.456	111.357
LG9	20106649	9	55.456	111.357
LG9	20122084	9	55.456	111.464
LG9	20125588	9	55.456	111.464
LG9	20125597	9	55.456	111.464
LG9	20125600	9	55.456	111.464
LG9	20130183	9	55.456	111.464
LG9	20130218	9	55.456	111.464
LG9	20160875	9	55.456	111.464
LG9	20160885	9	55.456	111.464
LG9	20230693	9	55.456	111.464
LG9	20230705	9	55.456	111.464
LG9	20238227	9	55.456	111.464
LG9	20238244	9	55.456	111.464
LG9	20246334	9	55.562	111.464
LG9	20246357	9	55.669	111.570
LG9	20252214	9	55.776	111.570
LG9	20252231	9	55.776	111.570
LG9	20272720	9	55.776	111.570
LG9	20286301	9	55.776	111.570
LG9	20299373	9	55.882	111.570
LG9	20321906	9	55.882	111.570
LG9	20364795	9	55.882	111.570
LG9	20364796	9	55.882	111.570
LG9	20390753	9	55.989	111.570
LG9	20420954	9	55.989	111.570
LG9	20420956	9	55.989	111.570
LG9	20420974	9	55.989	111.570
LG9	20420975	9	55.989	111.570
LG9	20439341	9	55.989	111.570
LG9	20442450	9	56.096	111.570
LG9	20468094	9	56.096	111.570
LG9	20468133	9	56.096	111.570
LG9	20477087	9	56.096	111.570
LG9	20490839	9	56.203	111.570
LG9	20501344	9	56.203	111.570
LG9	20501356	9	56.203	111.570
LG9	20503754	9	56.203	111.570
LG9	20516100	9	56.203	111.570
LG9	20516101	9	56.203	111.570
LG9	20517440	9	56.203	111.570
LG9	20541313	9	56.203	111.570
LG9	20541321	9	56.309	111.570
LG9	20544258	9	56.309	111.677
LG9	20608176	9	56.416	111.785
LG9	20668009	9	56.416	111.785
LG9	20668012	9	56.416	111.785
LG9	20668047	9	56.416	111.785
LG9	20668081	9	56.630	111.785
LG9	20677223	9	56.737	111.785
LG9	20677224	9	56.737	111.785
LG9	20705071	9	56.843	111.785
LG9	20729255	9	56.843	111.894
LG9	20730787	9	56.843	111.894
LG9	20778427	9	56.843	111.894
LG9	20792675	9	56.843	111.894
LG9	20799077	9	56.843	111.894
LG9	20813555	9	56.843	111.894
LG9	20813675	9	57.173	112.004
LG9	20835443	9	57.393	112.004
LG9	20861248	9	57.393	112.004
LG9	20900650	9	57.393	112.004
LG9	20915168	9	57.511	112.004
LG9	20919354	9	57.511	112.118
LG9	20919355	9	57.511	112.118
LG9	20930425	9	57.759	112.118
LG9	20930947	9	57.886	112.118
LG9	20932159	9	57.886	112.242
LG9	20934287	9	57.886	112.242
LG9	20947702	9	58.100	112.242
LG9	20956022	9	58.632	112.242
LG9	20958490	9	58.632	112.242
LG9	20963773	9	59.332	112.242
LG9	20982047	9	59.332	112.242
LG10	38013	10	0.000	0.000
LG10	149735	10	0.000	0.000
LG10	202494	10	0.721	0.418
LG10	338598	10	0.884	0.418
LG10	372724	10	0.884	0.574
LG10	389441	10	1.016	0.574
LG10	447243	10	1.016	0.837
LG10	528077	10	1.139	0.837
LG10	585714	10	1.139	0.837
LG10	600112	10	1.139	0.837
LG10	661043	10	1.139	0.949
LG10	661157	10	1.139	0.949
LG10	661233	10	1.139	0.949
LG10	676413	10	1.139	0.949
LG10	704165	10	1.139	1.056
LG10	704271	10	1.139	1.056
LG10	726524	10	1.246	1.056
LG10	749439	10	1.246	1.056
LG10	749511	10	1.246	1.056
LG10	751386	10	1.246	1.056
LG10	753168	10	1.246	1.163
LG10	754944	10	1.246	1.163
LG10	759013	10	1.567	1.163
LG10	803575	10	1.567	1.163
LG10	803584	10	1.674	1.163
LG10	803602	10	1.674	1.163
LG10	803615	10	1.674	1.163
LG10	803622	10	1.674	1.163
LG10	842050	10	1.674	1.163
LG10	846401	10	1.781	1.163
LG10	971373	10	1.781	1.377
LG10	982087	10	1.994	1.484
LG10	1007910	10	1.994	1.484
LG10	1007955	10	1.994	1.484
LG10	1019645	10	2.101	1.484
LG10	1019652	10	2.208	1.484
LG10	1063633	10	2.421	1.697
LG10	1065966	10	2.528	1.697
LG10	1065967	10	2.528	1.697
LG10	1096260	10	2.635	1.697
LG10	1105401	10	2.635	1.697
LG10	1112490	10	2.635	1.697
LG10	1121764	10	2.635	1.697
LG10	1123919	10	2.635	1.697
LG10	1136114	10	2.635	1.697
LG10	1168463	10	2.635	1.804
LG10	1168464	10	2.635	1.804
LG10	1193142	10	2.741	1.804
LG10	1199860	10	2.848	1.804
LG10	1240619	10	2.848	1.804
LG10	1257138	10	2.848	1.804
LG10	1292257	10	2.955	1.804
LG10	1305639	10	2.955	1.804
LG10	1305654	10	2.955	1.804
LG10	1306077	10	2.955	1.911
LG10	1332881	10	2.955	2.017
LG10	1343291	10	3.062	2.017
LG10	1343300	10	3.168	2.017
LG10	1352571	10	3.168	2.017
LG10	1352584	10	3.168	2.124
LG10	1358023	10	3.168	2.124
LG10	1392888	10	3.275	2.124
LG10	1396203	10	3.275	2.124
LG10	1404098	10	3.489	2.124
LG10	1420428	10	3.917	2.124
LG10	1443156	10	4.131	2.231
LG10	1485203	10	4.131	2.338
LG10	1485228	10	4.131	2.338
LG10	1485232	10	4.131	2.338
LG10	1486852	10	4.344	2.338
LG10	1566276	10	4.344	2.444
LG10	1566426	10	4.344	2.444
LG10	1566437	10	4.344	2.444
LG10	1574072	10	4.344	2.551
LG10	1574073	10	4.344	2.551
LG10	1599987	10	4.344	2.765
LG10	1603144	10	4.451	2.871
LG10	1603164	10	4.558	2.978
LG10	1610618	10	4.665	2.978
LG10	1614391	10	4.771	3.085
LG10	1614398	10	4.771	3.192
LG10	1641619	10	4.985	3.405
LG10	1641634	10	4.985	3.405
LG10	1682656	10	4.985	3.619
LG10	1704654	10	5.092	3.619
LG10	1710753	10	5.092	3.619
LG10	1724045	10	5.198	3.619
LG10	1724061	10	5.305	3.619
LG10	1725361	10	5.305	3.619
LG10	1727801	10	5.626	3.726
LG10	1728364	10	5.626	3.832
LG10	1728543	10	5.626	3.939
LG10	1755958	10	5.626	4.153
LG10	1755971	10	5.840	4.581
LG10	1780029	10	5.946	4.688
LG10	1826800	10	6.375	5.009
LG10	1829654	10	6.375	5.222
LG10	1851669	10	6.588	5.329
LG10	1873679	10	6.588	5.329
LG10	1883427	10	6.588	5.757
LG10	1883439	10	6.588	5.757
LG10	1883445	10	6.802	5.757
LG10	1904571	10	6.909	5.757
LG10	1935721	10	7.122	5.864
LG10	1935759	10	7.443	6.078
LG10	1950670	10	7.872	6.078
LG10	1950692	10	7.872	6.078
LG10	1963006	10	8.085	6.078
LG10	1972123	10	8.085	6.291
LG10	1990084	10	8.085	6.505
LG10	1990106	10	8.085	6.612
LG10	2000523	10	8.192	6.718
LG10	2000529	10	8.406	7.147
LG10	2038350	10	8.834	7.253
LG10	2038381	10	8.834	7.253
LG10	2046816	10	9.048	7.467
LG10	2046846	10	9.048	7.467
LG10	2096435	10	9.583	7.681
LG10	2104898	10	9.690	7.681
LG10	2112030	10	10.442	8.002
LG10	2132238	10	10.763	8.108
LG10	2163811	10	10.870	8.108
LG10	2167480	10	11.083	8.429
LG10	2191264	10	11.083	8.536
LG10	2191315	10	11.190	8.643
LG10	2219328	10	11.404	8.749
LG10	2219359	10	11.404	8.749
LG10	2260553	10	11.617	8.963
LG10	2262250	10	11.831	9.607
LG10	2262255	10	11.831	9.607
LG10	2269185	10	11.938	9.821
LG10	2312145	10	12.366	9.821
LG10	2312165	10	12.473	9.927
LG10	2353709	10	12.580	9.927
LG10	2353714	10	12.580	9.927
LG10	2353718	10	12.580	9.927
LG10	2353732	10	12.793	10.141
LG10	2355408	10	12.900	10.355
LG10	2361700	10	13.436	10.461
LG10	2410909	10	13.543	10.461
LG10	2411864	10	13.971	10.461
LG10	2432175	10	14.507	10.782
LG10	2435965	10	14.507	11.103
LG10	2436759	10	14.507	11.210
LG10	2459013	10	14.507	11.638
LG10	2468702	10	14.720	11.638
LG10	2476773	10	14.827	11.638
LG10	2476777	10	14.827	11.745
LG10	2489262	10	14.934	12.066
LG10	2495990	10	15.362	12.709
LG10	2586067	10	15.790	13.461
LG10	2594930	10	16.111	13.461
LG10	2602203	10	16.218	13.568
LG10	2610308	10	16.218	13.675
LG10	2627136	10	16.325	13.888
LG10	2673447	10	16.753	13.888
LG10	2676578	10	16.753	13.995
LG10	2680482	10	16.860	14.102
LG10	2698186	10	17.073	14.316
LG10	2725237	10	17.180	14.529
LG10	2753017	10	17.180	14.529
LG10	2753041	10	17.180	14.529
LG10	2753045	10	17.180	14.529
LG10	2753052	10	17.287	14.636
LG10	2759610	10	17.287	14.636
LG10	2759890	10	17.394	14.636
LG10	2760022	10	17.394	14.636
LG10	2760047	10	17.714	14.743
LG10	2762594	10	17.821	14.743
LG10	2762600	10	17.821	14.849
LG10	2766317	10	17.821	15.063
LG10	2773829	10	17.928	15.063
LG10	2785167	10	17.928	15.063
LG10	2785173	10	17.928	15.170
LG10	2790690	10	18.035	15.383
LG10	2796193	10	18.141	15.597
LG10	2796315	10	18.462	15.918
LG10	2826973	10	18.676	15.918
LG10	2826981	10	18.889	15.918
LG10	2841417	10	18.996	16.025
LG10	2841637	10	18.996	16.025
LG10	2844805	10	19.424	16.561
LG10	2863300	10	20.176	16.667
LG10	2863306	10	20.176	16.667
LG10	2874302	10	20.283	16.881
LG10	2886380	10	20.711	17.202
LG10	2913127	10	21.032	17.416
LG10	2913129	10	21.032	17.416
LG10	3030921	10	21.246	17.416
LG10	3038128	10	21.246	17.522
LG10	3038149	10	21.353	17.522
LG10	3040416	10	21.566	17.522
LG10	3040455	10	21.673	17.522
LG10	3041703	10	21.780	17.843
LG10	3041728	10	21.886	17.843
LG10	3084666	10	21.993	18.271
LG10	3084727	10	22.100	18.378
LG10	3104225	10	22.100	18.378
LG10	3125922	10	22.314	18.378
LG10	3126954	10	22.527	18.485
LG10	3145017	10	22.527	18.485
LG10	3149932	10	22.527	18.485
LG10	3149942	10	22.527	18.485
LG10	3149987	10	22.634	18.485
LG10	3181535	10	22.741	18.806
LG10	3182959	10	22.741	18.912
LG10	3192290	10	22.741	19.126
LG10	3192318	10	22.741	19.126
LG10	3210179	10	22.741	19.233
LG10	3210501	10	22.741	19.233
LG10	3211185	10	22.847	19.233
LG10	3215549	10	22.847	19.233
LG10	3215554	10	22.847	19.233
LG10	3226541	10	22.954	19.233
LG10	3226548	10	22.954	19.233
LG10	3239702	10	23.168	19.447
LG10	3239754	10	23.168	19.447
LG10	3244210	10	23.275	19.447
LG10	3261173	10	23.381	19.447
LG10	3261189	10	23.381	19.447
LG10	3261216	10	23.488	19.447
LG10	3261232	10	23.488	19.447
LG10	3261241	10	23.488	19.447
LG10	3261248	10	23.488	19.447
LG10	3271418	10	23.702	19.447
LG10	3278605	10	23.702	19.447
LG10	3292010	10	23.808	19.553
LG10	3292031	10	23.808	19.553
LG10	3325509	10	23.915	20.089
LG10	3331243	10	24.129	20.196
LG10	3331904	10	24.129	20.196
LG10	3331906	10	24.129	20.196
LG10	3335055	10	24.236	20.196
LG10	3345445	10	24.236	20.196
LG10	3346139	10	24.556	20.624
LG10	3408424	10	24.877	20.838
LG10	3408437	10	24.984	20.945
LG10	3429257	10	25.198	21.158
LG10	3431206	10	25.198	21.479
LG10	3479150	10	25.734	21.586
LG10	3486796	10	25.840	22.122
LG10	3486947	10	25.840	22.122
LG10	3486961	10	25.840	22.228
LG10	3493973	10	25.840	22.228
LG10	3525905	10	26.161	22.549
LG10	3525914	10	26.268	22.549
LG10	3538302	10	26.589	22.763
LG10	3538341	10	27.017	22.763
LG10	3538342	10	27.017	22.763
LG10	3593540	10	27.986	23.407
LG10	3593543	10	27.986	23.513
LG10	3641044	10	28.199	23.834
LG10	3641063	10	28.199	23.834
LG10	3698169	10	28.413	24.370
LG10	3710149	10	28.413	24.370
LG10	3724081	10	28.627	24.477
LG10	3730335	10	28.734	24.584
LG10	3730345	10	28.734	24.584
LG10	3732056	10	28.947	24.584
LG10	3738994	10	29.161	25.120
LG10	3741048	10	29.268	25.120
LG10	3741049	10	29.268	25.333
LG10	3741054	10	29.374	25.547
LG10	3756791	10	29.695	25.654
LG10	3762186	10	29.695	25.760
LG10	3832654	10	29.802	25.867
LG10	3832662	10	29.802	25.867
LG10	3832750	10	29.802	25.867
LG10	3842181	10	29.802	25.867
LG10	3842228	10	29.802	25.867
LG10	3860900	10	29.909	25.974
LG10	3951224	10	30.230	26.295
LG10	3951244	10	30.443	26.295
LG10	3953712	10	30.443	26.723
LG10	3953726	10	30.443	26.830
LG10	3965418	10	30.550	26.936
LG10	3972715	10	30.764	26.936
LG10	3989020	10	31.084	27.043
LG10	4000499	10	31.298	27.043
LG10	4047683	10	31.298	27.043
LG10	4059129	10	31.298	27.150
LG10	4061294	10	31.405	27.578
LG10	4063789	10	31.405	27.578
LG10	4088589	10	31.512	27.578
LG10	4088685	10	31.832	27.685
LG10	4108555	10	31.939	27.792
LG10	4119791	10	31.939	28.220
LG10	4119804	10	31.939	28.220
LG10	4155784	10	32.475	28.972
LG10	4187210	10	32.582	29.185
LG10	4196523	10	32.582	29.185
LG10	4207614	10	32.795	29.721
LG10	4225586	10	33.009	30.042
LG10	4229919	10	33.009	30.149
LG10	4229929	10	33.116	30.256
LG10	4236324	10	33.330	30.362
LG10	4251067	10	33.330	30.683
LG10	4251085	10	33.650	30.683
LG10	4267901	10	33.650	30.683
LG10	4286549	10	33.650	30.790
LG10	4286559	10	33.650	30.790
LG10	4286572	10	33.650	30.897
LG10	4293999	10	33.650	30.897
LG10	4318176	10	33.864	30.897
LG10	4318225	10	33.971	31.003
LG10	4318257	10	33.971	31.003
LG10	4318263	10	34.184	31.217
LG10	4318264	10	34.184	31.217
LG10	4336708	10	34.291	31.324
LG10	4336714	10	34.398	31.324
LG10	4336721	10	34.612	31.324
LG10	4339550	10	34.612	31.324
LG10	4339565	10	34.612	31.324
LG10	4339582	10	34.718	31.431
LG10	4343112	10	34.718	31.431
LG10	4346610	10	34.718	31.431
LG10	4346638	10	34.825	31.431
LG10	4348888	10	34.932	31.537
LG10	4398914	10	35.360	31.644
LG10	4440407	10	35.467	32.180
LG10	4440464	10	35.467	32.394
LG10	4461500	10	35.573	32.822
LG10	4461531	10	35.573	32.929
LG10	4461533	10	35.573	33.035
LG10	4461535	10	35.573	33.035
LG10	4461539	10	35.573	33.035
LG10	4491547	10	35.894	33.356
LG10	4524321	10	36.215	33.784
LG10	4528849	10	36.215	34.320
LG10	4601606	10	36.215	34.641
LG10	4679612	10	36.215	34.748
LG10	4729738	10	36.215	34.748
LG10	4729767	10	36.215	34.962
LG10	4729797	10	36.215	34.962
LG10	4729816	10	36.215	35.068
LG10	4783680	10	36.536	35.175
LG10	4783694	10	36.536	35.175
LG10	4800056	10	36.643	35.389
LG10	4850482	10	36.749	35.602
LG10	4855564	10	36.749	35.602
LG10	4946515	10	36.963	35.816
LG10	4946525	10	36.963	35.816
LG10	4983776	10	36.963	36.030
LG10	5021316	10	36.963	36.243
LG10	5021331	10	36.963	36.779
LG10	5024790	10	36.963	36.886
LG10	5024805	10	36.963	36.886
LG10	5024806	10	37.177	36.886
LG10	5052799	10	37.177	37.100
LG10	5067245	10	37.177	37.636
LG10	5081862	10	37.391	38.172
LG10	5081904	10	37.391	38.172
LG10	5081955	10	37.604	38.278
LG10	5114183	10	38.248	38.599
LG10	5305908	10	38.248	39.243
LG10	5305910	10	38.355	39.350
LG10	5350221	10	38.355	39.350
LG10	5351015	10	38.355	39.456
LG10	5353598	10	38.355	39.456
LG10	5357723	10	38.461	39.563
LG10	5362246	10	38.461	39.563
LG10	5364316	10	38.461	39.777
LG10	5364349	10	38.461	39.883
LG10	5364354	10	38.461	39.990
LG10	5404559	10	38.461	39.990
LG10	5449183	10	38.782	40.311
LG10	5449188	10	38.782	40.525
LG10	5456070	10	38.782	40.525
LG10	5459767	10	38.782	40.525
LG10	5459792	10	38.889	40.631
LG10	5534486	10	39.749	40.952
LG10	5534502	10	39.749	40.952
LG10	5572379	10	39.749	41.166
LG10	5572401	10	39.749	41.273
LG10	5591672	10	39.856	41.273
LG10	5605993	10	39.963	41.273
LG10	5606974	10	40.069	41.379
LG10	5630288	10	40.283	41.486
LG10	5630299	10	40.283	41.486
LG10	5630300	10	40.283	41.486
LG10	5643550	10	40.283	41.807
LG10	5647119	10	40.283	41.807
LG10	5687191	10	40.283	42.021
LG10	5687199	10	40.283	42.127
LG10	5695557	10	40.390	42.988
LG10	5719083	10	40.497	43.094
LG10	5719089	10	40.817	43.308
LG10	5719122	10	40.817	43.308
LG10	5737104	10	40.924	43.308
LG10	5754357	10	40.924	43.308
LG10	5772376	10	41.031	43.629
LG10	5787251	10	41.138	43.629
LG10	5787298	10	41.138	43.629
LG10	5898590	10	41.244	43.843
LG10	5898659	10	41.351	44.163
LG10	5928168	10	41.351	44.270
LG10	5960355	10	41.351	44.270
LG10	5960369	10	41.458	44.377
LG10	5961977	10	41.564	44.377
LG10	5962008	10	41.564	44.484
LG10	5970112	10	41.564	44.484
LG10	5970113	10	41.564	44.484
LG10	5970120	10	41.778	44.697
LG10	5993010	10	41.778	44.697
LG10	5996426	10	41.778	44.804
LG10	6001167	10	41.778	44.804
LG10	6022578	10	41.778	45.018
LG10	6022592	10	41.992	45.231
LG10	6036321	10	41.992	45.660
LG10	6044445	10	42.205	45.766
LG10	6109239	10	42.312	45.766
LG10	6181789	10	42.633	45.980
LG10	6181791	10	42.633	45.980
LG10	6185370	10	42.847	46.301
LG10	6202005	10	42.847	46.408
LG10	6261566	10	42.953	46.621
LG10	6290641	10	43.060	46.621
LG10	6295011	10	43.060	46.835
LG10	6330599	10	43.060	46.942
LG10	6333805	10	43.060	46.942
LG10	6355275	10	43.167	47.155
LG10	6365931	10	43.274	47.262
LG10	6384706	10	43.274	47.262
LG10	6390927	10	43.487	47.583
LG10	6422196	10	43.487	47.583
LG10	6429407	10	43.701	47.583
LG10	6448032	10	43.701	47.904
LG10	6470649	10	43.701	47.904
LG10	6494196	10	43.701	48.117
LG10	6504585	10	43.701	48.224
LG10	6505092	10	43.701	48.224
LG10	6549808	10	43.701	48.331
LG10	6549837	10	43.701	48.438
LG10	6592510	10	43.808	48.651
LG10	6617430	10	43.808	48.758
LG10	6617433	10	43.914	48.758
LG10	6625716	10	44.021	48.758
LG10	6625721	10	44.021	48.758
LG10	6625847	10	44.128	48.972
LG10	6667692	10	44.128	48.972
LG10	6701772	10	44.235	48.972
LG10	6701919	10	44.235	49.400
LG10	6771625	10	44.341	49.400
LG10	6793758	10	44.341	49.614
LG10	6805871	10	44.341	49.614
LG10	6806002	10	44.341	49.720
LG10	6806006	10	44.341	49.720
LG10	6861560	10	44.341	49.720
LG10	6861570	10	44.341	49.720
LG10	6876044	10	44.662	49.827
LG10	6888277	10	44.662	49.827
LG10	6888279	10	44.662	49.827
LG10	6888338	10	44.662	49.827
LG10	6898055	10	44.983	49.827
LG10	6904217	10	45.090	49.934
LG10	6906993	10	45.090	50.041
LG10	6955066	10	45.196	50.147
LG10	6955070	10	45.196	50.147
LG10	6957508	10	45.196	50.147
LG10	6984350	10	45.196	50.147
LG10	6992277	10	45.196	50.254
LG10	6993751	10	45.410	50.468
LG10	6993752	10	45.410	50.468
LG10	7051606	10	45.410	50.574
LG10	7090737	10	45.624	50.788
LG10	7094613	10	45.731	50.895
LG10	7113525	10	45.837	51.002
LG10	7113568	10	45.944	51.108
LG10	7165115	10	45.944	51.108
LG10	7244991	10	45.944	51.215
LG10	7278913	10	45.944	51.322
LG10	7292558	10	45.944	51.428
LG10	7292587	10	46.158	51.428
LG10	7294810	10	46.158	51.428
LG10	7294823	10	46.158	51.428
LG10	7299926	10	46.158	51.428
LG10	7299952	10	46.158	51.428
LG10	7299955	10	46.158	51.535
LG10	7305949	10	46.264	51.856
LG10	7310682	10	46.264	51.856
LG10	7389719	10	46.264	51.856
LG10	7448652	10	46.264	52.070
LG10	7479327	10	46.264	52.176
LG10	7508648	10	46.264	52.283
LG10	7512103	10	46.264	52.283
LG10	7516341	10	46.264	52.390
LG10	7534214	10	46.264	52.390
LG10	7540129	10	46.264	52.497
LG10	7540184	10	46.264	52.497
LG10	7544583	10	46.264	52.497
LG10	7564721	10	46.371	52.497
LG10	7577696	10	46.371	52.497
LG10	7621019	10	46.478	52.603
LG10	7630744	10	46.478	52.710
LG10	7706432	10	46.478	52.710
LG10	7710693	10	46.478	52.710
LG10	7717166	10	46.478	52.710
LG10	7735470	10	46.478	52.817
LG10	7750377	10	46.478	52.817
LG10	7773609	10	46.478	52.817
LG10	7773615	10	46.478	52.817
LG10	7784674	10	46.692	52.817
LG10	7787187	10	46.692	52.817
LG10	7826067	10	46.798	52.923
LG10	7826125	10	46.905	53.030
LG10	7830821	10	46.905	53.137
LG10	7883286	10	47.119	53.244
LG10	7959884	10	47.440	53.887
LG10	7959894	10	47.440	53.887
LG10	8133355	10	47.546	54.101
LG10	8137032	10	47.546	54.101
LG10	8137147	10	47.546	54.101
LG10	8137152	10	47.546	54.101
LG10	8137153	10	47.546	54.101
LG10	8143714	10	47.546	54.101
LG10	8154165	10	47.546	54.208
LG10	8154175	10	47.546	54.208
LG10	8164424	10	47.546	54.208
LG10	8183426	10	47.653	54.208
LG10	8183427	10	47.653	54.208
LG10	8192182	10	47.653	54.208
LG10	8192785	10	47.653	54.208
LG10	8278281	10	47.653	54.315
LG10	8278295	10	47.653	54.315
LG10	8316590	10	47.760	54.315
LG10	8333254	10	47.760	54.528
LG10	8567753	10	47.760	54.635
LG10	8569254	10	47.760	54.635
LG10	8575545	10	47.760	54.635
LG10	8594695	10	47.760	54.635
LG10	8622612	10	47.760	54.635
LG10	8635856	10	47.760	54.635
LG10	8651329	10	47.866	54.742
LG10	8689364	10	47.866	54.848
LG10	8691857	10	47.866	54.848
LG10	8766307	10	47.866	55.062
LG10	8784031	10	47.866	55.062
LG10	8801760	10	47.866	55.062
LG10	8801762	10	47.866	55.062
LG10	8801770	10	47.866	55.062
LG10	8811866	10	47.866	55.062
LG10	8811891	10	47.866	55.062
LG10	8849763	10	47.866	55.169
LG10	8890075	10	47.866	55.169
LG10	8890096	10	47.866	55.169
LG10	8939027	10	47.866	55.275
LG10	8953305	10	47.866	55.382
LG10	9016498	10	47.866	55.489
LG10	9121124	10	47.866	55.596
LG10	9122300	10	47.866	55.596
LG10	9128011	10	47.866	55.596
LG10	9129375	10	47.973	55.596
LG10	9140578	10	47.973	55.596
LG10	9161980	10	47.973	55.596
LG10	9200045	10	47.973	55.596
LG10	9237533	10	47.973	55.596
LG10	9243211	10	47.973	55.596
LG10	9246701	10	47.973	55.596
LG10	9252888	10	47.973	55.596
LG10	9252890	10	47.973	55.596
LG10	9277444	10	47.973	55.596
LG10	9283864	10	47.973	55.702
LG10	9286092	10	47.973	55.702
LG10	9316814	10	47.973	55.702
LG10	9319699	10	47.973	55.702
LG10	9379775	10	47.973	55.809
LG10	9441470	10	48.080	55.809
LG10	9488412	10	48.080	55.809
LG10	9488441	10	48.080	55.809
LG10	9538859	10	48.187	55.916
LG10	9538897	10	48.187	55.916
LG10	9552113	10	48.187	56.023
LG10	9552159	10	48.187	56.129
LG10	9697483	10	48.187	56.343
LG10	9814550	10	48.187	56.450
LG10	9836659	10	48.293	56.450
LG10	9859908	10	48.293	56.450
LG10	9898771	10	48.293	56.450
LG10	9898772	10	48.293	56.450
LG10	9898778	10	48.293	56.450
LG10	9926963	10	48.293	56.450
LG10	9926980	10	48.293	56.450
LG10	10050926	10	48.293	56.450
LG10	10094905	10	48.293	56.663
LG10	10097057	10	48.400	56.770
LG10	10105331	10	48.507	56.770
LG10	10126245	10	48.507	56.770
LG10	10245630	10	48.507	56.770
LG10	10286358	10	48.507	56.770
LG10	10310961	10	48.507	56.770
LG10	10331934	10	48.507	56.770
LG10	10331937	10	48.507	56.770
LG10	10349684	10	48.507	56.770
LG10	10383059	10	48.507	56.770
LG10	10434685	10	48.507	56.770
LG10	10454067	10	48.507	56.877
LG10	10461871	10	48.507	56.877
LG10	10470476	10	48.507	56.877
LG10	10527017	10	48.507	56.984
LG10	10578223	10	48.507	56.984
LG10	10578253	10	48.507	56.984
LG10	10580968	10	48.507	57.090
LG10	10588848	10	48.507	57.090
LG10	10671209	10	48.507	57.090
LG10	10692528	10	48.507	57.090
LG10	10896677	10	48.507	57.090
LG10	10896679	10	48.507	57.090
LG10	10922683	10	48.613	57.197
LG10	10940195	10	48.613	57.197
LG10	10954471	10	48.613	57.197
LG10	10963956	10	48.613	57.197
LG10	10989854	10	48.613	57.197
LG10	11081641	10	48.613	57.197
LG10	11357105	10	48.613	57.197
LG10	11361140	10	48.613	57.197
LG10	11511403	10	48.613	57.197
LG10	11720045	10	48.613	57.197
LG10	11720046	10	48.613	57.197
LG10	11857228	10	48.613	57.197
LG10	11939899	10	48.613	57.304
LG10	11979414	10	48.613	57.304
LG10	12030807	10	48.613	57.304
LG10	12060212	10	48.613	57.304
LG10	12079086	10	48.613	57.304
LG10	12093237	10	48.613	57.304
LG10	12250585	10	48.613	57.304
LG10	12255308	10	48.613	57.304
LG10	12274710	10	48.613	57.304
LG10	12291098	10	48.613	57.304
LG10	12291102	10	48.613	57.304
LG10	12450394	10	48.613	57.410
LG10	12450400	10	48.613	57.410
LG10	12652144	10	48.613	57.731
LG10	12652159	10	48.613	57.731
LG10	12653166	10	48.613	57.731
LG10	12653202	10	48.613	57.731
LG10	12675975	10	48.613	57.945
LG10	12711548	10	48.613	58.052
LG10	12729384	10	48.613	58.052
LG10	12764648	10	48.613	58.158
LG10	12785895	10	48.613	58.158
LG10	12799536	10	48.613	58.158
LG10	12799558	10	48.613	58.158
LG10	12799567	10	48.613	58.158
LG10	12811916	10	48.613	58.265
LG10	12816423	10	48.613	58.265
LG10	12819427	10	48.613	58.265
LG10	12864443	10	48.613	58.265
LG10	12876056	10	48.613	58.265
LG10	12876106	10	48.613	58.265
LG10	13008284	10	48.613	58.265
LG10	13008329	10	48.613	58.265
LG10	13008337	10	48.613	58.265
LG10	13008339	10	48.613	58.265
LG10	13008360	10	48.613	58.265
LG10	13008374	10	48.613	58.265
LG10	13016046	10	48.613	58.372
LG10	13021397	10	48.613	58.479
LG10	13021408	10	48.613	58.585
LG10	13023495	10	48.613	58.585
LG10	13026482	10	48.613	58.585
LG10	13026484	10	48.613	58.585
LG10	13026616	10	48.613	58.799
LG10	13026626	10	48.613	58.799
LG10	13045316	10	48.613	59.013
LG10	13106601	10	48.613	59.119
LG10	13106607	10	48.613	59.119
LG10	13106646	10	48.613	59.119
LG10	13106647	10	48.613	59.119
LG10	13301956	10	48.613	59.119
LG10	13301977	10	48.613	59.119
LG10	13326591	10	48.613	59.333
LG10	13340396	10	48.613	59.761
LG10	13359207	10	48.613	59.761
LG10	13359251	10	48.613	59.761
LG10	13359255	10	48.613	59.761
LG10	13360836	10	48.613	59.761
LG10	13372151	10	48.613	59.868
LG10	13372195	10	48.613	60.189
LG10	13386395	10	48.613	60.617
LG10	13386407	10	48.613	60.938
LG10	13386464	10	48.613	60.938
LG10	13409116	10	48.613	60.938
LG10	13412081	10	48.720	61.474
LG10	13424576	10	48.720	61.474
LG10	13496742	10	48.720	62.770
LG10	13533490	10	48.720	63.414
LG10	13582450	10	48.720	63.520
LG10	13584891	10	48.720	63.627
LG10	13602332	10	48.720	64.379
LG10	13668560	10	48.720	64.486
LG10	13668824	10	48.827	64.592
LG10	13699177	10	48.827	64.806
LG10	13699214	10	48.827	65.450
LG10	13699216	10	48.827	65.450
LG10	13787265	10	48.827	65.771
LG10	13800890	10	48.827	66.092
LG10	13800914	10	48.827	66.198
LG10	13824675	10	48.827	66.734
LG10	13877506	10	48.827	66.734
LG10	13877527	10	48.827	66.734
LG10	13877554	10	48.827	66.948
LG10	13907923	10	48.934	66.948
LG10	13925117	10	48.934	67.055
LG10	13933131	10	48.934	67.268
LG10	13945298	10	48.934	67.482
LG10	13959529	10	49.040	67.589
LG10	13959568	10	49.040	67.695
LG10	13979772	10	49.040	67.695
LG10	13981423	10	49.040	67.695
LG10	13981424	10	49.040	67.695
LG10	13982188	10	49.040	67.802
LG10	13982220	10	49.040	67.802
LG10	13984811	10	49.040	68.230
LG10	13998219	10	49.147	68.230
LG10	13998741	10	49.147	68.230
LG10	13998743	10	49.147	68.444
LG10	14011526	10	49.147	68.444
LG10	14026254	10	49.147	68.872
LG10	14042861	10	49.147	68.872
LG10	14042887	10	49.147	68.872
LG10	14059190	10	49.147	69.086
LG10	14067811	10	49.147	69.086
LG10	14069025	10	49.254	69.193
LG10	14069045	10	49.254	69.193
LG10	14069056	10	49.254	69.193
LG10	14116324	10	49.254	69.193
LG10	14118222	10	49.254	69.193
LG10	14133180	10	49.254	69.193
LG10	14145546	10	49.254	69.406
LG10	14145555	10	49.254	69.406
LG10	14182368	10	49.254	69.727
LG10	14182404	10	49.361	69.834
LG10	14187749	10	49.361	69.834
LG10	14234936	10	49.361	70.262
LG10	14277149	10	49.361	71.014
LG10	14280719	10	49.361	71.228
LG10	14294096	10	49.467	71.549
LG10	14312938	10	49.467	71.870
LG10	14454833	10	49.574	73.056
LG10	14475933	10	49.574	73.163
LG10	14537273	10	49.574	73.591
LG10	14537284	10	49.574	73.591
LG10	14537297	10	49.574	73.591
LG10	14551376	10	49.574	73.591
LG10	14551619	10	49.574	73.591
LG10	14554217	10	49.574	73.698
LG10	14554258	10	49.574	73.698
LG10	14555257	10	49.574	74.126
LG10	14560845	10	49.574	74.126
LG10	14560875	10	49.574	74.662
LG10	14560876	10	49.574	74.662
LG10	14568319	10	49.574	74.769
LG10	14575585	10	49.574	74.769
LG10	14575678	10	49.574	74.983
LG10	14575699	10	49.681	75.519
LG10	14602419	10	49.681	75.625
LG10	14664128	10	49.681	76.161
LG10	14664131	10	49.681	76.161
LG10	14664151	10	49.681	76.161
LG10	14664158	10	49.681	76.161
LG10	14664183	10	49.681	76.161
LG10	14670619	10	49.787	76.375
LG10	14681905	10	49.787	76.482
LG10	14682029	10	49.787	76.482
LG10	14705267	10	49.787	76.802
LG10	14708126	10	49.787	77.016
LG10	14715524	10	49.787	77.660
LG10	14812488	10	49.894	78.629
LG10	14812506	10	49.894	78.629
LG10	14851769	10	50.001	79.489
LG10	14854719	10	50.001	80.458
LG10	14856548	10	50.001	80.671
LG10	14883817	10	50.001	81.207
LG10	14903675	10	50.108	81.851
LG10	14944773	10	50.108	82.065
LG10	14946625	10	50.108	82.278
LG10	14950877	10	50.321	82.492
LG10	14963238	10	50.321	82.706
LG10	14969659	10	50.321	83.027
LG10	14996467	10	50.321	83.240
LG10	14996472	10	50.321	83.240
LG10	15000514	10	50.321	83.240
LG10	15018279	10	50.321	83.347
LG10	15021713	10	50.321	83.347
LG10	15021724	10	50.321	83.347
LG10	15024682	10	50.321	83.347
LG10	15028249	10	50.321	83.668
LG10	15028270	10	50.321	83.668
LG10	15028296	10	50.321	83.668
LG10	15078338	10	50.428	83.989
LG10	15085225	10	50.428	84.095
LG10	15089649	10	50.428	84.416
LG10	15089663	10	50.428	84.523
LG10	15089691	10	50.428	84.523
LG10	15106706	10	50.428	84.523
LG10	15115483	10	50.428	84.737
LG10	15187572	10	50.535	84.843
LG10	15187574	10	50.535	84.843
LG10	15195891	10	50.535	84.950
LG10	15202529	10	50.535	84.950
LG10	15207406	10	50.535	85.164
LG10	15207415	10	50.535	85.378
LG10	15211615	10	50.535	85.378
LG10	15248031	10	50.535	85.698
LG10	15251044	10	50.535	85.805
LG10	15251065	10	50.535	85.805
LG10	15262776	10	50.535	86.019
LG10	15262780	10	50.535	86.019
LG10	15270990	10	50.641	86.126
LG10	15278260	10	50.641	86.232
LG10	15278288	10	50.641	86.232
LG10	15278292	10	50.641	86.553
LG10	15279439	10	50.641	86.553
LG10	15295832	10	50.641	86.553
LG10	15323021	10	50.748	86.660
LG10	15323033	10	50.855	86.874
LG10	15323125	10	50.855	86.874
LG10	15332584	10	50.962	87.409
LG10	15369887	10	50.962	87.409
LG10	15369928	10	50.962	87.945
LG10	15370931	10	51.068	87.945
LG10	15432095	10	51.282	88.589
LG10	15438117	10	51.389	89.017
LG10	15457526	10	51.817	89.878
LG10	15510548	10	52.138	90.306
LG10	15510552	10	52.138	90.306
LG10	15510567	10	52.245	90.627
LG10	15545454	10	52.351	90.733
LG10	15575984	10	52.565	90.840
LG10	15623678	10	52.779	91.054
LG10	15643490	10	52.885	91.161
LG10	15651510	10	52.885	91.267
LG10	15699895	10	53.206	91.696
LG10	15708654	10	53.206	91.696
LG10	15724554	10	53.206	91.909
LG10	15724597	10	53.313	91.909
LG10	15724606	10	53.313	92.123
LG10	15733221	10	53.313	92.123
LG10	15736243	10	53.313	92.230
LG10	15796190	10	53.527	92.336
LG10	15829839	10	53.847	92.765
LG10	15890366	10	53.954	92.871
LG10	15911736	10	53.954	93.192
LG10	15912863	10	53.954	93.192
LG10	15930887	10	54.168	93.513
LG10	15969476	10	54.168	93.513
LG10	15973909	10	54.275	93.620
LG10	15993566	10	54.275	93.620
LG10	15994596	10	54.275	93.620
LG10	15995114	10	54.275	93.620
LG10	15995126	10	54.381	93.727
LG10	15998974	10	54.381	93.727
LG10	15999018	10	54.488	93.727
LG10	15999021	10	54.488	93.727
LG10	16010363	10	54.488	93.727
LG10	16010371	10	54.488	93.727
LG10	16010373	10	54.488	93.727
LG10	16011629	10	54.595	93.727
LG10	16041011	10	54.595	93.727
LG10	16046382	10	54.595	93.727
LG10	16048445	10	54.595	93.727
LG10	16048453	10	54.595	93.727
LG10	16048464	10	54.595	93.727
LG10	16048471	10	54.595	93.727
LG10	16048537	10	54.595	93.727
LG10	16054165	10	54.702	93.833
LG10	16065927	10	54.702	94.154
LG10	16092872	10	54.702	94.261
LG10	16093233	10	54.702	94.475
LG10	16108909	10	54.702	94.581
LG10	16109051	10	54.702	94.581
LG10	16120629	10	54.702	94.581
LG10	16120661	10	54.702	94.581
LG10	16120695	10	54.702	94.688
LG10	16121170	10	54.702	94.688
LG10	16121463	10	54.702	94.902
LG10	16133119	10	54.808	95.330
LG10	16188492	10	54.808	95.437
LG10	16207546	10	54.808	95.650
LG10	16207551	10	54.808	95.650
LG10	16215209	10	54.915	95.650
LG10	16224230	10	54.915	95.650
LG10	16224236	10	54.915	95.650
LG10	16259753	10	55.236	95.757
LG10	16273575	10	55.343	95.971
LG10	16280106	10	55.343	95.971
LG10	16294794	10	55.449	96.077
LG10	16294821	10	55.449	96.184
LG10	16324491	10	55.449	96.398
LG10	16356897	10	55.556	96.398
LG10	16388402	10	55.556	96.505
LG10	16388411	10	55.556	96.505
LG10	16388427	10	55.556	96.505
LG10	16399969	10	55.556	96.505
LG10	16423476	10	55.556	96.611
LG10	16423495	10	55.556	96.611
LG10	16423571	10	55.556	96.611
LG10	16449519	10	55.556	96.611
LG10	16449535	10	55.556	96.611
LG10	16453819	10	55.556	96.611
LG10	16454824	10	55.556	96.611
LG10	16458671	10	55.556	96.611
LG10	16476844	10	55.556	96.611
LG10	16476845	10	55.556	96.611
LG10	16476924	10	55.556	96.825
LG10	16496487	10	55.556	96.825
LG10	16505818	10	55.663	96.825
LG10	16506819	10	55.771	96.825
LG10	16525994	10	55.771	96.825
LG10	16526046	10	55.771	96.932
LG10	16538895	10	55.878	96.932
LG10	16552408	10	56.200	96.932
LG10	16607720	10	56.309	96.932
LG10	16611984	10	56.419	96.932
LG10	16614496	10	56.419	96.932
LG10	16614497	10	56.419	96.932
LG10	16623587	10	56.419	96.932
LG10	16628754	10	56.419	96.932
LG10	16628762	10	56.640	96.932
LG10	16641258	10	56.640	96.932
LG10	16641267	10	56.751	96.932
LG10	16658746	10	56.972	96.932
LG10	16670691	10	57.084	97.045
LG10	16742978	10	57.084	97.045
LG10	16761089	10	57.196	97.164
LG10	16761127	10	57.196	97.164
LG10	16774756	10	57.426	97.164
LG10	16780257	10	57.426	97.284
LG10	16780967	10	57.426	97.406
LG10	16788922	10	58.151	97.534
LG10	16826302	10	58.284	98.046
LG10	16847677	10	59.827	99.810
LG10	16847678	10	59.827	99.810
LG10	16938241	10	60.211	99.810
LG10	16938258	10	60.211	99.810
LG10	16944603	10	60.834	99.810
LG11	76728	11	0.000	0.000
LG11	138291	11	0.236	0.000
LG11	254649	11	0.236	0.000
LG11	310680	11	0.236	0.000
LG11	328371	11	0.236	0.000
LG11	331853	11	0.236	0.000
LG11	334105	11	0.236	0.000
LG11	370610	11	0.236	0.000
LG11	424312	11	0.236	0.122
LG11	556775	11	0.236	0.122
LG11	557305	11	0.466	0.122
LG11	557311	11	0.466	0.122
LG11	557317	11	0.466	0.122
LG11	557323	11	0.466	0.122
LG11	558382	11	0.466	0.122
LG11	594529	11	0.466	0.122
LG11	624012	11	0.466	0.231
LG11	625456	11	0.466	0.231
LG11	650512	11	0.466	0.231
LG11	650528	11	0.466	0.231
LG11	652187	11	0.573	0.231
LG11	654945	11	0.573	0.231
LG11	654984	11	0.573	0.231
LG11	675172	11	0.573	0.231
LG11	687990	11	0.573	0.445
LG11	688650	11	0.786	0.445
LG11	712531	11	0.786	0.445
LG11	731383	11	0.893	0.445
LG11	751825	11	0.893	0.445
LG11	751855	11	1.000	0.445
LG11	778140	11	1.000	0.445
LG11	806082	11	1.000	0.552
LG11	812564	11	1.000	0.659
LG11	830019	11	1.000	0.659
LG11	838139	11	1.214	0.659
LG11	897268	11	1.214	0.765
LG11	957710	11	1.321	0.872
LG11	957712	11	1.321	0.872
LG11	959374	11	1.534	0.979
LG11	999937	11	1.855	1.193
LG11	1009743	11	2.069	1.193
LG11	1026829	11	2.282	1.193
LG11	1026837	11	2.389	1.193
LG11	1053010	11	2.603	1.193
LG11	1105464	11	2.603	1.193
LG11	1133474	11	2.710	1.836
LG11	1192089	11	2.816	1.836
LG11	1290361	11	2.923	1.836
LG11	1291713	11	2.923	1.836
LG11	1296643	11	2.923	1.836
LG11	1300959	11	2.923	1.836
LG11	1306567	11	2.923	1.836
LG11	1318771	11	3.030	1.943
LG11	1326760	11	3.030	1.943
LG11	1328587	11	3.243	2.264
LG11	1328614	11	3.243	2.264
LG11	1328635	11	3.243	2.264
LG11	1385951	11	3.350	2.264
LG11	1385965	11	3.350	2.264
LG11	1385971	11	3.350	2.264
LG11	1386002	11	3.457	2.264
LG11	1386037	11	3.457	2.264
LG11	1394127	11	3.457	2.478
LG11	1398546	11	3.457	2.584
LG11	1410968	11	3.457	2.691
LG11	1410992	11	3.671	2.798
LG11	1441933	11	4.099	2.798
LG11	1441945	11	4.312	2.905
LG11	1494009	11	4.312	2.905
LG11	1494033	11	4.419	2.905
LG11	1503812	11	4.419	2.905
LG11	1516867	11	4.633	2.905
LG11	1524468	11	4.633	2.905
LG11	1524473	11	4.633	2.905
LG11	1528726	11	4.633	2.905
LG11	1532825	11	4.633	3.118
LG11	1539346	11	4.633	3.118
LG11	1544828	11	4.633	3.225
LG11	1582085	11	4.633	3.225
LG11	1582534	11	4.633	3.225
LG11	1582760	11	4.633	3.225
LG11	1582793	11	4.633	3.332
LG11	1589592	11	4.633	3.545
LG11	1590593	11	4.740	3.545
LG11	1590595	11	4.740	3.545
LG11	1591515	11	5.060	3.652
LG11	1591527	11	5.060	3.652
LG11	1679378	11	5.060	3.759
LG11	1679445	11	5.060	3.759
LG11	1689635	11	5.060	3.759
LG11	1689637	11	5.060	3.759
LG11	1689886	11	5.060	3.759
LG11	1689943	11	5.274	3.759
LG11	1696448	11	5.381	3.972
LG11	1696454	11	5.381	4.079
LG11	1696470	11	5.381	4.186
LG11	1696475	11	5.595	4.293
LG11	1735598	11	5.915	4.399
LG11	1735621	11	5.915	4.399
LG11	1745712	11	6.022	4.506
LG11	1746822	11	6.022	4.613
LG11	1746823	11	6.022	4.613
LG11	1746836	11	6.129	4.720
LG11	1746847	11	6.129	4.720
LG11	1755169	11	6.129	4.720
LG11	1755220	11	6.129	4.826
LG11	1769441	11	6.236	4.933
LG11	1769445	11	6.236	4.933
LG11	1769474	11	6.236	4.933
LG11	1795702	11	6.236	5.254
LG11	1799823	11	6.449	5.361
LG11	1802709	11	6.449	5.361
LG11	1817916	11	6.556	5.361
LG11	1830943	11	6.663	5.467
LG11	1830955	11	6.663	5.467
LG11	1845065	11	6.769	5.467
LG11	1868321	11	6.769	5.681
LG11	1868349	11	6.876	5.895
LG11	1870413	11	6.983	5.895
LG11	1873964	11	6.983	5.895
LG11	1874772	11	6.983	6.001
LG11	1874774	11	6.983	6.001
LG11	1881212	11	6.983	6.108
LG11	1881552	11	6.983	6.108
LG11	1881561	11	6.983	6.322
LG11	1881588	11	6.983	6.322
LG11	1881595	11	6.983	6.322
LG11	1893464	11	6.983	6.535
LG11	1910388	11	7.304	6.642
LG11	1924631	11	7.732	6.749
LG11	1933494	11	7.732	6.856
LG11	1959319	11	7.839	6.856
LG11	1959328	11	7.839	6.962
LG11	1959331	11	7.839	6.962
LG11	1961646	11	7.839	6.962
LG11	1980681	11	7.945	7.069
LG11	1980719	11	7.945	7.176
LG11	1982858	11	7.945	7.282
LG11	1982873	11	8.052	7.282
LG11	1985085	11	8.159	7.496
LG11	2001297	11	8.266	7.710
LG11	2001299	11	8.266	7.710
LG11	2003723	11	8.372	7.710
LG11	2003730	11	8.372	7.710
LG11	2022630	11	8.479	7.710
LG11	2033784	11	8.479	7.710
LG11	2033795	11	8.586	7.710
LG11	2033804	11	8.692	7.924
LG11	2036194	11	8.799	8.137
LG11	2036215	11	9.013	8.137
LG11	2058114	11	9.657	8.565
LG11	2090166	11	9.978	8.886
LG11	2115842	11	10.298	9.315
LG11	2214731	11	10.834	9.635
LG11	2229933	11	11.695	10.171
LG11	2322941	11	11.695	10.278
LG11	2325439	11	11.695	10.492
LG11	2334118	11	11.801	10.598
LG11	2340123	11	11.801	10.705
LG11	2340150	11	11.801	10.705
LG11	2348351	11	12.122	10.919
LG11	2360802	11	12.229	11.133
LG11	2360810	11	12.443	11.239
LG11	2360815	11	12.443	11.239
LG11	2360829	11	12.443	11.239
LG11	2360833	11	12.443	11.239
LG11	2388929	11	12.443	11.453
LG11	2434725	11	12.763	11.881
LG11	2484422	11	12.870	12.202
LG11	2506490	11	12.977	12.309
LG11	2521065	11	12.977	12.309
LG11	2521089	11	12.977	12.737
LG11	2526982	11	12.977	12.737
LG11	2542585	11	13.084	12.844
LG11	2542600	11	13.084	12.844
LG11	2548007	11	13.084	12.950
LG11	2561363	11	13.084	13.164
LG11	2568825	11	13.084	13.271
LG11	2604748	11	13.190	13.485
LG11	2607841	11	13.619	13.485
LG11	2612589	11	13.619	13.485
LG11	2655161	11	13.939	13.698
LG11	2655372	11	13.939	14.019
LG11	2659505	11	14.475	14.126
LG11	2682601	11	14.475	14.662
LG11	2683621	11	14.582	14.768
LG11	2683639	11	14.582	14.875
LG11	2683643	11	14.582	14.982
LG11	2687693	11	15.010	15.089
LG11	2707650	11	15.439	15.195
LG11	2718280	11	15.759	15.516
LG11	2733969	11	15.973	15.623
LG11	2784170	11	16.294	15.623
LG11	2868490	11	16.722	16.701
LG11	2874179	11	17.150	16.807
LG11	2929051	11	17.579	17.451
LG11	2940228	11	17.685	17.451
LG11	2940231	11	17.792	17.451
LG11	2940253	11	17.792	17.451
LG11	2965174	11	18.006	17.665
LG11	2971089	11	18.113	17.878
LG11	2993658	11	18.326	18.199
LG11	3034312	11	18.647	18.306
LG11	3053923	11	19.075	18.306
LG11	3055503	11	19.289	18.306
LG11	3066347	11	19.396	18.413
LG11	3077267	11	19.717	18.626
LG11	3077334	11	19.717	18.947
LG11	3096866	11	20.145	19.591
LG11	3113083	11	20.466	19.912
LG11	3161720	11	20.894	20.340
LG11	3201288	11	21.001	20.447
LG11	3218531	11	21.001	20.447
LG11	3218537	11	21.001	20.447
LG11	3223264	11	21.107	20.661
LG11	3231320	11	21.107	20.874
LG11	3233139	11	21.107	20.981
LG11	3233232	11	21.214	21.302
LG11	3233240	11	21.428	21.302
LG11	3236491	11	21.428	21.302
LG11	3236510	11	21.428	21.302
LG11	3252154	11	21.428	21.302
LG11	3252160	11	21.428	21.302
LG11	3252170	11	21.428	21.302
LG11	3262232	11	21.428	21.302
LG11	3262254	11	21.535	21.302
LG11	3313809	11	21.748	21.516
LG11	3342547	11	21.962	21.622
LG11	3347278	11	22.069	21.729
LG11	3355282	11	22.069	21.729
LG11	3357722	11	22.069	21.729
LG11	3361805	11	22.497	21.729
LG11	3379348	11	22.497	21.729
LG11	3392933	11	22.818	21.729
LG11	3475608	11	22.818	21.729
LG11	3485031	11	23.354	22.050
LG11	3485035	11	23.354	22.050
LG11	3485994	11	23.354	22.157
LG11	3488574	11	23.354	22.157
LG11	3522715	11	23.567	22.263
LG11	3571963	11	23.781	22.477
LG11	3571990	11	23.995	22.584
LG11	3573379	11	24.101	22.584
LG11	3601068	11	24.208	22.797
LG11	3604284	11	24.315	22.797
LG11	3604444	11	24.422	23.011
LG11	3660539	11	24.528	23.118
LG11	3672946	11	24.635	23.439
LG11	3713271	11	24.742	23.439
LG11	3722737	11	24.742	23.652
LG11	3747649	11	24.849	23.759
LG11	3752843	11	24.849	23.759
LG11	3758430	11	24.955	23.759
LG11	3761140	11	25.062	23.759
LG11	3761814	11	25.169	23.866
LG11	3775229	11	25.382	24.294
LG11	3812281	11	25.703	24.294
LG11	3821601	11	25.703	24.294
LG11	3858219	11	25.810	24.401
LG11	3858223	11	25.810	24.401
LG11	3858224	11	25.810	24.401
LG11	3865921	11	25.810	24.401
LG11	3892437	11	25.917	24.722
LG11	3898730	11	26.023	24.935
LG11	3902059	11	26.023	24.935
LG11	3902084	11	26.130	24.935
LG11	3906482	11	26.130	24.935
LG11	3920714	11	26.451	25.042
LG11	3921186	11	26.558	25.149
LG11	3921211	11	26.558	25.149
LG11	3921213	11	26.558	25.149
LG11	3933287	11	26.664	25.255
LG11	3950599	11	26.878	25.362
LG11	3990909	11	26.878	25.576
LG11	3990921	11	26.985	25.576
LG11	4000671	11	27.954	25.683
LG11	4039404	11	27.954	25.683
LG11	4090004	11	27.954	25.683
LG11	4108859	11	28.167	25.789
LG11	4108863	11	28.167	25.789
LG11	4108899	11	28.381	25.789
LG11	4108905	11	28.381	25.789
LG11	4122213	11	28.702	25.896
LG11	4122214	11	28.702	25.896
LG11	4136044	11	29.023	26.110
LG11	4136050	11	29.023	26.323
LG11	4143644	11	29.129	26.323
LG11	4146378	11	29.236	26.644
LG11	4195236	11	29.236	26.644
LG11	4195284	11	29.236	26.644
LG11	4204334	11	29.236	26.644
LG11	4210486	11	29.236	26.644
LG11	4213618	11	29.236	26.644
LG11	4239888	11	29.343	26.644
LG11	4240232	11	29.450	26.644
LG11	4244294	11	29.556	26.751
LG11	4246706	11	29.556	26.751
LG11	4254266	11	29.770	26.965
LG11	4310045	11	30.306	26.965
LG11	4310080	11	30.306	26.965
LG11	4321327	11	30.306	26.965
LG11	4328864	11	30.413	27.178
LG11	4330474	11	30.413	27.178
LG11	4342152	11	30.413	27.285
LG11	4342856	11	30.413	27.285
LG11	4346646	11	30.734	27.499
LG11	4346660	11	30.734	27.499
LG11	4358648	11	30.840	27.712
LG11	4367098	11	31.054	27.712
LG11	4367099	11	31.054	27.712
LG11	4390291	11	31.161	27.819
LG11	4390664	11	31.161	28.140
LG11	4441981	11	31.267	28.354
LG11	4445760	11	31.267	28.354
LG11	4446568	11	31.374	28.354
LG11	4452971	11	31.588	28.354
LG11	4459088	11	31.694	28.354
LG11	4535199	11	31.801	28.567
LG11	4548859	11	31.801	28.567
LG11	4557225	11	31.801	28.567
LG11	4557231	11	31.801	28.567
LG11	4557260	11	31.801	28.674
LG11	4557263	11	31.801	28.674
LG11	4746585	11	32.015	28.781
LG11	4746740	11	32.015	28.781
LG11	4746751	11	32.015	28.887
LG11	4746755	11	32.122	29.101
LG11	4746770	11	32.122	29.208
LG11	4775450	11	32.228	29.315
LG11	4776451	11	32.549	29.528
LG11	4789722	11	32.870	29.957
LG11	4846325	11	32.977	30.277
LG11	4846354	11	32.977	30.277
LG11	4861530	11	32.977	30.277
LG11	4865128	11	33.405	30.491
LG11	4867687	11	33.405	30.598
LG11	4898281	11	33.512	30.598
LG11	4898308	11	33.618	30.704
LG11	4901916	11	33.725	30.811
LG11	4920932	11	33.832	31.025
LG11	4921385	11	33.832	31.132
LG11	4945627	11	34.046	31.560
LG11	4960133	11	34.259	31.881
LG11	4965163	11	34.366	32.202
LG11	4965196	11	34.366	32.202
LG11	4970047	11	34.580	32.308
LG11	4974936	11	34.580	32.308
LG11	4978536	11	34.580	32.522
LG11	4978540	11	34.580	32.736
LG11	4984390	11	34.580	32.949
LG11	5036753	11	34.580	33.485
LG11	5036803	11	34.580	33.699
LG11	5123625	11	34.686	33.806
LG11	5135245	11	35.007	33.912
LG11	5135293	11	35.328	33.912
LG11	5190930	11	35.649	33.912
LG11	5195937	11	35.756	34.019
LG11	5213079	11	35.756	34.340
LG11	5218221	11	35.969	34.340
LG11	5218225	11	35.969	34.340
LG11	5218247	11	35.969	34.340
LG11	5218290	11	36.290	34.661
LG11	5219326	11	36.397	34.661
LG11	5249850	11	36.504	35.305
LG11	5293784	11	36.717	36.056
LG11	5294008	11	36.717	36.056
LG11	5354095	11	36.717	36.163
LG11	5407906	11	37.146	36.484
LG11	5507070	11	37.252	36.591
LG11	5507085	11	37.252	36.591
LG11	5522795	11	37.359	36.591
LG11	5546750	11	37.466	36.804
LG11	5585080	11	37.466	36.804
LG11	5585085	11	37.466	36.804
LG11	5600881	11	37.466	36.911
LG11	5617339	11	37.573	37.339
LG11	5617516	11	37.573	37.339
LG11	5617529	11	37.573	37.553
LG11	5617537	11	37.679	37.660
LG11	5637947	11	37.679	37.660
LG11	5641721	11	37.679	37.981
LG11	5641722	11	37.679	37.981
LG11	5679105	11	37.893	38.194
LG11	5701067	11	37.893	38.194
LG11	5705492	11	38.000	38.194
LG11	5719291	11	38.106	38.408
LG11	5719302	11	38.106	38.408
LG11	5732639	11	38.106	38.515
LG11	5763978	11	38.320	38.622
LG11	5777085	11	38.320	38.942
LG11	5780814	11	38.320	38.942
LG11	5780850	11	38.427	39.156
LG11	5800571	11	38.427	39.908
LG11	5800610	11	38.427	40.444
LG11	5886654	11	38.748	40.551
LG11	5886689	11	38.748	40.551
LG11	5903440	11	38.748	40.657
LG11	5918903	11	38.748	40.657
LG11	5921773	11	38.961	40.764
LG11	5940421	11	38.961	40.764
LG11	5940422	11	38.961	40.764
LG11	5956857	11	39.068	40.978
LG11	5962075	11	39.068	41.084
LG11	5976894	11	39.175	41.191
LG11	6006303	11	39.388	41.191
LG11	6018866	11	39.388	41.298
LG11	6149799	11	39.602	41.726
LG11	6155991	11	39.709	41.833
LG11	6230104	11	39.816	41.833
LG11	6251762	11	39.816	41.833
LG11	6265745	11	39.816	41.833
LG11	6265773	11	39.816	41.940
LG11	6290799	11	39.816	41.940
LG11	6292797	11	39.816	41.940
LG11	6292881	11	39.816	41.940
LG11	6298489	11	40.136	42.260
LG11	6352783	11	40.350	42.474
LG11	6383587	11	40.350	42.474
LG11	6386733	11	40.350	42.581
LG11	6396254	11	40.350	42.581
LG11	6400972	11	40.350	42.688
LG11	6400976	11	40.350	42.688
LG11	6438485	11	40.457	42.901
LG11	6583951	11	40.457	43.008
LG11	6600849	11	40.457	43.008
LG11	6606397	11	40.457	43.329
LG11	6614802	11	40.457	43.542
LG11	6649915	11	40.564	43.542
LG11	6649919	11	40.564	43.542
LG11	6649926	11	40.564	43.542
LG11	6649928	11	40.564	43.542
LG11	6650123	11	40.564	43.542
LG11	6657975	11	40.564	43.863
LG11	6700725	11	40.564	43.863
LG11	6700773	11	40.670	43.863
LG11	6709003	11	40.884	43.863
LG11	6711010	11	40.884	43.970
LG11	6713115	11	41.098	44.184
LG11	6745291	11	41.098	44.505
LG11	6745335	11	41.098	44.505
LG11	6750709	11	41.098	44.505
LG11	6798886	11	41.098	44.505
LG11	6807159	11	41.098	44.718
LG11	6811814	11	41.311	44.932
LG11	6826020	11	41.418	44.932
LG11	6892758	11	41.632	45.468
LG11	6927478	11	41.632	45.468
LG11	6945449	11	41.845	45.682
LG11	7033100	11	41.952	46.002
LG11	7054405	11	41.952	46.002
LG11	7063133	11	41.952	46.109
LG11	7104509	11	41.952	46.216
LG11	7115087	11	41.952	46.752
LG11	7130114	11	42.166	46.752
LG11	7137658	11	42.379	47.288
LG11	7158133	11	42.379	47.288
LG11	7168338	11	42.379	47.501
LG11	7183373	11	42.593	48.145
LG11	7263199	11	42.807	48.681
LG11	7280601	11	42.807	48.895
LG11	7280610	11	42.807	49.001
LG11	7327637	11	42.913	49.322
LG11	7327679	11	42.913	49.429
LG11	7381804	11	42.913	49.429
LG11	7381829	11	42.913	49.429
LG11	7387699	11	42.913	49.429
LG11	7387710	11	43.020	49.536
LG11	7453494	11	43.020	49.642
LG11	7453512	11	43.020	49.642
LG11	7453526	11	43.020	49.642
LG11	7453534	11	43.020	49.642
LG11	7453538	11	43.020	49.856
LG11	7453545	11	43.020	49.856
LG11	7461272	11	43.020	49.963
LG11	7483194	11	43.127	49.963
LG11	7527319	11	43.127	50.070
LG11	7527338	11	43.127	50.070
LG11	7530366	11	43.127	50.070
LG11	7532858	11	43.341	50.390
LG11	7550231	11	43.341	50.390
LG11	7574138	11	43.447	50.390
LG11	7621343	11	43.447	50.926
LG11	7644328	11	43.447	51.033
LG11	7676647	11	43.447	51.140
LG11	7676689	11	43.447	51.140
LG11	7683831	11	43.447	51.353
LG11	7685357	11	43.447	51.353
LG11	7685369	11	43.447	51.353
LG11	7687619	11	43.447	51.567
LG11	7716659	11	43.447	51.567
LG11	7723217	11	43.768	51.567
LG11	7725773	11	43.768	51.567
LG11	7746550	11	43.768	51.567
LG11	7759988	11	43.768	51.567
LG11	7765060	11	43.875	51.781
LG11	7765065	11	43.875	51.781
LG11	7765367	11	43.875	51.781
LG11	7801164	11	43.875	52.641
LG11	7801178	11	43.875	52.748
LG11	7828295	11	43.875	52.748
LG11	7862047	11	43.982	52.748
LG11	7863919	11	43.982	52.855
LG11	7871007	11	43.982	53.068
LG11	7872216	11	43.982	53.712
LG11	7932790	11	44.088	54.356
LG11	7956237	11	44.088	54.462
LG11	8028717	11	44.088	54.569
LG11	8057418	11	44.088	54.569
LG11	8068851	11	44.088	54.676
LG11	8070413	11	44.088	54.676
LG11	8070415	11	44.088	54.890
LG11	8072532	11	44.088	54.890
LG11	8078173	11	44.088	54.890
LG11	8095868	11	44.195	54.890
LG11	8095893	11	44.195	54.890
LG11	8103106	11	44.195	54.996
LG11	8107610	11	44.195	54.996
LG11	8158578	11	44.302	55.103
LG11	8158689	11	44.302	55.210
LG11	8182994	11	44.302	55.317
LG11	8189691	11	44.302	55.423
LG11	8199642	11	44.302	55.637
LG11	8213462	11	44.302	55.637
LG11	8214749	11	44.302	55.637
LG11	8277842	11	44.302	55.637
LG11	8277865	11	44.302	55.637
LG11	8401095	11	44.409	55.744
LG11	8421837	11	44.515	55.850
LG11	8432356	11	44.515	55.957
LG11	8432370	11	44.515	55.957
LG11	8432384	11	44.515	55.957
LG11	8432440	11	44.515	55.957
LG11	8437102	11	44.515	55.957
LG11	8463474	11	44.515	55.957
LG11	8463487	11	44.515	56.064
LG11	8466832	11	44.515	56.600
LG11	8467936	11	44.515	56.706
LG11	8481468	11	44.622	56.706
LG11	8482229	11	44.729	56.813
LG11	8545324	11	44.729	56.813
LG11	8547603	11	44.729	57.027
LG11	8578294	11	44.835	57.348
LG11	8582763	11	44.835	57.348
LG11	8585497	11	44.835	57.348
LG11	8638546	11	44.835	57.348
LG11	8662572	11	44.835	57.348
LG11	8663394	11	44.835	57.561
LG11	8669246	11	44.835	57.561
LG11	8677775	11	44.835	57.668
LG11	8713049	11	44.835	57.882
LG11	8724098	11	44.835	58.095
LG11	8724104	11	44.835	58.202
LG11	8769815	11	44.835	58.202
LG11	8802449	11	44.835	58.309
LG11	8803712	11	44.835	58.309
LG11	8805698	11	44.835	58.416
LG11	8811547	11	44.835	58.522
LG11	8891130	11	44.835	58.522
LG11	8891218	11	44.835	58.522
LG11	8891226	11	44.835	58.522
LG11	8891233	11	44.942	58.522
LG11	8893861	11	44.942	59.058
LG11	8938662	11	44.942	59.165
LG11	8986102	11	44.942	59.379
LG11	8986103	11	44.942	59.379
LG11	8992908	11	44.942	59.379
LG11	9010279	11	44.942	59.807
LG11	9010292	11	44.942	59.807
LG11	9010296	11	44.942	59.807
LG11	9016925	11	44.942	59.807
LG11	9024101	11	44.942	59.914
LG11	9094071	11	44.942	60.342
LG11	9121717	11	44.942	60.449
LG11	9121723	11	44.942	60.449
LG11	9133427	11	44.942	60.449
LG11	9156969	11	44.942	60.555
LG11	9167314	11	44.942	60.662
LG11	9173171	11	44.942	60.769
LG11	9173173	11	44.942	60.769
LG11	9188155	11	44.942	60.876
LG11	9243318	11	44.942	61.196
LG11	9248750	11	44.942	61.303
LG11	9248760	11	44.942	61.410
LG11	9255367	11	44.942	61.410
LG11	9274644	11	44.942	61.410
LG11	9274653	11	44.942	61.410
LG11	9286043	11	44.942	61.410
LG11	9288239	11	44.942	61.623
LG11	9314674	11	44.942	61.730
LG11	9322484	11	44.942	61.730
LG11	9329926	11	44.942	61.837
LG11	9334341	11	44.942	61.837
LG11	9335645	11	44.942	61.837
LG11	9335667	11	44.942	61.837
LG11	9335672	11	44.942	61.837
LG11	9335677	11	44.942	61.837
LG11	9346241	11	44.942	61.837
LG11	9346244	11	44.942	61.837
LG11	9346278	11	44.942	61.944
LG11	9365979	11	44.942	62.157
LG11	9366563	11	44.942	62.157
LG11	9366572	11	44.942	62.157
LG11	9371004	11	44.942	62.264
LG11	9391301	11	44.942	62.478
LG11	9417012	11	44.942	62.478
LG11	9441745	11	45.263	62.584
LG11	9442953	11	45.263	62.584
LG11	9505211	11	45.263	62.584
LG11	9516333	11	45.263	62.584
LG11	9517797	11	45.263	63.013
LG11	9517846	11	45.263	63.013
LG11	9526913	11	45.263	63.013
LG11	9535562	11	45.263	63.013
LG11	9550139	11	45.263	63.013
LG11	9559680	11	45.263	63.013
LG11	9619021	11	45.263	63.226
LG11	9619024	11	45.263	63.226
LG11	9719755	11	45.370	63.547
LG11	9719761	11	45.370	63.547
LG11	9719790	11	45.476	63.868
LG11	9730105	11	45.476	63.868
LG11	9785087	11	45.583	63.868
LG11	9785089	11	45.583	63.868
LG11	9818666	11	45.583	64.082
LG11	9818674	11	45.583	64.189
LG11	9833009	11	45.583	64.189
LG11	9833015	11	45.583	64.189
LG11	9833032	11	45.583	64.189
LG11	9833044	11	45.583	64.189
LG11	9847294	11	45.583	64.189
LG11	9849084	11	45.583	64.295
LG11	9849086	11	45.583	64.295
LG11	9852276	11	45.583	64.295
LG11	9900209	11	45.583	64.295
LG11	9900224	11	45.583	64.295
LG11	9900291	11	45.583	64.402
LG11	9916262	11	45.583	64.402
LG11	9945958	11	45.583	64.509
LG11	9969901	11	45.583	64.722
LG11	9982800	11	45.583	64.829
LG11	10016247	11	45.583	64.829
LG11	10016251	11	45.583	64.829
LG11	10016643	11	45.583	64.829
LG11	10030254	11	45.583	64.829
LG11	10030297	11	45.583	64.829
LG11	10030300	11	45.583	64.829
LG11	10030305	11	45.583	64.829
LG11	10034718	11	45.583	64.829
LG11	10034747	11	45.583	64.829
LG11	10035883	11	45.583	64.829
LG11	10038660	11	45.583	64.829
LG11	10039376	11	45.583	64.829
LG11	10039377	11	45.583	64.829
LG11	10074904	11	45.690	64.829
LG11	10084835	11	45.690	64.829
LG11	10094964	11	45.690	64.829
LG11	10094994	11	45.690	64.829
LG11	10100254	11	45.690	64.829
LG11	10115614	11	45.797	65.150
LG11	10188380	11	45.797	65.150
LG11	10266936	11	45.797	65.150
LG11	10273251	11	45.797	65.150
LG11	10277761	11	45.797	65.150
LG11	10300825	11	45.797	65.150
LG11	10444690	11	45.797	65.471
LG11	10464676	11	45.797	65.471
LG11	10488855	11	45.797	65.578
LG11	10506967	11	45.797	65.578
LG11	10546146	11	45.797	65.578
LG11	10546168	11	45.797	65.578
LG11	10551560	11	45.797	65.684
LG11	10551571	11	45.797	65.684
LG11	10551587	11	45.797	65.684
LG11	10573887	11	45.797	65.684
LG11	10573928	11	45.797	65.684
LG11	10576578	11	45.797	65.684
LG11	10593271	11	45.797	65.684
LG11	10619567	11	45.797	65.898
LG11	10621107	11	45.797	65.898
LG11	10667829	11	45.903	66.005
LG11	10667830	11	45.903	66.005
LG11	10692042	11	45.903	66.111
LG11	10696848	11	45.903	66.218
LG11	10907516	11	45.903	66.218
LG11	10907789	11	45.903	66.325
LG11	10915378	11	45.903	66.325
LG11	10939906	11	45.903	66.432
LG11	10960776	11	45.903	66.432
LG11	11012486	11	45.903	66.538
LG11	11012522	11	45.903	66.538
LG11	11026520	11	45.903	66.645
LG11	11027287	11	45.903	66.645
LG11	11042206	11	45.903	66.645
LG11	11118908	11	45.903	66.645
LG11	11118950	11	45.903	66.859
LG11	11126131	11	45.903	66.859
LG11	11130323	11	45.903	66.859
LG11	11152272	11	45.903	66.859
LG11	11152281	11	45.903	66.859
LG11	11177965	11	45.903	66.859
LG11	11180980	11	45.903	66.859
LG11	11190152	11	45.903	66.965
LG11	11190512	11	45.903	66.965
LG11	11190518	11	45.903	66.965
LG11	11204539	11	46.010	67.286
LG11	11214075	11	46.010	67.286
LG11	11260941	11	46.010	67.286
LG11	11268046	11	46.010	67.286
LG11	11268060	11	46.010	67.393
LG11	11274481	11	46.010	67.393
LG11	11303377	11	46.117	67.393
LG11	11303378	11	46.117	67.393
LG11	11303403	11	46.117	67.393
LG11	11303442	11	46.117	67.393
LG11	11303448	11	46.117	67.393
LG11	11303455	11	46.117	67.393
LG11	11340422	11	46.117	67.393
LG11	11340439	11	46.117	67.393
LG11	11340485	11	46.117	67.393
LG11	11340498	11	46.117	67.393
LG11	11340506	11	46.117	67.393
LG11	11355828	11	46.117	67.393
LG11	11358030	11	46.117	67.393
LG11	11373073	11	46.117	67.393
LG11	11395593	11	46.117	67.393
LG11	11418267	11	46.117	67.393
LG11	11418321	11	46.117	67.393
LG11	11440960	11	46.117	67.607
LG11	11484941	11	46.117	67.607
LG11	11508949	11	46.117	67.607
LG11	11508967	11	46.117	67.607
LG11	11528280	11	46.117	67.607
LG11	11528463	11	46.117	67.607
LG11	11546189	11	46.117	67.607
LG11	11547887	11	46.117	67.607
LG11	11560128	11	46.117	67.607
LG11	11568980	11	46.117	67.607
LG11	11569000	11	46.117	67.607
LG11	11673138	11	46.117	67.607
LG11	11766267	11	46.117	67.607
LG11	11766311	11	46.117	67.607
LG11	11801139	11	46.117	67.607
LG11	11801141	11	46.117	67.607
LG11	11801161	11	46.117	67.607
LG11	11905742	11	46.330	67.820
LG11	11918837	11	46.330	67.820
LG11	11927222	11	46.330	67.820
LG11	11945136	11	46.330	67.820
LG11	11945157	11	46.330	67.820
LG11	12030240	11	46.330	67.927
LG11	12075669	11	46.330	67.927
LG11	12108100	11	46.330	67.927
LG11	12125943	11	46.330	67.927
LG11	12129512	11	46.330	67.927
LG11	12129546	11	46.330	67.927
LG11	12152247	11	46.330	67.927
LG11	12152355	11	46.330	67.927
LG11	12411167	11	46.330	68.034
LG11	12419870	11	46.330	68.034
LG11	12831357	11	46.330	68.034
LG11	13270600	11	46.330	68.462
LG11	13367619	11	46.330	68.462
LG11	13389290	11	46.330	68.462
LG11	13422073	11	46.330	68.462
LG11	13489511	11	46.330	68.462
LG11	13503943	11	46.330	68.569
LG11	13504532	11	46.330	68.569
LG11	13548610	11	46.330	68.569
LG11	13573537	11	46.330	68.569
LG11	13587841	11	46.330	68.569
LG11	13592217	11	46.330	68.675
LG11	13606003	11	46.330	68.675
LG11	13627642	11	46.330	68.675
LG11	13634010	11	46.330	68.996
LG11	13634044	11	46.330	68.996
LG11	13671942	11	46.330	69.317
LG11	13801739	11	46.330	69.638
LG11	13913541	11	46.330	69.638
LG11	13930103	11	46.330	69.852
LG11	14022218	11	46.330	69.852
LG11	14068275	11	46.330	69.852
LG11	14073326	11	46.330	69.958
LG11	14073336	11	46.330	69.958
LG11	14073343	11	46.330	70.065
LG11	14193176	11	46.330	70.065
LG11	14222537	11	46.330	70.065
LG11	14222549	11	46.330	70.065
LG11	14228482	11	46.330	70.172
LG11	14228509	11	46.330	70.386
LG11	14241847	11	46.330	70.814
LG11	14241859	11	46.330	70.814
LG11	14241904	11	46.330	70.814
LG11	14241906	11	46.330	70.814
LG11	14282918	11	46.330	71.135
LG11	14304835	11	46.330	71.348
LG11	14304853	11	46.330	71.348
LG11	14308492	11	46.330	71.348
LG11	14317895	11	46.330	71.455
LG11	14327587	11	46.330	71.776
LG11	14327589	11	46.330	71.883
LG11	14327872	11	46.330	72.311
LG11	14358255	11	46.330	72.955
LG11	14386542	11	46.330	72.955
LG11	14394777	11	46.330	73.168
LG11	14441883	11	46.330	73.489
LG11	14494657	11	46.330	73.703
LG11	14494658	11	46.330	73.810
LG11	14494685	11	46.330	73.916
LG11	14494702	11	46.330	73.916
LG11	14496875	11	46.330	74.777
LG11	14525149	11	46.330	75.205
LG11	14525151	11	46.330	75.205
LG11	14586565	11	46.330	75.205
LG11	14714501	11	46.330	75.205
LG11	14720851	11	46.330	76.174
LG11	14788733	11	46.437	76.174
LG11	14802775	11	46.437	76.174
LG11	14876852	11	46.437	76.710
LG11	14876907	11	46.437	76.710
LG11	14876927	11	46.437	76.816
LG11	14881229	11	46.437	77.030
LG11	14881261	11	46.437	77.244
LG11	14883173	11	46.437	77.350
LG11	14926408	11	46.437	77.350
LG11	14937994	11	46.437	77.350
LG11	14938101	11	46.437	77.350
LG11	14941122	11	46.437	77.564
LG11	14954288	11	46.437	78.208
LG11	14954339	11	46.437	78.208
LG11	15002646	11	46.437	78.208
LG11	15002778	11	46.437	78.422
LG11	15143670	11	46.437	79.065
LG11	15143671	11	46.437	79.494
LG11	15143683	11	46.437	79.600
LG11	15157326	11	46.437	79.921
LG11	15172198	11	46.437	80.135
LG11	15178805	11	46.437	80.563
LG11	15222571	11	46.437	80.777
LG11	15424993	11	46.437	81.205
LG11	15425027	11	46.437	81.205
LG11	15573550	11	46.544	81.526
LG11	15584058	11	46.651	81.526
LG11	15598056	11	46.651	81.633
LG11	15598059	11	46.651	81.633
LG11	15602800	11	46.651	83.038
LG11	15623078	11	46.757	83.252
LG11	15624495	11	47.293	83.573
LG11	15624530	11	47.293	83.573
LG11	15624534	11	47.293	83.573
LG11	15624535	11	47.293	83.573
LG11	15660211	11	48.045	84.542
LG11	15660246	11	48.045	84.648
LG11	15674446	11	48.045	85.400
LG11	15674450	11	48.045	85.400
LG11	15696004	11	48.152	85.721
LG11	15696006	11	48.152	85.721
LG11	15748510	11	48.259	86.365
LG11	15748538	11	48.259	86.365
LG11	15749443	11	48.472	86.901
LG11	15844244	11	48.579	87.222
LG11	15844245	11	48.579	87.328
LG11	15844246	11	48.579	87.542
LG11	15844612	11	48.579	87.756
LG11	15861310	11	48.579	88.399
LG11	15862464	11	48.579	88.720
LG11	15862471	11	48.579	88.720
LG11	15887856	11	48.686	89.580
LG11	15933026	11	48.792	89.794
LG11	15955395	11	48.792	90.008
LG11	15955411	11	48.792	90.008
LG11	15955422	11	48.792	90.115
LG11	15955429	11	49.006	90.543
LG11	16005186	11	49.006	91.079
LG11	16059444	11	49.006	91.185
LG11	16059463	11	49.006	91.185
LG11	16072889	11	49.113	91.185
LG11	16089870	11	49.113	91.292
LG11	16089887	11	49.113	91.292
LG11	16089932	11	49.113	91.399
LG11	16103255	11	49.327	91.613
LG11	16103283	11	49.433	91.719
LG11	16150298	11	49.540	91.826
LG11	16156994	11	49.540	91.826
LG11	16157003	11	49.540	91.826
LG11	16157005	11	49.540	91.826
LG11	16165008	11	49.540	91.933
LG11	16170180	11	49.540	91.933
LG11	16173643	11	49.647	92.254
LG11	16189450	11	49.753	92.467
LG11	16199155	11	49.753	92.788
LG11	16210679	11	49.860	93.216
LG11	16216572	11	49.860	93.323
LG11	16222173	11	49.860	93.430
LG11	16235551	11	49.967	93.751
LG11	16235601	11	50.181	93.964
LG11	16269961	11	50.287	94.071
LG11	16270803	11	50.287	94.607
LG11	16271342	11	50.287	94.607
LG11	16334211	11	50.501	94.928
LG11	16334242	11	50.501	94.928
LG11	16351431	11	50.501	94.928
LG11	16351871	11	50.501	94.928
LG11	16359159	11	50.501	94.928
LG11	16359188	11	50.608	94.928
LG11	16374761	11	50.608	95.142
LG11	16382675	11	50.714	95.142
LG11	16382689	11	50.821	95.355
LG11	16384805	11	50.821	95.462
LG11	16384835	11	50.821	95.462
LG11	16384840	11	50.821	95.676
LG11	16420693	11	50.821	96.104
LG11	16420960	11	50.821	96.211
LG11	16420966	11	50.928	96.317
LG11	16453135	11	50.928	96.961
LG11	16453154	11	50.928	96.961
LG11	16464872	11	50.928	96.961
LG11	16488183	11	51.035	97.068
LG11	16488192	11	51.035	97.175
LG11	16499781	11	51.035	97.388
LG11	16499810	11	51.035	97.388
LG11	16509085	11	51.035	97.388
LG11	16509122	11	51.035	97.602
LG11	16513476	11	51.141	97.816
LG11	16513483	11	51.248	97.816
LG11	16525609	11	51.248	97.816
LG11	16540181	11	51.248	97.816
LG11	16557561	11	51.248	98.029
LG11	16557570	11	51.248	98.029
LG11	16587319	11	51.248	98.350
LG11	16587348	11	51.355	98.457
LG11	16587558	11	51.568	98.564
LG11	16588445	11	51.568	98.564
LG11	16588461	11	51.568	98.670
LG11	16588475	11	51.568	98.884
LG11	16598608	11	51.782	99.098
LG11	16598613	11	51.889	99.741
LG11	16673314	11	52.102	99.848
LG11	16673344	11	52.102	99.955
LG11	16681921	11	52.102	100.062
LG11	16730249	11	52.102	100.062
LG11	16730256	11	52.102	100.062
LG11	16730270	11	52.102	100.062
LG11	16730290	11	52.209	100.275
LG11	16759057	11	52.209	100.489
LG11	16760689	11	52.209	100.489
LG11	16796975	11	52.423	100.917
LG11	16818714	11	52.637	101.238
LG11	16825231	11	52.637	101.345
LG11	16827448	11	52.637	101.558
LG11	16886023	11	52.637	101.665
LG11	16889947	11	52.743	101.772
LG11	16890217	11	52.743	101.986
LG11	16902282	11	53.064	102.092
LG11	16907403	11	53.064	102.306
LG11	16907404	11	53.064	102.306
LG11	16975759	11	53.278	102.306
LG11	16975789	11	53.278	102.306
LG11	16983742	11	53.278	102.413
LG11	16999501	11	53.278	102.413
LG11	17004676	11	53.278	102.519
LG11	17032697	11	53.385	102.519
LG11	17039342	11	53.385	102.519
LG11	17041099	11	53.385	102.519
LG11	17068313	11	53.491	102.626
LG11	17085470	11	53.598	102.626
LG11	17085880	11	53.598	102.626
LG11	17086500	11	53.812	102.626
LG11	17087364	11	53.812	102.733
LG11	17127570	11	53.812	102.840
LG11	17130239	11	53.812	102.840
LG11	17144490	11	53.812	103.053
LG11	17144940	11	53.918	103.160
LG11	17144954	11	53.918	103.160
LG11	17154002	11	53.918	103.267
LG11	17155018	11	53.918	103.373
LG11	17171361	11	53.918	103.373
LG11	17182894	11	53.918	103.373
LG11	17182937	11	54.025	103.373
LG11	17209637	11	54.239	103.694
LG11	17213818	11	54.239	103.694
LG11	17218405	11	54.239	103.694
LG11	17281813	11	54.239	104.123
LG11	17296692	11	54.239	104.229
LG11	17296725	11	54.239	104.229
LG11	17298475	11	54.239	104.229
LG11	17311484	11	54.239	104.229
LG11	17311496	11	54.239	104.229
LG11	17311578	11	54.239	104.229
LG11	17350221	11	54.239	104.336
LG11	17350232	11	54.239	104.336
LG11	17350251	11	54.239	104.336
LG11	17376252	11	54.239	104.443
LG11	17376274	11	54.239	104.443
LG11	17376320	11	54.239	104.443
LG11	17380883	11	54.239	104.443
LG11	17382088	11	54.239	104.443
LG11	17382109	11	54.346	104.550
LG11	17391892	11	54.346	104.656
LG11	17391893	11	54.346	104.656
LG11	17391924	11	54.346	104.656
LG11	17394204	11	54.346	104.763
LG11	17410162	11	54.346	104.763
LG11	17410163	11	54.346	104.977
LG11	17415590	11	54.346	104.977
LG11	17415605	11	54.452	105.083
LG11	17416922	11	54.452	105.083
LG11	17423646	11	54.452	105.190
LG11	17465316	11	54.452	105.190
LG11	17483371	11	54.452	105.190
LG11	17483391	11	54.452	105.190
LG11	17502392	11	54.452	105.297
LG11	17526733	11	54.452	105.624
LG11	17526760	11	54.452	105.624
LG11	17530153	11	54.452	105.624
LG11	17530162	11	54.452	105.624
LG11	17542854	11	54.452	105.733
LG11	17552107	11	54.452	105.842
LG11	17552113	11	54.452	105.842
LG11	17552116	11	54.452	105.842
LG11	17559812	11	54.452	105.842
LG11	17559817	11	54.452	105.842
LG11	17584649	11	54.452	105.842
LG11	17586909	11	54.570	105.842
LG11	17586929	11	54.570	105.842
LG11	17586935	11	54.570	106.081
LG11	17595655	11	54.692	106.319
LG11	17595660	11	54.692	106.457
LG11	17609873	11	54.835	106.610
LG11	17668329	11	54.835	106.610
LG11	17729849	11	55.166	106.777
LG11	17729876	11	55.166	106.777
LG11	17729889	11	55.166	106.777
LG11	17771955	11	55.479	106.777
LG11	17772061	11	55.831	106.777
LG11	17790605	11	55.831	109.217
LG12	389893	12	0.000	0.000
LG12	674390	12	0.000	0.216
LG12	689677	12	0.000	0.500
LG12	819680	12	0.000	0.500
LG12	827179	12	0.000	0.862
LG12	1082722	12	0.000	1.340
LG12	1086848	12	0.233	1.340
LG12	1086902	12	0.233	1.340
LG12	1090562	12	0.344	1.340
LG12	1090584	12	0.344	1.340
LG12	1090588	12	0.344	1.340
LG12	1109259	12	0.454	1.340
LG12	1109288	12	0.454	1.340
LG12	1110692	12	0.563	1.340
LG12	1178871	12	0.563	1.340
LG12	1179639	12	0.672	1.340
LG12	1179661	12	0.672	1.340
LG12	1182042	12	0.887	1.340
LG12	1218425	12	0.887	1.340
LG12	1297846	12	0.887	1.340
LG12	1407983	12	0.887	1.681
LG12	1408020	12	0.887	1.681
LG12	1408021	12	0.887	1.681
LG12	1408032	12	1.423	1.681
LG12	1408041	12	1.423	1.681
LG12	1426112	12	1.423	2.023
LG12	1548318	12	1.423	2.023
LG12	1700587	12	1.423	2.805
LG12	1712737	12	1.423	3.247
LG12	1795978	12	1.423	3.357
LG12	1809629	12	1.423	4.245
LG12	1850095	12	1.423	5.245
LG12	2048308	12	1.423	6.583
LG12	2061136	12	1.423	7.583
LG12	2464658	12	1.423	7.914
LG12	2464663	12	1.423	7.914
LG12	2464665	12	1.423	7.914
LG12	2548824	12	1.423	7.914
LG12	2548928	12	1.423	7.914
LG12	2548967	12	1.423	8.356
LG12	2562769	12	1.423	8.577
LG12	2590234	12	1.423	10.369
LG12	2675090	12	1.423	10.922
LG12	2675092	12	1.423	10.922
LG12	2692597	12	1.423	11.922
LG12	2692603	12	1.423	11.922
LG12	2692617	12	1.423	11.922
LG12	2742221	12	1.423	11.922
LG12	2887609	12	1.423	13.600
LG12	2970489	12	1.423	14.376
LG12	2980005	12	1.423	14.376
LG12	2980018	12	1.423	14.376
LG12	3048988	12	1.530	14.376
LG12	3049033	12	1.530	14.707
LG12	3057333	12	1.530	16.045
LG12	3065361	12	1.530	17.157
LG12	3146926	12	1.530	17.693
LG12	3146960	12	1.530	17.693
LG12	3146969	12	1.530	17.693
LG12	3250938	12	1.530	17.693
LG12	3271281	12	1.530	18.122
LG12	3438271	12	1.530	18.442
LG12	3462305	12	1.530	18.442
LG12	3471992	12	1.530	18.442
LG12	3478418	12	1.530	18.549
LG12	3479629	12	1.530	18.549
LG12	3479655	12	1.530	18.549
LG12	3479686	12	1.530	18.549
LG12	3479687	12	1.530	18.656
LG12	3479723	12	1.530	19.300
LG12	3486180	12	1.530	19.300
LG12	3504047	12	1.530	19.300
LG12	3504083	12	1.530	19.300
LG12	3538302	12	1.530	19.300
LG12	3588417	12	1.530	19.621
LG12	3608472	12	1.530	19.621
LG12	3624786	12	1.530	19.834
LG12	3628300	12	1.530	20.155
LG12	3667714	12	1.530	20.583
LG12	3667746	12	1.530	20.583
LG12	3667751	12	1.530	20.583
LG12	3667792	12	1.530	20.583
LG12	3704823	12	1.530	20.583
LG12	3704833	12	1.530	20.583
LG12	3704841	12	1.530	20.583
LG12	3704849	12	1.530	20.583
LG12	3704866	12	1.530	20.583
LG12	3709917	12	1.530	20.690
LG12	3710968	12	1.530	20.690
LG12	3711299	12	1.530	20.690
LG12	3711312	12	1.530	20.690
LG12	3711318	12	1.530	20.690
LG12	3711325	12	1.530	20.690
LG12	3711680	12	1.530	21.550
LG12	3715718	12	1.530	21.979
LG12	3715743	12	1.530	21.979
LG12	3721226	12	1.530	21.979
LG12	3721301	12	1.530	21.979
LG12	3721311	12	1.530	21.979
LG12	3746804	12	1.530	21.979
LG12	3987906	12	1.530	22.622
LG12	4002310	12	1.530	23.483
LG12	4123780	12	1.530	24.019
LG12	4126136	12	1.530	24.125
LG12	4132748	12	1.530	24.125
LG12	4135703	12	1.530	24.125
LG12	4135709	12	1.530	24.661
LG12	4135712	12	1.530	24.661
LG12	4135720	12	1.530	24.661
LG12	4135721	12	1.530	24.661
LG12	4231306	12	1.530	25.197
LG12	4239477	12	1.530	25.304
LG12	4245506	12	1.530	25.517
LG12	4591908	12	1.530	26.704
LG12	4634627	12	1.530	27.240
LG12	4635410	12	1.530	27.240
LG12	4705684	12	1.530	27.454
LG12	4762094	12	1.530	27.560
LG12	4773786	12	1.530	27.774
LG12	4819668	12	1.530	28.095
LG12	4841129	12	1.530	29.064
LG12	4914172	12	1.530	29.277
LG12	5029214	12	1.530	30.464
LG12	5055492	12	1.637	32.200
LG12	5055501	12	1.637	32.200
LG12	5055502	12	1.637	32.200
LG12	5066979	12	1.637	32.521
LG12	5165960	12	1.743	32.627
LG12	5170251	12	1.743	32.948
LG12	5177236	12	1.743	32.948
LG12	5185168	12	1.743	32.948
LG12	5185178	12	1.743	33.484
LG12	5196594	12	1.743	33.484
LG12	5200129	12	1.743	34.236
LG12	5201605	12	1.743	34.343
LG12	5248863	12	1.743	34.343
LG12	5280707	12	1.743	35.639
LG12	5280725	12	1.743	35.639
LG12	5302924	12	1.743	35.639
LG12	5353386	12	1.743	37.818
LG12	5478447	12	1.743	37.818
LG12	5560797	12	1.743	38.138
LG12	5681585	12	1.743	38.459
LG12	5740771	12	1.743	39.537
LG12	5745274	12	1.743	39.644
LG12	5748278	12	1.743	39.644
LG12	5748281	12	1.743	39.857
LG12	5748283	12	1.743	39.857
LG12	5748288	12	1.743	39.857
LG12	5748315	12	1.743	39.857
LG12	5786788	12	1.743	39.857
LG12	5794338	12	1.743	39.857
LG12	5794347	12	1.743	39.857
LG12	5794372	12	1.743	40.393
LG12	5796140	12	1.743	40.393
LG12	5796188	12	1.743	40.393
LG12	5826097	12	1.743	40.393
LG12	5920859	12	1.743	40.929
LG12	5988928	12	1.743	41.681
LG12	5988930	12	1.743	41.681
LG12	6012327	12	1.743	41.681
LG12	6012374	12	1.743	42.325
LG12	6016071	12	1.743	43.185
LG12	6016108	12	1.743	43.185
LG12	6016129	12	1.743	43.185
LG12	6016181	12	1.743	43.185
LG12	6079870	12	1.743	43.506
LG12	6079900	12	1.743	43.506
LG12	6429893	12	1.743	43.506
LG12	6463859	12	1.743	43.827
LG12	6695466	12	1.743	44.471
LG12	6803830	12	1.743	45.657
LG12	6803851	12	1.743	45.657
LG12	6805644	12	1.743	45.657
LG12	6805669	12	1.743	45.657
LG12	6859279	12	1.743	46.409
LG12	6878508	12	1.743	46.730
LG12	6930464	12	1.743	47.266
LG12	6986929	12	1.743	47.266
LG12	7018003	12	1.743	47.266
LG12	7224209	12	1.850	47.266
LG12	7224215	12	1.850	47.266
LG12	7224221	12	1.850	47.266
LG12	7296417	12	1.850	47.373
LG12	7311223	12	1.850	47.373
LG12	7311224	12	1.850	47.373
LG12	7479840	12	1.850	48.559
LG12	7603533	12	1.850	48.559
LG12	7603701	12	1.850	48.559
LG12	7603748	12	1.850	48.773
LG12	7605520	12	1.850	48.773
LG12	7605548	12	1.850	48.773
LG12	7605550	12	1.850	48.773
LG12	7642822	12	1.850	48.773
LG12	7642863	12	1.850	48.773
LG12	7644006	12	1.850	48.773
LG12	7644031	12	1.850	49.094
LG12	7649658	12	1.850	49.094
LG12	7653623	12	1.850	49.094
LG12	7653651	12	1.850	49.094
LG12	7698321	12	1.850	49.201
LG12	7698359	12	1.850	49.201
LG12	7711632	12	1.850	49.201
LG12	7715076	12	1.850	49.201
LG12	7715093	12	1.850	49.414
LG12	7715320	12	1.850	49.414
LG12	7843287	12	1.850	49.414
LG12	7855844	12	1.850	49.414
LG12	7901082	12	1.850	49.521
LG12	7901121	12	1.850	49.521
LG12	7966842	12	1.850	49.735
LG12	7969977	12	1.850	49.948
LG12	7989186	12	1.850	50.700
LG12	8117024	12	1.850	50.807
LG12	8124593	12	1.850	50.914
LG12	8124616	12	1.850	50.914
LG12	8124622	12	1.850	50.914
LG12	8124626	12	1.850	50.914
LG12	8125297	12	1.850	50.914
LG12	8125307	12	1.850	51.020
LG12	8132761	12	1.850	51.020
LG12	8138417	12	1.850	51.020
LG12	8139779	12	1.850	51.020
LG12	8142989	12	1.850	51.127
LG12	8165811	12	1.850	51.448
LG12	8179236	12	1.850	51.448
LG12	8179238	12	1.850	51.662
LG12	8179239	12	1.850	51.662
LG12	8197137	12	1.850	51.662
LG12	8197718	12	1.850	51.662
LG12	8197721	12	1.850	51.662
LG12	8201082	12	1.850	51.662
LG12	8204024	12	1.850	51.662
LG12	8209873	12	1.850	51.875
LG12	8209884	12	1.850	52.089
LG12	8209896	12	1.850	52.089
LG12	8209903	12	1.850	52.089
LG12	8209904	12	1.850	52.089
LG12	8218734	12	1.850	52.089
LG12	8330716	12	1.850	52.089
LG12	8334832	12	1.850	52.089
LG12	8350023	12	1.850	52.089
LG12	8363314	12	1.850	52.517
LG12	8374372	12	1.850	52.838
LG12	8378306	12	1.850	52.945
LG12	8378310	12	1.850	52.945
LG12	8394546	12	1.850	52.945
LG12	8398844	12	1.850	52.945
LG12	8401571	12	1.850	52.945
LG12	8401585	12	1.850	52.945
LG12	8401631	12	1.850	52.945
LG12	8407814	12	1.850	53.373
LG12	8446389	12	1.850	53.694
LG12	8458841	12	1.850	54.990
LG12	8518402	12	1.850	55.850
LG12	8518404	12	1.850	55.850
LG12	8518417	12	1.850	55.850
LG12	8803518	12	1.850	55.850
LG12	8955139	12	1.850	57.807
LG12	9099347	12	1.850	57.914
LG12	9099365	12	1.850	57.914
LG12	9099396	12	1.850	57.914
LG12	9099397	12	1.850	57.914
LG12	9108304	12	1.850	58.020
LG12	9197420	12	1.850	58.020
LG12	9197429	12	1.850	58.020
LG12	9217584	12	1.850	58.020
LG12	9217596	12	1.850	58.020
LG12	9433568	12	1.850	58.020
LG12	9433580	12	1.850	58.020
LG12	9442785	12	1.850	58.020
LG12	9442812	12	1.850	58.127
LG12	9442813	12	1.850	58.127
LG12	9442827	12	1.850	58.127
LG12	9455123	12	1.850	58.448
LG12	9591002	12	1.850	58.555
LG12	9591013	12	1.850	58.555
LG12	9591022	12	1.850	59.199
LG12	9594796	12	1.850	59.199
LG12	9769153	12	1.850	59.519
LG12	9769211	12	1.850	59.626
LG12	9769224	12	2.064	59.626
LG12	9769232	12	2.064	59.626
LG12	9769241	12	2.064	59.626
LG12	9769255	12	2.064	60.054
LG12	9769284	12	2.064	60.054
LG12	9772341	12	2.278	60.054
LG12	9772363	12	2.278	60.054
LG12	9857106	12	2.278	60.054
LG12	9967088	12	2.278	62.793
LG12	10186157	12	2.278	62.900
LG12	10190261	12	2.278	62.900
LG12	10489157	12	2.384	62.900
LG12	10721096	12	2.384	65.865
LG12	10721098	12	2.384	65.865
LG12	10721112	12	2.384	65.865
LG12	10957307	12	3.028	65.865
LG12	10957310	12	3.028	65.865
LG12	10957311	12	3.028	65.865
LG12	10957322	12	3.028	65.865
LG12	10957325	12	3.028	65.971
LG12	11040601	12	3.564	68.710
LG12	11340557	12	3.564	68.710
LG12	11340721	12	3.564	68.710
LG12	11340727	12	3.564	68.710
LG12	11531470	12	3.564	69.246
LG12	11597321	12	3.564	69.246
LG12	11625680	12	3.885	69.890
LG12	11695633	12	3.885	70.104
LG12	11749001	12	3.885	70.210
LG12	11770700	12	3.885	70.424
LG12	11791270	12	3.885	71.176
LG12	11791271	12	3.885	71.176
LG12	12000993	12	3.885	71.497
LG12	12193803	12	3.885	72.141
LG12	12203011	12	3.885	72.354
LG12	12203020	12	3.885	72.354
LG12	12203021	12	3.885	72.354
LG12	12203034	12	3.885	72.354
LG12	12203045	12	3.885	72.354
LG12	12203049	12	3.885	72.354
LG12	12390647	12	3.885	72.354
LG12	12467048	12	3.885	72.354
LG12	12731349	12	3.885	72.461
LG12	12754251	12	3.885	72.461
LG12	12803927	12	3.885	72.461
LG12	12944937	12	3.885	72.461
LG12	12944951	12	3.885	73.430
LG12	12963456	12	3.885	73.430
LG12	12963509	12	3.885	73.430
LG12	13025985	12	3.885	73.430
LG12	13025991	12	3.885	73.430
LG12	13031624	12	3.885	73.430
LG12	13031640	12	3.885	73.430
LG12	13031666	12	3.885	73.643
LG12	13031670	12	3.885	73.643
LG12	13048526	12	3.885	73.643
LG12	13108050	12	3.885	73.750
LG12	13413100	12	3.885	73.964
LG12	13427635	12	3.885	73.964
LG12	13704226	12	3.885	74.071
LG12	13771552	12	3.885	74.071
LG12	13954671	12	3.885	74.177
LG12	13954683	12	3.885	74.177
LG12	13979517	12	3.885	74.177
LG12	14115929	12	3.885	74.284
LG12	14116369	12	3.885	74.284
LG12	14366355	12	3.885	74.284
LG12	14366379	12	3.885	74.284
LG12	14366400	12	3.885	74.284
LG12	14366917	12	3.885	74.284
LG12	14480988	12	3.885	74.284
LG12	14481010	12	3.885	74.284
LG12	14481029	12	3.885	74.284
LG12	14481035	12	3.885	74.284
LG12	14862299	12	3.885	74.284
LG12	14939828	12	3.885	74.391
LG12	15308039	12	3.992	74.391
LG12	15398300	12	3.992	74.497
LG12	15802201	12	3.992	74.497
LG12	15808905	12	3.992	74.497
LG12	15808928	12	3.992	74.497
LG12	16062928	12	3.992	74.497
LG12	17016728	12	3.992	74.604
LG12	17016735	12	3.992	74.604
LG12	17016748	12	3.992	74.604
LG12	17016750	12	3.992	74.604
LG12	17016752	12	3.992	74.604
LG12	17131932	12	4.098	74.711
LG12	17251589	12	4.098	75.139
LG12	17251627	12	4.098	75.353
LG12	17593127	12	4.098	75.674
LG12	17593247	12	4.098	75.674
LG12	17660551	12	4.098	75.780
LG12	17660563	12	4.098	75.780
LG12	17661869	12	4.098	75.780
LG12	17668816	12	4.098	75.780
LG12	17693494	12	4.098	76.316
LG12	17710934	12	4.098	76.530
LG12	17745638	12	4.098	76.530
LG12	17759901	12	4.098	77.282
LG12	17901564	12	4.098	78.034
LG12	17963529	12	4.098	78.462
LG12	17963542	12	4.098	78.462
LG12	18298456	12	4.098	79.214
LG12	18468021	12	4.098	79.214
LG12	18661321	12	4.098	79.321
LG12	18662514	12	4.098	79.642
LG12	18662522	12	4.098	79.642
LG12	18740585	12	4.098	79.748
LG12	18837591	12	4.098	79.855
LG12	18858926	12	4.098	80.176
LG12	18858943	12	4.098	80.176
LG12	18988534	12	4.098	80.712
LG12	18993206	12	4.098	80.819
LG12	19012398	12	4.098	81.139
LG12	19084784	12	4.098	81.675
LG12	19084806	12	4.098	81.675
LG12	19084812	12	4.098	81.675
LG12	19084826	12	4.098	81.782
LG12	19092661	12	4.098	81.782
LG12	19093112	12	4.098	82.426
LG12	19157019	12	4.098	83.178
LG12	19231875	12	4.098	83.284
LG12	19307770	12	4.098	83.391
LG12	19431266	12	4.098	83.819
LG12	19444460	12	4.205	83.926
LG12	19449666	12	4.205	83.926
LG12	19478636	12	4.205	84.247
LG12	19487656	12	4.205	84.247
LG12	19492263	12	4.205	84.461
LG12	19535737	12	4.205	84.461
LG12	19540536	12	4.205	84.567
LG12	19540558	12	4.205	84.674
LG12	19543931	12	4.205	84.674
LG12	19546023	12	4.205	84.781
LG12	19557052	12	4.205	84.994
LG12	19557079	12	4.205	84.994
LG12	19585807	12	4.312	85.101
LG12	19602865	12	4.312	85.101
LG12	19609607	12	4.312	85.422
LG12	19623419	12	4.312	85.636
LG12	19647019	12	4.312	85.636
LG12	19672425	12	4.312	85.742
LG12	19672426	12	4.312	85.742
LG12	19672481	12	4.312	85.742
LG12	19672664	12	4.312	85.742
LG12	19673274	12	4.312	85.742
LG12	19681916	12	4.312	85.742
LG12	19681958	12	4.312	85.849
LG12	19685291	12	4.312	85.956
LG12	19685311	12	4.312	85.956
LG12	19686134	12	4.312	85.956
LG12	19703193	12	4.312	85.956
LG12	19703207	12	4.312	85.956
LG12	19703246	12	4.312	85.956
LG12	19703279	12	4.312	85.956
LG12	19761949	12	4.312	86.063
LG12	19761956	12	4.312	86.063
LG12	19770883	12	4.312	86.169
LG12	19777645	12	4.312	86.276
LG12	19794169	12	4.312	86.383
LG12	19834222	12	4.312	86.596
LG12	19838469	12	4.312	86.703
LG12	19838507	12	4.312	86.703
LG12	19838542	12	4.312	86.703
LG12	19857723	12	4.312	86.703
LG12	19874537	12	4.312	87.131
LG12	19889399	12	4.312	87.131
LG12	19889427	12	4.312	87.131
LG12	19963357	12	4.312	87.452
LG12	19970738	12	4.312	87.452
LG12	19977190	12	4.312	87.666
LG12	19978298	12	4.312	87.880
LG12	20005958	12	4.312	87.880
LG12	20005972	12	4.312	87.880
LG12	20005973	12	4.312	87.880
LG12	20010492	12	4.312	87.880
LG12	20010518	12	4.312	87.880
LG12	20010526	12	4.312	87.986
LG12	20010527	12	4.312	87.986
LG12	20010528	12	4.312	87.986
LG12	20036589	12	4.312	88.307
LG12	20036606	12	4.312	88.307
LG12	20062235	12	4.312	88.307
LG12	20062353	12	4.312	88.307
LG12	20165117	12	4.312	88.307
LG12	20166278	12	4.312	88.307
LG12	20230145	12	4.312	88.307
LG12	20257503	12	4.312	88.414
LG12	20265640	12	4.312	88.414
LG12	20268279	12	4.312	88.735
LG12	20296632	12	4.312	89.056
LG12	20320930	12	4.312	89.162
LG12	20328339	12	4.312	89.162
LG12	20335505	12	4.312	89.162
LG12	20359519	12	4.312	89.162
LG12	20364506	12	4.312	89.698
LG12	20371991	12	4.312	89.698
LG12	20387184	12	4.312	89.698
LG12	20432463	12	4.312	90.019
LG12	20471116	12	4.312	90.447
LG12	20471118	12	4.312	90.447
LG12	20483316	12	4.418	90.554
LG12	20539956	12	4.525	91.090
LG12	20567212	12	4.525	91.197
LG12	20601166	12	4.525	91.197
LG12	20648062	12	4.525	91.197
LG12	20660372	12	4.525	91.197
LG12	20666068	12	4.525	91.197
LG12	20679849	12	4.525	91.411
LG12	20706672	12	4.525	91.411
LG12	20713538	12	4.525	91.411
LG12	20713550	12	4.525	91.624
LG12	20713569	12	4.525	91.945
LG12	20759649	12	4.525	92.373
LG12	20867070	12	4.525	92.694
LG12	20926813	12	4.525	92.694
LG12	20926814	12	4.525	92.694
LG12	21025951	12	4.525	93.230
LG12	21025967	12	4.525	93.444
LG12	21061543	12	4.525	93.444
LG12	21061578	12	4.525	93.444
LG12	21064867	12	4.525	93.444
LG12	21075661	12	4.525	93.444
LG12	21075676	12	4.525	93.550
LG12	21087285	12	4.525	93.550
LG12	21090423	12	4.525	93.657
LG12	21096052	12	4.632	93.978
LG12	21098317	12	4.632	94.406
LG12	21128523	12	4.632	94.406
LG12	21128537	12	4.632	94.620
LG12	21160975	12	4.739	94.834
LG12	21171856	12	4.739	95.047
LG12	21210912	12	4.845	95.047
LG12	21221430	12	4.845	95.154
LG12	21296385	12	4.845	95.368
LG12	21335776	12	4.952	95.368
LG12	21369728	12	4.952	95.474
LG12	21392052	12	4.952	95.474
LG12	21392516	12	4.952	95.474
LG12	21393314	12	5.059	95.474
LG12	21394863	12	5.059	95.474
LG12	21398963	12	5.165	95.474
LG12	21399336	12	5.165	95.688
LG12	21429211	12	5.165	95.688
LG12	21429212	12	5.165	95.688
LG12	21433491	12	5.165	95.688
LG12	21453618	12	5.165	95.688
LG12	21478692	12	5.165	95.795
LG12	21498210	12	5.272	95.902
LG12	21498211	12	5.272	95.902
LG12	21516780	12	5.272	96.008
LG12	21544945	12	5.272	96.008
LG12	21544973	12	5.272	96.008
LG12	21576173	12	5.272	96.008
LG12	21590888	12	5.272	96.329
LG12	21599604	12	5.379	96.436
LG12	21695383	12	5.486	96.436
LG12	21702917	12	5.592	96.543
LG12	21736626	12	5.699	96.543
LG12	21786601	12	5.806	96.756
LG12	21786616	12	5.806	96.756
LG12	22076703	12	5.806	96.863
LG12	22077796	12	5.806	96.863
LG12	22114151	12	5.806	96.863
LG12	22151698	12	5.806	97.077
LG12	22211291	12	5.806	97.077
LG12	22214950	12	5.806	97.077
LG12	22234596	12	5.806	97.077
LG12	22257953	12	5.806	97.077
LG12	22292279	12	5.913	97.077
LG12	22292281	12	5.913	97.077
LG12	22292296	12	6.019	97.077
LG12	22388951	12	6.019	97.398
LG12	22468379	12	6.019	97.504
LG12	22471608	12	6.126	97.504
LG12	22590447	12	6.126	97.611
LG12	22598646	12	6.126	97.611
LG12	22608388	12	6.126	97.932
LG12	22714684	12	6.126	98.253
LG12	22714728	12	6.126	98.253
LG12	22723033	12	6.126	98.253
LG12	22723055	12	6.126	98.359
LG12	22723290	12	6.126	98.359
LG12	22723347	12	6.126	98.359
LG12	22761017	12	6.126	98.359
LG12	22862521	12	6.340	98.680
LG12	22903189	12	6.446	98.680
LG12	22903196	12	6.446	98.680
LG12	22904818	12	6.446	98.680
LG12	22904825	12	6.553	98.680
LG12	22907923	12	6.553	98.680
LG12	22907965	12	6.553	98.680
LG12	22929833	12	6.981	99.109
LG12	22975824	12	7.088	100.844
LG12	23208882	12	7.302	102.359
LG12	23209432	12	7.302	102.359
LG12	23211203	12	7.302	102.573
LG12	23211245	12	7.302	102.573
LG12	23243854	12	7.409	102.894
LG12	23243932	12	7.409	102.894
LG12	23252778	12	7.409	103.001
LG12	23272376	12	7.515	103.321
LG12	23276547	12	7.515	103.321
LG12	23294783	12	7.622	103.321
LG12	23303549	12	7.622	103.321
LG12	23344872	12	7.622	103.535
LG12	23400481	12	7.729	104.287
LG12	23409460	12	7.729	104.501
LG12	23409463	12	7.729	104.501
LG12	23409473	12	7.729	104.501
LG12	23490213	12	7.835	104.607
LG12	23552449	12	7.942	104.607
LG12	23563444	12	7.942	104.607
LG12	23594766	12	7.942	104.714
LG12	23594796	12	8.049	104.928
LG12	23609007	12	8.049	104.928
LG12	23614762	12	8.049	105.249
LG12	23652309	12	8.049	105.249
LG12	23652321	12	8.049	105.355
LG12	23695951	12	8.049	105.355
LG12	23780659	12	8.156	105.355
LG12	23780708	12	8.156	105.355
LG12	23790979	12	8.156	105.462
LG12	23800611	12	8.156	105.569
LG12	23840066	12	8.262	105.890
LG12	23991101	12	8.369	105.996
LG12	24005079	12	8.476	105.996
LG12	24005527	12	8.476	105.996
LG12	24018187	12	8.476	105.996
LG12	24018191	12	8.476	105.996
LG12	24018198	12	8.476	105.996
LG12	24018240	12	8.582	106.103
LG12	24026424	12	8.582	106.317
LG12	24045485	12	8.582	106.317
LG12	24045545	12	8.582	106.317
LG12	24080565	12	8.689	106.317
LG12	24080572	12	8.689	106.317
LG12	24109439	12	8.796	106.317
LG12	24180612	12	8.796	106.317
LG12	24224771	12	8.796	106.531
LG12	24224934	12	9.010	106.637
LG12	24224957	12	9.010	106.637
LG12	24241032	12	9.010	106.744
LG12	24257573	12	9.116	106.744
LG12	24295521	12	9.223	106.851
LG12	24298945	12	9.437	106.957
LG12	24298964	12	9.543	106.957
LG12	24298972	12	9.543	106.957
LG12	24320367	12	9.543	107.064
LG12	24322138	12	9.543	107.171
LG12	24322156	12	9.650	107.171
LG12	24342307	12	9.650	107.171
LG12	24342585	12	9.650	107.171
LG12	24342591	12	9.650	107.171
LG12	24352981	12	9.650	107.171
LG12	24353102	12	9.650	107.599
LG12	24353123	12	9.757	107.599
LG12	24353153	12	9.757	107.599
LG12	24373955	12	9.757	107.599
LG12	24532658	12	10.078	107.920
LG12	24615800	12	10.399	107.920
LG12	24654389	12	10.612	107.920
LG12	24724542	12	10.612	108.134
LG12	24845490	12	10.612	108.347
LG12	24891315	12	10.612	108.347
LG12	24940838	12	10.612	108.454
LG12	24957650	12	10.826	108.561
LG12	25055569	12	10.826	108.774
LG12	25105736	12	10.933	108.988
LG12	25122503	12	10.933	109.095
LG12	25122564	12	11.039	109.095
LG12	25169450	12	11.039	109.095
LG12	25169482	12	11.039	109.309
LG12	25173813	12	11.039	109.309
LG12	25173814	12	11.039	109.415
LG12	25425408	12	11.039	109.629
LG12	25425450	12	11.039	109.736
LG12	25426910	12	11.039	109.949
LG12	25480058	12	11.253	110.163
LG12	25499736	12	11.253	110.163
LG12	25499737	12	11.253	110.163
LG12	25515928	12	11.253	110.699
LG12	25516020	12	11.253	110.699
LG12	25533989	12	11.253	110.699
LG12	25550754	12	11.360	110.699
LG12	25603552	12	11.360	111.020
LG12	25605505	12	11.573	111.233
LG12	25685873	12	11.787	111.447
LG12	25685915	12	11.787	111.447
LG12	25707133	12	11.787	111.554
LG12	25707140	12	11.787	111.661
LG12	25707142	12	11.787	111.661
LG12	25729265	12	11.787	111.767
LG12	25729452	12	11.787	111.874
LG12	25774437	12	11.787	111.874
LG12	25774756	12	11.894	112.088
LG12	25786511	12	11.894	112.194
LG12	25786512	12	11.894	112.194
LG12	25787303	12	12.108	112.301
LG12	25787316	12	12.108	112.301
LG12	25826230	12	12.214	112.622
LG12	25838277	12	12.214	113.050
LG12	25838290	12	12.321	113.050
LG12	25854418	12	12.428	113.157
LG12	25854419	12	12.428	113.157
LG12	25953727	12	12.641	113.371
LG12	25970453	12	12.855	113.799
LG12	25973302	12	13.069	113.799
LG12	26015298	12	13.282	113.799
LG12	26015348	12	13.496	114.120
LG12	26017733	12	13.603	114.333
LG12	26053438	12	13.603	114.333
LG12	26076413	12	13.603	114.547
LG12	26094804	12	13.603	114.547
LG12	26108740	12	13.816	114.654
LG12	26132136	12	13.816	114.654
LG12	26132143	12	13.816	114.654
LG12	26132146	12	13.816	114.654
LG12	26132190	12	13.816	114.654
LG12	26314668	12	13.816	114.975
LG12	26314674	12	13.816	115.081
LG12	26331500	12	13.816	115.081
LG12	26331529	12	13.923	115.295
LG12	26398027	12	14.030	115.509
LG12	26422278	12	14.244	115.722
LG12	26439743	12	14.244	116.258
LG12	26461316	12	14.244	116.258
LG12	26467253	12	14.244	116.579
LG12	26472208	12	14.457	116.579
LG12	26476375	12	14.886	116.900
LG12	26587757	12	15.314	117.007
LG12	26587785	12	15.314	117.007
LG12	26621951	12	15.528	117.007
LG12	26621959	12	15.528	117.007
LG12	26621967	12	15.528	117.220
LG12	26621981	12	15.741	117.220
LG12	26621985	12	15.741	117.220
LG12	26775523	12	15.848	117.327
LG12	26775531	12	15.848	117.327
LG12	26821435	12	15.955	117.327
LG12	26832061	12	16.061	117.327
LG12	26832079	12	16.061	117.327
LG12	26832115	12	16.061	117.327
LG12	26832138	12	16.061	117.327
LG12	26832139	12	16.061	117.327
LG12	26832140	12	16.275	117.327
LG12	26832141	12	16.382	117.327
LG12	26832142	12	16.488	117.327
LG12	26922253	12	17.240	117.434
LG12	26922274	12	17.561	117.541
LG12	26961713	12	17.775	117.754
LG12	27002908	12	17.882	117.861
LG12	27002934	12	18.634	117.968
LG12	27063502	12	18.847	118.181
LG12	27143566	12	19.599	118.502
LG12	27307305	12	19.813	118.609
LG12	27318890	12	19.813	118.823
LG12	27367831	12	19.919	119.144
LG12	27371599	12	20.026	119.144
LG12	27379496	12	20.026	119.144
LG12	27379542	12	20.133	119.357
LG12	27382763	12	20.133	119.571
LG12	27436722	12	20.240	120.107
LG12	27436753	12	20.240	120.321
LG12	27467924	12	20.346	120.427
LG12	27567229	12	20.775	120.963
LG12	27586458	12	20.775	121.070
LG12	27618368	12	20.775	121.070
LG12	27618370	12	20.775	121.070
LG12	27618385	12	20.775	121.070
LG12	27618394	12	20.881	121.070
LG12	27618395	12	20.881	121.070
LG12	27624120	12	20.881	121.070
LG12	27644298	12	20.881	121.177
LG12	27686795	12	20.881	121.177
LG12	27691272	12	21.095	121.497
LG12	27697780	12	21.095	121.497
LG12	27698788	12	21.095	121.604
LG12	27727745	12	21.631	121.604
LG12	27774664	12	22.059	121.604
LG12	27779145	12	22.059	121.604
LG12	27779152	12	22.166	121.925
LG12	27819372	12	22.166	122.246
LG12	27832968	12	22.273	122.460
LG12	27855889	12	22.594	122.995
LG12	27883626	12	22.807	122.995
LG12	27972490	12	22.807	123.102
LG12	27978944	12	22.914	123.423
LG12	27978958	12	22.914	123.530
LG12	27978990	12	23.021	123.637
LG12	28098910	12	23.234	124.065
LG12	28107993	12	23.234	124.171
LG12	28108016	12	23.234	124.171
LG12	28108017	12	23.234	124.171
LG12	28120347	12	23.234	124.707
LG12	28121372	12	23.234	124.814
LG12	28123709	12	23.234	124.814
LG12	28143146	12	23.448	125.350
LG12	28175117	12	23.555	125.671
LG12	28180350	12	23.768	126.099
LG12	28256028	12	23.982	126.313
LG12	28256033	12	23.982	126.313
LG12	28257176	12	23.982	126.527
LG12	28257200	12	24.089	126.527
LG12	28257203	12	24.089	126.527
LG12	28293327	12	24.089	126.527
LG12	28336590	12	24.089	126.633
LG12	28336606	12	24.196	126.954
LG12	28411218	12	24.409	127.061
LG12	28424732	12	24.409	127.061
LG12	28483686	12	24.623	127.489
LG12	28483714	12	24.837	128.133
LG12	28500295	12	24.837	128.454
LG12	28573882	12	24.837	128.990
LG12	28587578	12	24.837	128.990
LG12	28735061	12	24.837	129.526
LG12	28746516	12	24.837	129.846
LG12	28783092	12	24.837	130.598
LG12	28812615	12	25.050	131.459
LG12	28833679	12	25.157	131.994
LG12	28833680	12	25.157	132.315
LG12	28902937	12	25.264	132.959
LG12	28921452	12	25.264	133.066
LG12	28939530	12	25.477	133.494
LG12	28939554	12	25.906	134.354
LG12	28941882	12	26.012	134.568
LG12	28945964	12	26.333	134.675
LG12	28962091	12	26.547	134.781
LG12	28965802	12	26.975	135.533
LG12	29105673	12	27.511	136.611
LG12	29109906	12	27.618	136.611
LG12	29109930	12	27.939	137.039
LG12	29118342	12	28.367	137.791
LG12	29176595	12	28.581	138.005
LG12	29225707	12	28.581	138.112
LG12	29238830	12	28.581	138.432
LG12	29238972	12	28.901	138.646
LG12	29266229	12	29.115	138.860
LG12	29317129	12	29.436	138.966
LG12	29335795	12	29.436	139.073
LG12	29359139	12	29.436	139.180
LG12	29363164	12	29.436	139.180
LG12	29377690	12	29.972	139.394
LG12	29377691	12	30.186	139.394
LG12	29384907	12	30.186	139.394
LG12	29414535	12	30.186	139.394
LG12	29415750	12	30.186	139.394
LG12	29415822	12	30.186	139.500
LG12	29415845	12	30.186	139.500
LG12	29437519	12	30.186	139.500
LG12	29437578	12	30.186	139.607
LG12	29448012	12	30.292	139.714
LG12	29460784	12	30.292	139.714
LG12	29470973	12	30.292	140.035
LG12	29483700	12	30.399	140.141
LG12	29483759	12	30.399	140.355
LG12	29534048	12	30.720	140.783
LG12	29629191	12	30.720	140.997
LG12	29645927	12	31.041	141.425
LG12	29652381	12	31.041	141.746
LG12	29703506	12	31.254	142.174
LG12	29731975	12	31.254	142.281
LG12	29734158	12	31.254	142.388
LG12	29734165	12	31.254	142.388
LG12	29734180	12	31.468	142.601
LG12	29777698	12	31.575	142.708
LG12	29777713	12	31.896	143.029
LG12	29781676	12	31.896	143.029
LG12	29817040	12	32.002	143.029
LG12	29817061	12	32.216	143.350
LG12	29828797	12	32.323	143.350
LG12	29834178	12	32.323	143.350
LG12	29845576	12	32.429	143.457
LG12	29850509	12	32.536	143.563
LG12	29877895	12	32.643	143.563
LG12	29877934	12	32.643	143.563
LG12	29877961	12	33.071	143.777
LG12	29894845	12	33.499	144.098
LG12	29894886	12	33.606	144.098
LG12	29961479	12	34.034	144.419
LG12	29961505	12	34.141	144.419
LG12	29961514	12	34.141	144.632
LG12	29984109	12	34.248	144.632
LG12	29984129	12	34.355	144.846
LG12	29987873	12	34.355	144.953
LG12	29987874	12	34.355	144.953
LG12	29995452	12	34.568	144.953
LG12	29995772	12	34.568	145.381
LG12	29995792	12	34.568	145.381
LG12	30003779	12	34.782	145.595
LG12	30011923	12	34.782	145.595
LG12	30023500	12	34.889	145.701
LG12	30039507	12	34.995	146.237
LG12	30039514	12	34.995	146.237
LG12	30039524	12	34.995	146.344
LG12	30039552	12	34.995	146.344
LG12	30065041	12	34.995	146.772
LG12	30065044	12	34.995	146.772
LG12	30065046	12	34.995	146.986
LG12	30136713	12	35.531	146.986
LG12	30138839	12	35.852	146.986
LG12	30166827	12	36.066	147.093
LG12	30175332	12	36.387	147.200
LG12	30179876	12	36.493	147.520
LG12	30185701	12	36.600	148.272
LG12	30189293	12	36.814	148.272
LG12	30189314	12	37.242	148.272
LG12	30198823	12	37.242	148.272
LG12	30238265	12	37.242	148.379
LG12	30238999	12	37.456	148.807
LG12	30321191	12	37.456	149.128
LG12	30321737	12	37.669	149.235
LG12	30372708	12	37.883	149.342
LG12	30372710	12	37.883	149.342
LG12	30415621	12	37.990	149.448
LG12	30421544	12	38.097	149.662
LG12	30513410	12	38.097	149.662
LG12	30513438	12	38.097	149.662
LG12	30532302	12	38.097	149.662
LG12	30551576	12	38.097	149.876
LG12	30572421	12	38.203	149.982
LG12	30579340	12	38.524	150.089
LG12	30593264	12	38.738	150.089
LG12	30593282	12	39.166	150.517
LG12	30645236	12	39.166	150.624
LG12	30668992	12	39.273	150.624
LG12	30693936	12	39.380	150.731
LG12	30701066	12	39.380	151.052
LG12	30710154	12	39.380	151.373
LG12	30775227	12	39.700	151.479
LG12	30831750	12	40.021	152.123
LG12	30837761	12	40.450	152.659
LG12	30877422	12	40.556	152.659
LG12	30895674	12	40.663	152.873
LG12	30895703	12	40.770	153.086
LG12	30907782	12	41.091	153.515
LG12	30907784	12	41.091	153.515
LG12	30907789	12	41.091	153.515
LG12	30907804	12	41.091	153.515
LG12	30952470	12	41.091	153.515
LG12	30954372	12	41.091	153.515
LG12	30954378	12	41.091	153.943
LG12	30969696	12	41.197	154.156
LG12	30969702	12	41.197	154.263
LG12	30973694	12	41.197	154.263
LG12	30973700	12	41.304	154.263
LG12	30979455	12	41.304	154.263
LG12	31004622	12	41.304	154.263
LG12	31005499	12	41.304	154.263
LG12	31005503	12	41.411	154.263
LG12	31021581	12	41.517	154.263
LG12	31022245	12	41.517	154.263
LG12	31022250	12	41.517	154.263
LG12	31022254	12	41.517	154.263
LG12	31022260	12	41.731	154.263
LG12	31038591	12	41.731	154.370
LG12	31060200	12	41.731	154.370
LG12	31080319	12	41.945	154.370
LG12	31080322	12	42.052	154.370
LG12	31091247	12	42.158	154.584
LG12	31101752	12	42.158	154.690
LG12	31105967	12	42.265	155.226
LG12	31235141	12	42.479	155.226
LG12	31244189	12	42.692	155.655
LG12	31251055	12	42.692	155.655
LG12	31256836	12	42.799	155.655
LG12	31281762	12	43.227	155.868
LG12	31311242	12	43.656	155.975
LG12	31365300	12	43.656	155.975
LG12	31365312	12	43.656	155.975
LG12	31371214	12	43.656	155.975
LG12	31371248	12	43.656	155.975
LG12	31382071	12	43.656	155.975
LG12	31384828	12	43.656	155.975
LG12	31414408	12	43.656	155.975
LG12	31431198	12	43.656	155.975
LG12	31431217	12	43.656	155.975
LG12	31431223	12	43.656	155.975
LG12	31431224	12	43.656	155.975
LG12	31463358	12	43.656	155.975
LG12	31468658	12	43.869	155.975
LG12	31471789	12	43.869	155.975
LG12	31471791	12	43.869	155.975
LG12	31471913	12	43.869	155.975
LG12	31471957	12	43.869	155.975
LG12	31477802	12	43.976	155.975
LG12	31504508	12	43.976	155.975
LG12	31506942	12	43.976	155.975
LG12	31508989	12	43.976	155.975
LG12	31512101	12	43.976	155.975
LG12	31512134	12	44.297	156.296
LG12	31541099	12	44.404	157.373
LG12	31608011	12	44.724	157.587
LG12	31609211	12	44.724	157.587
LG12	31618202	12	44.724	157.694
LG12	31618221	12	44.724	157.694
LG12	31618300	12	44.831	157.801
LG12	31626226	12	44.938	158.014
LG12	31640957	12	45.045	158.121
LG12	31645340	12	45.258	158.335
LG12	31645374	12	45.258	158.335
LG12	31647202	12	45.365	158.441
LG12	31647203	12	45.365	158.441
LG12	31647204	12	45.365	158.441
LG12	31664127	12	45.579	158.655
LG12	31664575	12	45.685	158.762
LG12	31673868	12	45.685	158.762
LG12	31678691	12	45.792	158.868
LG12	31692464	12	46.006	158.868
LG12	31713370	12	46.006	158.975
LG12	31713386	12	46.113	159.082
LG12	31713432	12	46.326	159.082
LG12	31729812	12	46.326	159.082
LG12	31737833	12	46.433	159.082
LG12	31743874	12	46.540	159.189
LG12	31743882	12	46.540	159.189
LG12	31743903	12	46.540	159.189
LG12	31743910	12	46.646	159.295
LG12	31757762	12	46.860	159.402
LG12	31757770	12	46.860	159.402
LG12	31771867	12	46.860	159.402
LG12	31775353	12	46.860	159.509
LG12	31784279	12	46.860	159.509
LG12	31784433	12	46.860	159.616
LG12	31784509	12	46.860	159.616
LG12	31787253	12	47.074	159.616
LG12	31794204	12	47.180	159.616
LG12	31800533	12	47.287	159.722
LG12	31812490	12	47.287	159.722
LG12	31824818	12	47.287	159.722
LG12	31824828	12	47.287	159.722
LG12	31824956	12	47.394	159.936
LG12	31826998	12	47.501	159.936
LG12	31836655	12	47.501	160.043
LG12	31836669	12	47.501	160.043
LG12	31836683	12	47.501	160.043
LG12	31850977	12	47.501	160.043
LG12	31850982	12	47.501	160.043
LG12	31851579	12	47.501	160.149
LG12	31851581	12	47.501	160.149
LG12	31852175	12	47.501	160.149
LG12	31883543	12	47.501	160.256
LG12	31885406	12	47.501	160.363
LG12	31901542	12	47.714	160.470
LG12	31903503	12	47.714	160.470
LG12	31903507	12	47.714	160.576
LG12	31903543	12	47.714	160.576
LG12	31903562	12	47.714	160.576
LG12	31920463	12	47.821	160.790
LG12	31920464	12	47.821	160.790
LG12	31920467	12	47.821	160.790
LG12	31920470	12	47.821	160.790
LG12	31921682	12	47.928	160.790
LG12	31925564	12	47.928	160.790
LG12	31925619	12	47.928	160.790
LG12	31925627	12	47.928	160.790
LG12	31925649	12	47.928	160.790
LG12	31942670	12	48.034	160.790
LG12	31945530	12	48.034	160.790
LG12	31945538	12	48.034	160.790
LG12	31945540	12	48.141	160.790
LG12	31952431	12	48.141	160.790
LG12	31965337	12	48.141	160.790
LG12	31965345	12	48.462	160.790
LG12	32056890	12	48.783	160.790
LG12	32057643	12	49.104	160.790
LG12	32057657	12	49.104	160.790
LG12	32057683	12	49.317	160.790
LG12	32060217	12	49.317	160.790
LG12	32060224	12	49.317	160.897
LG12	32060257	12	49.317	161.110
LG12	32060263	12	49.424	161.110
LG12	32098963	12	49.424	161.110
LG12	32098964	12	49.424	161.110
LG12	32098968	12	49.424	161.110
LG12	32098982	12	49.531	161.110
LG12	32098985	12	49.638	161.110
LG12	32113542	12	49.638	161.324
LG12	32113548	12	49.638	161.324
LG12	32113556	12	49.638	161.324
LG12	32113586	12	49.638	161.324
LG12	32140408	12	50.390	161.431
LG12	32140420	12	50.710	161.644
LG12	32140429	12	50.710	161.644
LG12	32140432	12	50.924	161.644
LG12	32144113	12	51.784	161.858
LG12	32152382	12	51.891	161.858
LG12	32152389	12	51.891	161.965
LG12	32152402	12	51.891	162.072
LG12	32152403	12	51.998	162.178
LG12	32166331	12	51.998	162.285
LG12	32166334	12	51.998	162.285
LG12	32230009	12	52.104	162.499
LG12	32230017	12	52.104	162.499
LG12	32230021	12	52.104	162.499
LG12	32319416	12	52.104	162.499
LG12	32338447	12	52.104	162.605
LG12	32338481	12	52.104	162.605
LG12	32338490	12	52.104	162.605
LG12	32346315	12	52.104	162.605
LG12	32356426	12	52.104	162.605
LG12	32359969	12	52.211	162.712
LG12	32359991	12	52.211	162.712
LG12	32360002	12	52.211	162.712
LG12	32372862	12	52.211	162.712
LG12	32372875	12	52.318	162.712
LG12	32372908	12	52.318	162.712
LG12	32389531	12	52.425	162.819
LG12	32390318	12	52.638	162.926
LG12	32409784	12	52.745	163.246
LG12	32409792	12	52.959	163.460
LG12	32434452	12	52.959	163.460
LG12	32449572	12	52.959	163.460
LG12	32449574	12	52.959	163.460
LG12	32455159	12	52.959	163.460
LG12	32461548	12	52.959	163.460
LG12	32461563	12	52.959	163.674
LG12	32492084	12	52.959	163.674
LG12	32492093	12	52.959	163.674
LG12	32541248	12	53.065	163.674
LG12	32562557	12	53.065	163.674
LG12	32595844	12	53.172	163.674
LG12	32595879	12	53.172	163.674
LG12	32595893	12	53.279	163.674
LG12	32631369	12	53.279	163.674
LG12	32631382	12	53.279	163.674
LG12	32637349	12	53.279	163.780
LG12	32641361	12	53.279	163.780
LG12	32641363	12	53.386	163.887
LG12	32652929	12	53.386	163.887
LG12	32652962	12	53.386	163.887
LG12	32652976	12	53.386	163.887
LG12	32659352	12	53.492	163.887
LG12	32659357	12	53.492	163.887
LG12	32659389	12	53.492	163.887
LG12	32659400	12	53.492	163.887
LG12	32665982	12	53.492	163.994
LG12	32670782	12	53.492	164.101
LG12	32670784	12	53.492	164.101
LG12	32674893	12	53.492	164.101
LG12	32674928	12	53.492	164.101
LG12	32684129	12	53.492	164.101
LG12	32684132	12	53.599	164.101
LG12	32684188	12	53.599	164.314
LG12	32690612	12	53.599	164.314
LG12	32691464	12	53.599	164.314
LG12	32693711	12	53.813	164.314
LG12	32706395	12	53.919	164.314
LG12	32706502	12	53.919	164.314
LG12	32706529	12	53.919	164.314
LG12	32706536	12	53.919	164.314
LG12	32711862	12	53.919	164.314
LG12	32713846	12	53.919	164.421
LG12	32778554	12	54.026	164.421
LG12	32778657	12	54.026	164.421
LG12	32792416	12	54.026	164.421
LG12	32793513	12	54.026	164.421
LG12	32803233	12	54.026	164.421
LG12	32820454	12	54.026	164.528
LG12	32827698	12	54.026	164.528
LG12	32827701	12	54.026	164.528
LG12	32827702	12	54.026	164.528
LG12	32827703	12	54.026	164.528
LG12	32845689	12	54.133	164.528
LG12	32845725	12	54.240	164.634
LG12	32867858	12	54.240	164.741
LG12	32891244	12	54.240	164.848
LG12	32891283	12	54.240	164.955
LG12	32895425	12	54.240	164.955
LG12	32895511	12	54.346	164.955
LG12	32897013	12	54.346	164.955
LG12	32897023	12	54.346	164.955
LG12	32897033	12	54.453	164.955
LG12	32897034	12	54.453	164.955
LG12	32897914	12	54.560	164.955
LG12	32915177	12	54.881	164.955
LG12	32915191	12	54.881	164.955
LG12	32931999	12	55.201	164.955
LG12	32932002	12	55.201	164.955
LG12	32932043	12	55.630	165.168
LG12	32985291	12	55.843	165.168
LG12	32985316	12	55.843	165.168
LG12	32995953	12	55.950	165.168
LG12	33006011	12	55.950	165.168
LG12	33033530	12	56.057	165.275
LG12	33033531	12	56.057	165.275
LG12	33033760	12	56.057	165.275
LG12	33033806	12	56.057	165.275
LG12	33036627	12	56.057	165.275
LG12	33042245	12	56.057	165.275
LG12	33116623	12	56.485	165.382
LG12	33116681	12	56.592	165.382
LG12	33141621	12	56.806	165.595
LG12	33144324	12	56.806	165.702
LG12	33148280	12	56.806	165.702
LG12	33149625	12	56.806	165.702
LG12	33149627	12	56.806	165.702
LG12	33168796	12	56.806	165.702
LG12	33168798	12	56.806	165.809
LG12	33170166	12	56.806	165.809
LG12	33175878	12	56.806	165.809
LG12	33290572	12	56.806	165.916
LG12	33296093	12	56.912	165.916
LG12	33296103	12	56.912	165.916
LG12	33296106	12	56.912	165.916
LG12	33299471	12	57.019	166.022
LG12	33299504	12	57.019	166.022
LG12	33302239	12	57.019	166.022
LG12	33310045	12	57.019	166.129
LG12	33310046	12	57.019	166.236
LG12	33319108	12	57.126	166.236
LG12	33346510	12	57.339	166.343
LG12	33346525	12	57.339	166.343
LG12	33352887	12	57.339	166.343
LG12	33394243	12	57.339	166.556
LG12	33405754	12	57.446	166.663
LG12	33407712	12	57.446	166.663
LG12	33407738	12	57.446	166.663
LG12	33407851	12	57.446	166.663
LG12	33414798	12	57.446	166.663
LG12	33414821	12	57.446	166.877
LG12	33440871	12	57.446	166.877
LG12	33459703	12	57.446	166.877
LG12	33459704	12	57.446	166.877
LG12	33460341	12	57.446	166.877
LG12	33464288	12	57.446	166.877
LG12	33474409	12	57.446	166.877
LG12	33481040	12	57.446	166.877
LG12	33481055	12	57.446	166.877
LG12	33481077	12	57.446	166.877
LG12	33481099	12	57.446	166.877
LG12	33481865	12	57.446	166.877
LG12	33481912	12	57.446	166.877
LG12	33481916	12	57.553	166.983
LG12	33481920	12	57.553	166.983
LG12	33494516	12	57.553	166.983
LG12	33498595	12	57.553	166.983
LG12	33498602	12	57.553	166.983
LG12	33500388	12	57.553	166.983
LG12	33645392	12	57.553	166.983
LG12	33646519	12	57.553	166.983
LG12	33649961	12	57.553	166.983
LG12	33650006	12	57.553	166.983
LG12	33650045	12	57.553	166.983
LG12	33650058	12	57.553	166.983
LG12	33650067	12	57.553	166.983
LG12	33650071	12	57.553	166.983
LG12	33712251	12	57.660	166.983
LG12	33712259	12	57.660	166.983
LG12	33713368	12	57.660	166.983
LG12	33738274	12	57.660	166.983
LG12	33738294	12	57.660	166.983
LG12	33738314	12	57.660	167.090
LG12	33741612	12	57.660	167.090
LG12	33741614	12	57.660	167.090
LG12	33741626	12	57.660	167.090
LG12	33750250	12	57.660	167.304
LG12	33768975	12	57.660	167.304
LG12	33769000	12	57.660	167.304
LG12	33787814	12	57.660	167.410
LG12	33787829	12	57.660	167.517
LG12	33816381	12	57.660	167.517
LG12	33816383	12	57.660	167.517
LG12	33816384	12	57.660	167.517
LG12	33816408	12	57.660	167.517
LG12	33816413	12	57.660	167.517
LG12	33831610	12	57.660	167.517
LG12	33831615	12	57.660	167.517
LG12	33831646	12	57.660	167.517
LG12	33831647	12	57.660	167.517
LG12	33831661	12	57.660	167.517
LG12	33831667	12	57.660	167.517
LG12	33831704	12	57.660	167.624
LG12	33866783	12	57.660	167.624
LG12	33870716	12	57.660	167.624
LG12	33874733	12	57.660	167.624
LG12	33874758	12	57.660	167.838
LG12	33993789	12	57.660	167.838
LG12	34001208	12	57.660	167.838
LG12	34001209	12	57.660	167.838
LG12	34019119	12	57.660	167.838
LG12	34019146	12	57.660	167.838
LG12	34019166	12	57.873	167.838
LG12	34081492	12	57.980	167.838
LG12	34082764	12	57.980	167.944
LG12	34093876	12	58.087	167.944
LG12	34109869	12	58.300	167.944
LG12	34109878	12	58.300	167.944
LG12	34114544	12	58.300	167.944
LG12	34114556	12	58.300	168.051
LG12	34178903	12	58.407	168.158
LG12	34261142	12	58.407	168.158
LG12	34261145	12	58.407	168.158
LG12	34261212	12	58.407	168.158
LG12	34270283	12	58.407	168.158
LG12	34271733	12	58.407	168.158
LG12	34284388	12	58.514	168.158
LG12	34298891	12	58.514	168.264
LG12	34302386	12	58.514	168.264
LG12	34302387	12	58.514	168.264
LG12	34303339	12	58.514	168.264
LG12	34303355	12	58.514	168.264
LG12	34307407	12	58.514	168.264
LG12	34307420	12	58.514	168.264
LG12	34311658	12	58.514	168.264
LG12	34318002	12	58.514	168.264
LG12	34321875	12	58.514	168.264
LG12	34327363	12	58.514	168.264
LG12	34330989	12	58.621	168.264
LG12	34351073	12	58.727	168.264
LG12	34351101	12	58.727	168.264
LG12	34351104	12	58.727	168.264
LG12	34351109	12	58.727	168.264
LG12	34399847	12	58.727	168.264
LG12	34408635	12	58.727	168.264
LG12	34412434	12	58.727	168.264
LG12	34413468	12	58.727	168.264
LG12	34418126	12	58.834	168.264
LG12	34420564	12	58.834	168.264
LG12	34430339	12	58.834	168.264
LG12	34439746	12	58.834	168.264
LG12	34440092	12	58.834	168.264
LG12	34461187	12	58.834	168.264
LG12	34464358	12	58.834	168.264
LG12	34476370	12	58.834	168.264
LG12	34476382	12	58.834	168.264
LG12	34476390	12	58.834	168.264
LG12	34498748	12	58.834	168.264
LG12	34501420	12	58.834	168.264
LG12	34525928	12	58.941	168.264
LG12	34534220	12	58.941	168.264
LG12	34635264	12	58.941	168.371
LG12	34635732	12	58.941	168.371
LG12	34647661	12	58.941	168.371
LG12	34655143	12	58.941	168.371
LG12	34689573	12	58.941	168.371
LG12	34706957	12	58.941	168.371
LG12	34720944	12	58.941	168.371
LG12	34720980	12	58.941	168.371
LG12	34732848	12	58.941	168.371
LG12	34732854	12	58.941	168.371
LG12	34754738	12	58.941	168.371
LG12	34754773	12	58.941	168.371
LG12	34761833	12	58.941	168.371
LG12	34761860	12	58.941	168.371
LG12	34761869	12	58.941	168.371
LG12	34776105	12	58.941	168.371
LG12	34776114	12	58.941	168.371
LG12	34783893	12	58.941	168.371
LG12	34829710	12	58.941	168.371
LG12	34830673	12	59.055	168.371
LG12	34916017	12	59.055	168.371
LG12	34916020	12	59.055	168.371
LG12	34917295	12	59.055	168.371
LG12	34972824	12	59.055	168.371
LG12	34972844	12	59.055	168.371
LG12	34972850	12	59.055	168.371
LG12	34989050	12	59.055	168.371
LG12	35063697	12	59.055	168.371
LG12	35067149	12	59.191	168.371
LG12	35084771	12	59.191	168.371
LG12	35126915	12	59.681	168.371
LG13	81891	13	0.000	0.000
LG13	89119	13	0.000	0.000
LG13	92522	13	0.000	0.000
LG13	127174	13	0.000	0.000
LG13	127199	13	0.149	0.000
LG13	130888	13	0.149	0.000
LG13	131873	13	0.149	0.000
LG13	179541	13	0.149	0.000
LG13	215366	13	0.503	0.264
LG13	358387	13	0.613	0.264
LG13	458901	13	0.613	0.264
LG13	478993	13	0.830	0.373
LG13	523675	13	0.830	0.373
LG13	540149	13	0.830	0.373
LG13	580257	13	0.830	0.373
LG13	583138	13	0.938	0.373
LG13	583216	13	0.938	0.373
LG13	611380	13	1.153	0.373
LG13	611394	13	1.153	0.373
LG13	611429	13	1.153	0.480
LG13	637870	13	1.474	0.587
LG13	637902	13	1.688	0.801
LG13	664319	13	1.688	0.801
LG13	664320	13	1.688	0.801
LG13	664321	13	1.688	0.801
LG13	673375	13	2.009	0.908
LG13	681289	13	2.761	0.908
LG13	819550	13	3.513	1.121
LG13	835515	13	3.513	1.121
LG13	844811	13	3.833	1.442
LG13	1026468	13	5.129	1.763
LG13	1080221	13	5.129	1.763
LG13	1098900	13	5.343	1.870
LG13	1107576	13	5.343	2.084
LG13	1131883	13	5.450	2.084
LG13	1142233	13	5.557	2.190
LG13	1165568	13	5.663	2.190
LG13	1166304	13	5.663	2.190
LG13	1170073	13	5.663	2.297
LG13	1170181	13	5.770	2.618
LG13	1183549	13	6.198	2.939
LG13	1212407	13	6.198	2.939
LG13	1212434	13	6.198	3.152
LG13	1249315	13	6.305	3.473
LG13	1297788	13	6.305	3.473
LG13	1331337	13	6.412	3.473
LG13	1339540	13	6.733	3.687
LG13	1339567	13	7.593	4.008
LG13	1419909	13	7.700	4.221
LG13	1462627	13	7.806	4.435
LG13	1473645	13	7.806	4.435
LG13	1494417	13	8.127	4.435
LG13	1498191	13	8.127	4.542
LG13	1517440	13	8.127	4.542
LG13	1517466	13	8.341	4.542
LG13	1539707	13	8.769	4.542
LG13	1574399	13	8.983	4.542
LG13	1574414	13	9.304	4.649
LG13	1582164	13	9.624	4.755
LG13	1669265	13	9.624	4.755
LG13	1680336	13	10.376	4.862
LG13	1710553	13	10.590	5.290
LG13	1797712	13	10.590	5.290
LG13	1821255	13	10.590	5.504
LG13	1821870	13	10.911	5.718
LG13	1892402	13	11.018	5.824
LG13	1912441	13	11.124	5.931
LG13	1912471	13	11.231	6.038
LG13	1930637	13	11.338	6.252
LG13	1943671	13	11.551	6.572
LG13	1943702	13	11.551	6.572
LG13	1943703	13	11.551	6.572
LG13	1950052	13	11.658	6.679
LG13	1950068	13	11.658	6.679
LG13	1962446	13	11.872	6.786
LG13	1962450	13	11.979	6.786
LG13	1962981	13	11.979	7.214
LG13	1962992	13	11.979	7.214
LG13	1963001	13	11.979	7.321
LG13	1970443	13	11.979	7.749
LG13	1993077	13	11.979	8.393
LG13	2000621	13	12.085	8.500
LG13	2000631	13	12.085	8.500
LG13	2000638	13	12.299	8.820
LG13	2024303	13	12.299	8.927
LG13	2024421	13	12.406	8.927
LG13	2024440	13	12.406	8.927
LG13	2024443	13	12.619	8.927
LG13	2033356	13	12.619	9.248
LG13	2048119	13	13.048	9.355
LG13	2048135	13	13.048	9.461
LG13	2050277	13	13.048	10.213
LG13	2099578	13	13.476	10.642
LG13	2100877	13	13.690	10.962
LG13	2159868	13	14.118	11.498
LG13	2166583	13	14.225	12.142
LG13	2187591	13	14.225	12.249
LG13	2187592	13	14.225	12.249
LG13	2187632	13	14.225	12.463
LG13	2194603	13	14.331	12.783
LG13	2194609	13	14.331	12.783
LG13	2194610	13	14.331	12.783
LG13	2266437	13	14.545	13.535
LG13	2302528	13	14.759	13.642
LG13	2346586	13	14.759	14.394
LG13	2366757	13	14.759	15.038
LG13	2366772	13	14.759	15.038
LG13	2366791	13	14.759	15.038
LG13	2399527	13	14.972	15.359
LG13	2399554	13	15.186	15.679
LG13	2435199	13	15.186	15.679
LG13	2448132	13	15.186	16.000
LG13	2487666	13	15.400	16.000
LG13	2536605	13	15.506	16.107
LG13	2536633	13	15.506	16.107
LG13	2536637	13	15.506	16.859
LG13	2567495	13	15.720	17.180
LG13	2585762	13	15.934	17.286
LG13	2588418	13	16.362	17.286
LG13	2665497	13	16.469	17.930
LG13	2698260	13	16.469	18.144
LG13	2708216	13	16.575	18.251
LG13	2717925	13	16.575	18.251
LG13	2726454	13	16.575	18.251
LG13	2758649	13	16.789	19.219
LG13	2800614	13	16.896	20.080
LG13	2800640	13	17.217	20.186
LG13	2817438	13	17.430	20.186
LG13	2847986	13	17.430	20.293
LG13	2848033	13	17.430	20.293
LG13	2848036	13	17.644	20.614
LG13	2860401	13	17.751	20.828
LG13	2877417	13	17.857	21.149
LG13	2889039	13	17.964	21.469
LG13	2915148	13	18.071	21.898
LG13	2932438	13	18.071	22.111
LG13	2932504	13	18.071	22.111
LG13	2932523	13	18.071	22.218
LG13	2934254	13	18.178	22.218
LG13	2934291	13	18.178	22.432
LG13	2934449	13	18.391	22.753
LG13	2948186	13	18.498	22.859
LG13	2960338	13	18.498	22.859
LG13	2975432	13	18.605	23.073
LG13	3011435	13	18.818	23.180
LG13	3021040	13	19.032	23.286
LG13	3021048	13	19.032	23.286
LG13	3045454	13	19.032	23.393
LG13	3045457	13	19.032	23.607
LG13	3057610	13	19.139	23.821
LG13	3068460	13	19.353	24.034
LG13	3090063	13	19.353	24.034
LG13	3107022	13	19.888	24.248
LG13	3107026	13	19.888	24.248
LG13	3117601	13	20.102	24.784
LG13	3144028	13	20.102	24.891
LG13	3144419	13	20.102	24.997
LG13	3190247	13	20.209	24.997
LG13	3198488	13	20.209	25.104
LG13	3242316	13	20.209	25.211
LG13	3264205	13	20.209	25.317
LG13	3264226	13	20.209	25.317
LG13	3264234	13	20.209	25.317
LG13	3264249	13	20.209	25.531
LG13	3265391	13	20.530	25.745
LG13	3277201	13	20.636	26.281
LG13	3295631	13	20.636	26.709
LG13	3297273	13	20.636	26.923
LG13	3318146	13	20.743	27.459
LG13	3385533	13	20.743	27.672
LG13	3399109	13	21.064	27.886
LG13	3410054	13	21.171	28.530
LG13	3475099	13	21.171	28.743
LG13	3477061	13	21.171	29.712
LG13	3505882	13	21.277	29.819
LG13	3510016	13	21.277	29.926
LG13	3591221	13	21.384	30.462
LG13	3672610	13	21.491	30.568
LG13	3694210	13	21.598	30.997
LG13	3755145	13	21.598	31.965
LG13	3757157	13	21.598	31.965
LG13	3757216	13	21.811	32.179
LG13	3764712	13	21.811	32.179
LG13	3764756	13	21.811	32.179
LG13	3792740	13	21.811	32.286
LG13	3792741	13	21.811	32.286
LG13	3813754	13	21.811	32.392
LG13	3813791	13	21.811	32.392
LG13	3813801	13	21.811	32.392
LG13	3819570	13	21.811	32.392
LG13	3819594	13	21.918	32.713
LG13	3819601	13	21.918	32.820
LG13	3819621	13	21.918	32.820
LG13	3949019	13	22.025	33.572
LG13	3980299	13	22.025	33.679
LG13	3997220	13	22.025	33.679
LG13	4023324	13	22.025	33.785
LG13	4024218	13	22.025	33.785
LG13	4029046	13	22.453	34.646
LG13	4029058	13	22.453	34.646
LG13	4029062	13	22.453	34.859
LG13	4059273	13	22.453	34.859
LG13	4097755	13	22.453	34.859
LG13	4100389	13	22.453	35.288
LG13	4175699	13	22.560	35.501
LG13	4193335	13	22.560	35.608
LG13	4232417	13	22.666	35.715
LG13	4278211	13	22.666	35.928
LG13	4292722	13	22.880	35.928
LG13	4292765	13	22.880	35.928
LG13	4292770	13	22.880	35.928
LG13	4294975	13	22.987	36.249
LG13	4294998	13	22.987	36.356
LG13	4361746	13	22.987	36.784
LG13	4362000	13	22.987	36.891
LG13	4375422	13	22.987	36.998
LG13	4383470	13	22.987	37.426
LG13	4471329	13	22.987	37.854
LG13	4471360	13	22.987	37.854
LG13	4471366	13	22.987	37.854
LG13	4471386	13	22.987	37.854
LG13	4471748	13	22.987	37.854
LG13	4474646	13	23.094	37.961
LG13	4476698	13	23.094	38.497
LG13	4476710	13	23.094	38.604
LG13	4476711	13	23.094	38.604
LG13	4489417	13	23.094	39.032
LG13	4525072	13	23.094	39.676
LG13	4540135	13	23.094	39.782
LG13	4540137	13	23.094	39.782
LG13	4545758	13	23.094	40.211
LG13	4580287	13	23.094	40.424
LG13	4580301	13	23.094	40.638
LG13	4593300	13	23.094	41.390
LG13	4593393	13	23.094	41.818
LG13	4627950	13	23.094	42.462
LG13	4679757	13	23.094	42.676
LG13	4679788	13	23.094	42.782
LG13	4772724	13	23.094	42.782
LG13	4772738	13	23.094	42.782
LG13	4815985	13	23.094	42.889
LG13	4829610	13	23.094	42.889
LG13	4846895	13	23.094	42.889
LG13	4877018	13	23.094	43.425
LG13	4893514	13	23.200	43.532
LG13	4893515	13	23.200	43.532
LG13	4965044	13	23.200	43.745
LG13	4971227	13	23.200	43.852
LG13	4980110	13	23.200	43.852
LG13	5011471	13	23.200	43.852
LG13	5023096	13	23.200	44.066
LG13	5048866	13	23.200	44.602
LG13	5066270	13	23.200	44.602
LG13	5083238	13	23.200	44.708
LG13	5119255	13	23.200	45.460
LG13	5121195	13	23.414	46.104
LG13	5121196	13	23.414	46.211
LG13	5134852	13	23.414	46.211
LG13	5175718	13	23.414	46.963
LG13	5221485	13	23.414	46.963
LG13	5221527	13	23.414	46.963
LG13	5242160	13	23.414	47.284
LG13	5273391	13	23.414	47.284
LG13	5276026	13	23.414	47.819
LG13	5287735	13	23.414	47.819
LG13	5384916	13	23.521	48.033
LG13	5385254	13	23.521	48.033
LG13	5393958	13	23.521	48.033
LG13	5404285	13	23.521	48.033
LG13	5406611	13	23.521	48.140
LG13	5407270	13	23.521	48.140
LG13	5408381	13	23.521	48.140
LG13	5408389	13	23.521	48.140
LG13	5422473	13	23.627	48.247
LG13	5422495	13	23.627	48.247
LG13	5466852	13	23.627	48.460
LG13	5493292	13	23.627	48.460
LG13	5497766	13	23.627	48.460
LG13	5507354	13	23.627	48.460
LG13	5588353	13	23.627	48.460
LG13	5593146	13	23.627	48.781
LG13	5600253	13	23.627	48.781
LG13	5614144	13	23.627	48.888
LG13	5614175	13	23.627	48.888
LG13	5614178	13	23.627	48.888
LG13	5649342	13	23.734	48.995
LG13	5649347	13	23.734	49.101
LG13	5658367	13	23.734	49.101
LG13	5697106	13	23.734	49.208
LG13	5710431	13	23.734	49.422
LG13	5720602	13	23.734	49.422
LG13	5750872	13	23.734	49.422
LG13	5750883	13	23.734	49.422
LG13	5754417	13	23.841	49.422
LG13	5763922	13	23.841	49.528
LG13	5763976	13	23.841	49.635
LG13	5891240	13	23.841	49.635
LG13	5907094	13	23.841	49.635
LG13	5907119	13	23.841	49.635
LG13	5963192	13	23.841	49.635
LG13	5997283	13	23.841	49.742
LG13	5997308	13	23.841	49.742
LG13	5997319	13	23.841	49.849
LG13	6012520	13	23.841	49.849
LG13	6015415	13	23.841	49.849
LG13	6015436	13	23.841	49.955
LG13	6015441	13	23.841	49.955
LG13	6091815	13	23.841	50.062
LG13	6250626	13	23.841	50.062
LG13	6251040	13	23.841	50.062
LG13	6268755	13	23.841	50.062
LG13	6292571	13	23.841	50.062
LG13	6372786	13	23.841	50.169
LG13	6387183	13	23.841	50.169
LG13	6434010	13	23.841	50.169
LG13	6434023	13	23.841	50.169
LG13	6434641	13	23.841	50.169
LG13	6437544	13	23.841	50.169
LG13	6457956	13	23.841	50.169
LG13	6574285	13	23.841	50.169
LG13	6580331	13	23.841	50.169
LG13	6621086	13	23.841	50.169
LG13	6632860	13	23.841	50.169
LG13	6670291	13	23.841	50.169
LG13	6977678	13	23.841	50.169
LG13	6982458	13	23.841	50.169
LG13	6985057	13	23.841	50.169
LG13	6985073	13	23.841	50.169
LG13	6992084	13	23.841	50.169
LG13	6992505	13	23.841	50.169
LG13	6992546	13	23.841	50.169
LG13	7111358	13	23.841	50.169
LG13	7132250	13	23.841	50.169
LG13	7256172	13	23.841	50.169
LG13	7256191	13	23.841	50.169
LG13	7264546	13	23.841	50.169
LG13	7277927	13	23.841	50.275
LG13	7306409	13	23.841	50.275
LG13	7306412	13	23.841	50.275
LG13	7306432	13	23.841	50.275
LG13	7306445	13	23.841	50.275
LG13	7425343	13	23.841	50.275
LG13	7515316	13	23.841	50.275
LG13	7721118	13	23.841	50.275
LG13	7736612	13	23.841	50.275
LG13	7797278	13	23.841	50.275
LG13	7805718	13	23.841	50.275
LG13	7837589	13	23.841	50.275
LG13	7886268	13	23.841	50.275
LG13	7896569	13	23.841	50.275
LG13	7911926	13	23.841	50.275
LG13	7983208	13	23.841	50.275
LG13	8005972	13	23.841	50.275
LG13	8005986	13	23.841	50.275
LG13	8192219	13	23.841	50.275
LG13	8335284	13	23.841	50.275
LG13	8493579	13	23.841	50.275
LG13	8638738	13	23.841	50.275
LG13	8649714	13	23.841	50.275
LG13	8731034	13	23.841	50.275
LG13	9051761	13	23.841	50.275
LG13	9213718	13	23.841	50.275
LG13	9229267	13	23.841	50.275
LG13	9636670	13	23.841	50.275
LG13	9661532	13	23.841	50.275
LG13	9667697	13	23.841	50.275
LG13	9685013	13	23.841	50.275
LG13	9702096	13	23.841	50.275
LG13	9762584	13	23.841	50.275
LG13	9776438	13	23.841	50.275
LG13	9815950	13	23.841	50.275
LG13	9896526	13	23.841	50.275
LG13	9926391	13	23.841	50.275
LG13	9926392	13	23.841	50.275
LG13	9955269	13	23.841	50.275
LG13	9969140	13	23.841	50.275
LG13	9969178	13	23.841	50.275
LG13	9969938	13	23.841	50.275
LG13	9974309	13	23.841	50.275
LG13	9975565	13	23.841	50.382
LG13	10001627	13	23.841	50.382
LG13	10001640	13	23.841	50.382
LG13	10078864	13	23.841	50.382
LG13	10108259	13	23.841	50.489
LG13	10108273	13	23.841	50.489
LG13	10180898	13	23.841	50.489
LG13	10259865	13	23.841	50.489
LG13	10263165	13	23.841	50.596
LG13	10410051	13	23.841	50.596
LG13	10574325	13	23.948	50.596
LG13	10576543	13	23.948	50.596
LG13	10580564	13	23.948	50.596
LG13	10598139	13	23.948	50.596
LG13	10655426	13	23.948	50.596
LG13	10666112	13	23.948	50.596
LG13	10704104	13	23.948	51.132
LG13	10712611	13	23.948	51.132
LG13	10725958	13	23.948	51.132
LG13	10726021	13	23.948	51.238
LG13	10726023	13	23.948	51.238
LG13	10941531	13	23.948	51.345
LG13	10948403	13	23.948	51.345
LG13	10954490	13	23.948	51.345
LG13	10954514	13	23.948	51.345
LG13	10965201	13	23.948	51.452
LG13	10987806	13	23.948	51.452
LG13	10995553	13	23.948	51.558
LG13	10995555	13	23.948	51.665
LG13	11160049	13	23.948	51.665
LG13	11166146	13	23.948	51.665
LG13	11191557	13	23.948	51.772
LG13	11227380	13	23.948	51.772
LG13	11399342	13	23.948	51.772
LG13	11422603	13	23.948	51.879
LG13	11422622	13	23.948	51.879
LG13	11422632	13	23.948	51.879
LG13	11427530	13	23.948	51.879
LG13	11448286	13	23.948	51.879
LG13	11468627	13	23.948	51.985
LG13	11475656	13	23.948	51.985
LG13	11476961	13	23.948	51.985
LG13	11513461	13	23.948	51.985
LG13	11543883	13	23.948	51.985
LG13	11552177	13	23.948	51.985
LG13	11580692	13	23.948	51.985
LG13	11580719	13	23.948	52.199
LG13	11662813	13	24.054	52.306
LG13	11705319	13	24.054	52.412
LG13	11711249	13	24.054	52.412
LG13	11754203	13	24.054	52.412
LG13	11759236	13	24.054	52.412
LG13	11775126	13	24.054	52.412
LG13	11814851	13	24.054	52.519
LG13	11830173	13	24.054	52.519
LG13	11838463	13	24.054	52.519
LG13	11845684	13	24.054	52.733
LG13	11845689	13	24.054	52.733
LG13	12055643	13	24.054	52.840
LG13	12055675	13	24.054	52.946
LG13	12145006	13	24.054	53.160
LG13	12162822	13	24.054	53.160
LG13	12193823	13	24.054	53.160
LG13	12202627	13	24.054	53.160
LG13	12220788	13	24.161	53.160
LG13	12229194	13	24.161	53.160
LG13	12230740	13	24.161	53.160
LG13	12351213	13	24.268	53.160
LG13	12355916	13	24.268	53.160
LG13	12366859	13	24.268	53.374
LG13	12366872	13	24.268	53.374
LG13	12372203	13	24.374	53.587
LG13	12414029	13	24.374	53.694
LG13	12434412	13	24.481	53.908
LG13	12473693	13	24.481	54.014
LG13	12544362	13	24.481	54.014
LG13	12560356	13	24.481	54.014
LG13	12573949	13	24.481	54.014
LG13	12582592	13	24.481	54.121
LG13	12621761	13	24.588	54.121
LG13	12635533	13	24.588	54.121
LG13	12635534	13	24.588	54.121
LG13	12637700	13	24.588	54.121
LG13	12644458	13	24.588	54.121
LG13	12645904	13	24.588	54.121
LG13	12654143	13	24.588	54.335
LG13	12654185	13	24.588	54.335
LG13	12654887	13	24.588	54.335
LG13	12658572	13	24.588	54.335
LG13	12658585	13	24.588	54.335
LG13	12700334	13	24.695	54.335
LG13	12700360	13	24.695	54.335
LG13	12756693	13	24.695	54.548
LG13	12776706	13	24.695	54.548
LG13	12776707	13	24.695	54.548
LG13	12776736	13	24.695	54.548
LG13	12777073	13	24.695	54.762
LG13	12809963	13	24.695	54.976
LG13	12809964	13	24.695	54.976
LG13	12809970	13	24.695	54.976
LG13	12826891	13	24.695	55.083
LG13	12899309	13	24.801	55.189
LG13	12901598	13	24.801	55.189
LG13	12949238	13	24.801	55.403
LG13	12961138	13	24.801	55.403
LG13	12996080	13	24.801	55.510
LG13	13017309	13	24.801	55.510
LG13	13023992	13	24.801	55.510
LG13	13024121	13	24.801	55.510
LG13	13025510	13	24.801	55.510
LG13	13040873	13	24.908	55.510
LG13	13044856	13	24.908	55.510
LG13	13044864	13	24.908	55.510
LG13	13050261	13	24.908	55.510
LG13	13083807	13	24.908	55.510
LG13	13087242	13	24.908	55.510
LG13	13087257	13	24.908	55.510
LG13	13095483	13	24.908	55.616
LG13	13095990	13	24.908	55.616
LG13	13105736	13	24.908	55.616
LG13	13113731	13	24.908	55.616
LG13	13118209	13	24.908	55.723
LG13	13118212	13	24.908	55.723
LG13	13156276	13	24.908	55.830
LG13	13232284	13	24.908	55.830
LG13	13262223	13	24.908	55.830
LG13	13278536	13	24.908	55.830
LG13	13285737	13	25.015	55.937
LG13	13333191	13	25.015	55.937
LG13	13346267	13	25.122	55.937
LG13	13346268	13	25.122	55.937
LG13	13379339	13	25.122	55.937
LG13	13409713	13	25.122	55.937
LG13	13411955	13	25.122	55.937
LG13	13437249	13	25.228	56.150
LG13	13524242	13	25.228	56.150
LG13	13524245	13	25.228	56.150
LG13	13601132	13	25.335	56.150
LG13	13643149	13	25.442	56.257
LG13	13645568	13	25.442	56.257
LG13	13645588	13	25.442	56.257
LG13	13645609	13	25.442	56.257
LG13	13649057	13	25.442	56.257
LG13	13649060	13	25.442	56.257
LG13	13649066	13	25.442	56.257
LG13	13649072	13	25.442	56.257
LG13	13649075	13	25.442	56.257
LG13	13703322	13	25.548	56.257
LG13	13742964	13	25.548	56.257
LG13	13742988	13	25.548	56.364
LG13	13754643	13	25.548	56.470
LG13	13754656	13	25.548	56.470
LG13	13841293	13	25.655	56.899
LG13	13841307	13	25.655	56.899
LG13	13900265	13	25.655	56.899
LG13	13912896	13	25.655	57.112
LG13	13912933	13	25.655	57.112
LG13	13929251	13	25.762	57.541
LG13	13929252	13	25.762	57.541
LG13	13940676	13	25.762	57.541
LG13	13940694	13	25.762	57.541
LG13	13940705	13	25.762	57.541
LG13	13940709	13	25.762	58.293
LG13	13984481	13	25.869	58.506
LG13	13984482	13	25.869	58.506
LG13	14033651	13	25.869	58.506
LG13	14042489	13	25.869	58.613
LG13	14042490	13	25.869	58.613
LG13	14073993	13	25.869	58.613
LG13	14074015	13	25.869	58.613
LG13	14074069	13	25.869	58.613
LG13	14081010	13	25.869	58.827
LG13	14090115	13	25.869	58.827
LG13	14109238	13	25.869	58.827
LG13	14124185	13	25.869	59.040
LG13	14148560	13	25.869	59.040
LG13	14162818	13	25.975	59.040
LG13	14170449	13	25.975	59.254
LG13	14177734	13	26.189	59.254
LG13	14224657	13	26.296	59.254
LG13	14274198	13	26.296	59.254
LG13	14282662	13	26.296	59.254
LG13	14282676	13	26.296	59.361
LG13	14282686	13	26.296	59.361
LG13	14288241	13	26.296	59.361
LG13	14313998	13	26.296	59.361
LG13	14314011	13	26.296	59.361
LG13	14319420	13	26.296	59.361
LG13	14321426	13	26.296	59.467
LG13	14323800	13	26.296	59.788
LG13	14342004	13	26.509	59.788
LG13	14342511	13	26.509	59.788
LG13	14342541	13	26.509	59.788
LG13	14382906	13	26.616	59.895
LG13	14383411	13	26.616	59.895
LG13	14390470	13	26.616	60.002
LG13	14397918	13	26.616	60.002
LG13	14397919	13	26.616	60.002
LG13	14403280	13	26.616	60.108
LG13	14442461	13	26.616	60.108
LG13	14460877	13	26.616	60.215
LG13	14479107	13	26.616	60.215
LG13	14479159	13	26.616	60.215
LG13	14497462	13	26.616	60.215
LG13	14506158	13	26.616	60.215
LG13	14506159	13	26.616	60.215
LG13	14506160	13	26.616	60.322
LG13	14521147	13	26.616	60.429
LG13	14579649	13	26.830	60.749
LG13	14592475	13	26.830	60.749
LG13	14608335	13	26.937	61.070
LG13	14614262	13	26.937	61.070
LG13	14740190	13	27.043	61.284
LG13	14831467	13	27.150	61.605
LG13	14832723	13	27.150	61.605
LG13	14834479	13	27.150	61.605
LG13	14834559	13	27.257	61.605
LG13	14834560	13	27.257	61.605
LG13	14858573	13	27.257	61.712
LG13	14858609	13	27.257	61.712
LG13	14864751	13	27.257	61.925
LG13	14873260	13	27.257	62.032
LG13	14880635	13	27.363	62.032
LG13	14916873	13	27.363	62.139
LG13	14916874	13	27.363	62.139
LG13	14916878	13	27.363	62.245
LG13	14933782	13	27.363	62.352
LG13	14933787	13	27.363	62.566
LG13	14946141	13	27.363	62.673
LG13	15037698	13	27.470	62.779
LG13	15053550	13	27.684	62.779
LG13	15070639	13	27.684	63.100
LG13	15073700	13	27.898	63.314
LG13	15075520	13	27.898	63.421
LG13	15120742	13	27.898	63.741
LG13	15154720	13	27.898	63.741
LG13	15154727	13	27.898	63.741
LG13	15161751	13	27.898	63.741
LG13	15198683	13	27.898	63.848
LG13	15198744	13	27.898	63.955
LG13	15257250	13	28.004	63.955
LG13	15257791	13	28.004	63.955
LG13	15257797	13	28.004	63.955
LG13	15322367	13	28.004	64.383
LG13	15342014	13	28.004	64.597
LG13	15342018	13	28.004	64.597
LG13	15390183	13	28.111	65.025
LG13	15432516	13	28.111	65.025
LG13	15448787	13	28.111	65.239
LG13	15448834	13	28.111	65.452
LG13	15448842	13	28.111	65.452
LG13	15458382	13	28.111	65.452
LG13	15458426	13	28.111	65.452
LG13	15508211	13	28.111	65.452
LG13	15511348	13	28.218	65.559
LG13	15515378	13	28.324	65.559
LG13	15522623	13	28.324	65.559
LG13	15522644	13	28.645	65.987
LG13	15531283	13	28.645	65.987
LG13	15531290	13	28.645	65.987
LG13	15548709	13	28.645	66.201
LG13	15569474	13	28.752	66.629
LG13	15607191	13	28.752	66.629
LG13	15608614	13	28.752	66.843
LG13	15608670	13	28.752	67.057
LG13	15612063	13	28.859	67.057
LG13	15629210	13	28.859	67.270
LG13	15642071	13	28.859	67.377
LG13	15642124	13	29.072	67.484
LG13	15651621	13	29.179	67.591
LG13	15651770	13	29.179	67.591
LG13	15651794	13	29.179	67.591
LG13	15684407	13	29.393	68.126
LG13	15758283	13	29.500	68.233
LG13	15803047	13	29.500	68.447
LG13	15829195	13	29.713	68.447
LG13	15876370	13	29.820	68.661
LG13	15876385	13	29.820	68.767
LG13	15901902	13	29.820	68.874
LG13	15902030	13	29.927	68.981
LG13	15902105	13	29.927	69.087
LG13	15908972	13	30.140	69.087
LG13	15948375	13	30.247	69.087
LG13	15950957	13	30.354	69.194
LG13	15951009	13	30.354	69.408
LG13	16007382	13	30.460	69.621
LG13	16019024	13	30.674	69.728
LG13	16019027	13	30.888	69.942
LG13	16019029	13	30.888	69.942
LG13	16019033	13	30.888	69.942
LG13	16019060	13	30.995	69.942
LG13	16055830	13	30.995	70.263
LG13	16057501	13	31.208	71.015
LG13	16107798	13	31.315	71.228
LG13	16143896	13	31.529	71.764
LG13	16143898	13	31.529	71.764
LG13	16154990	13	31.529	72.085
LG13	16170611	13	31.529	72.085
LG13	16170622	13	31.529	72.192
LG13	16252236	13	31.529	72.620
LG13	16261393	13	31.529	72.620
LG13	16304084	13	31.635	72.941
LG13	16323898	13	31.635	73.048
LG13	16336455	13	31.742	73.691
LG13	16347670	13	31.849	73.691
LG13	16347786	13	31.849	73.691
LG13	16352405	13	32.493	74.012
LG13	16382100	13	32.599	74.333
LG13	16387240	13	32.706	74.440
LG13	16411110	13	32.706	74.654
LG13	16475926	13	32.920	74.867
LG13	16508990	13	33.026	74.974
LG13	16516012	13	33.026	74.974
LG13	16516151	13	33.026	75.081
LG13	16566086	13	33.133	75.081
LG13	16566120	13	33.133	75.081
LG13	16570065	13	33.240	75.187
LG13	16584189	13	33.347	75.401
LG13	16613214	13	33.347	75.401
LG13	16630731	13	33.347	75.401
LG13	16636067	13	33.453	75.401
LG13	16636070	13	33.453	75.401
LG13	16649385	13	33.453	75.615
LG13	16656795	13	33.453	75.828
LG13	16657739	13	33.560	75.828
LG13	16657751	13	33.667	75.828
LG13	16681314	13	33.880	76.042
LG13	16693521	13	33.880	76.042
LG13	16726001	13	33.880	76.149
LG13	16729504	13	33.880	76.256
LG13	16738308	13	33.880	76.256
LG13	16750236	13	33.987	76.791
LG13	16756796	13	34.201	77.435
LG13	16789137	13	34.308	77.435
LG13	16796378	13	34.308	77.756
LG13	16796403	13	34.308	77.863
LG13	16835465	13	34.308	78.076
LG13	16835511	13	34.521	78.183
LG13	16934991	13	34.521	78.290
LG13	16946280	13	34.628	78.611
LG13	16965645	13	34.735	78.824
LG13	16976237	13	34.735	79.038
LG13	16985874	13	34.841	79.038
LG13	16995147	13	34.841	79.252
LG13	16995165	13	34.948	79.252
LG13	17003242	13	34.948	79.252
LG13	17005787	13	34.948	79.252
LG13	17015341	13	34.948	79.252
LG13	17015369	13	34.948	79.252
LG13	17033964	13	35.055	79.466
LG13	17068414	13	35.269	79.466
LG13	17098504	13	35.482	80.109
LG13	17125792	13	35.589	80.109
LG13	17125824	13	35.910	80.538
LG13	17210426	13	36.017	80.858
LG13	17324796	13	36.230	80.965
LG13	17338352	13	36.337	80.965
LG13	17338359	13	36.337	81.393
LG13	17338375	13	36.337	81.500
LG13	17364854	13	36.551	81.714
LG13	17369700	13	36.657	81.821
LG13	17389091	13	36.657	82.464
LG13	17426569	13	36.871	82.893
LG13	17449837	13	37.407	84.518
LG13	17449862	13	37.514	84.625
LG13	17517015	13	37.727	84.945
LG13	17540712	13	37.941	84.945
LG13	17546297	13	37.941	85.159
LG13	17546340	13	38.048	85.373
LG13	17546344	13	38.048	85.373
LG13	17555088	13	38.261	86.017
LG13	17647404	13	38.368	86.017
LG13	17650923	13	38.475	86.445
LG13	17650947	13	39.227	87.522
LG13	17733254	13	39.333	87.951
LG13	17776966	13	39.333	87.951
LG13	17779400	13	39.547	88.272
LG13	17818115	13	39.761	88.272
LG13	17831748	13	39.868	88.272
LG13	17831762	13	39.868	88.272
LG13	17840518	13	39.868	88.272
LG13	17840539	13	39.868	88.272
LG13	17844283	13	39.974	88.272
LG13	17851333	13	39.974	88.272
LG13	17862037	13	40.081	88.378
LG13	17862054	13	40.081	88.378
LG13	17862055	13	40.081	88.378
LG13	17862065	13	40.188	88.592
LG13	17862074	13	40.188	88.913
LG13	17865366	13	40.294	89.020
LG13	17868904	13	40.615	89.020
LG13	17868981	13	40.722	89.126
LG13	17911596	13	40.829	89.126
LG13	17911609	13	40.829	89.126
LG13	17957153	13	40.829	89.126
LG13	17957527	13	40.935	89.340
LG13	17963173	13	41.042	89.447
LG13	17972327	13	41.149	89.553
LG13	17972360	13	41.149	89.553
LG13	17972384	13	41.149	89.553
LG13	17972387	13	41.149	89.553
LG13	17976308	13	41.149	89.660
LG13	17997389	13	41.149	89.874
LG13	18003969	13	41.149	90.087
LG13	18003976	13	41.149	90.194
LG13	18003998	13	41.149	90.194
LG13	18004012	13	41.149	90.301
LG13	18019877	13	41.149	90.515
LG13	18032178	13	41.363	90.515
LG13	18032263	13	41.469	90.728
LG13	18047437	13	41.898	91.049
LG13	18157428	13	42.541	91.263
LG13	18164293	13	42.541	91.263
LG13	18164312	13	42.541	91.263
LG13	18168870	13	42.541	91.263
LG13	18188665	13	42.648	91.263
LG13	18188669	13	42.648	91.263
LG13	18191678	13	42.648	91.370
LG13	18192231	13	42.648	91.476
LG13	18193249	13	42.648	91.690
LG13	18193257	13	42.969	91.690
LG13	18226750	13	43.290	92.118
LG13	18233478	13	43.397	92.225
LG13	18242602	13	43.397	92.869
LG13	18271459	13	43.503	93.297
LG13	18363169	13	43.503	93.404
LG13	18422443	13	43.610	93.510
LG13	18445865	13	43.610	93.617
LG13	18445889	13	43.610	93.617
LG13	18446524	13	43.610	93.724
LG13	18447278	13	43.717	94.260
LG13	18462810	13	44.145	94.367
LG13	18463146	13	44.145	94.367
LG13	18464439	13	44.145	94.367
LG13	18470272	13	44.145	94.367
LG13	18493911	13	44.145	94.367
LG13	18496090	13	44.145	94.795
LG13	18513110	13	44.252	94.795
LG13	18527361	13	44.252	94.795
LG13	18534854	13	44.358	94.902
LG13	18545729	13	44.465	95.115
LG13	18565876	13	45.109	95.436
LG13	18602390	13	45.109	95.436
LG13	18608160	13	45.109	95.543
LG13	18639569	13	45.323	96.079
LG13	18654166	13	45.536	96.831
LG13	18669546	13	45.536	97.366
LG13	18669551	13	45.536	97.473
LG13	18675040	13	45.965	98.117
LG13	18742758	13	46.285	98.224
LG13	18742939	13	46.285	98.330
LG13	18771509	13	46.499	98.759
LG13	18771512	13	46.499	98.759
LG13	18840304	13	46.927	99.187
LG13	18855483	13	46.927	99.723
LG13	18870877	13	47.141	100.151
LG13	18883637	13	47.141	100.151
LG13	18885184	13	47.248	100.365
LG13	18885278	13	47.248	100.365
LG13	18898137	13	47.248	100.365
LG13	18898155	13	47.248	100.793
LG13	18908091	13	47.354	100.900
LG13	18908799	13	47.675	101.114
LG13	18950240	13	47.889	101.220
LG13	18967820	13	48.210	101.220
LG13	18969175	13	48.210	101.220
LG13	18972659	13	48.210	101.220
LG13	18972702	13	48.317	101.220
LG13	18972729	13	48.317	101.327
LG13	18972730	13	48.317	101.327
LG13	18972757	13	48.423	101.541
LG13	18977259	13	48.530	101.647
LG13	19035900	13	48.530	101.861
LG13	19052285	13	48.530	101.861
LG13	19054807	13	48.637	102.182
LG13	19054913	13	48.743	102.396
LG13	19056754	13	48.850	102.502
LG13	19063093	13	48.957	102.609
LG13	19090422	13	49.817	102.716
LG13	19090425	13	49.817	102.716
LG13	19090427	13	49.817	102.716
LG13	19090428	13	49.817	102.716
LG13	19110065	13	51.113	103.360
LG13	19111242	13	51.220	103.466
LG13	19111296	13	51.327	103.787
LG13	19151464	13	51.433	103.787
LG13	19153276	13	51.433	103.787
LG13	19153285	13	51.433	103.894
LG13	19154195	13	51.433	104.001
LG13	19154196	13	51.433	104.001
LG13	19175042	13	51.433	104.107
LG13	19175149	13	51.433	104.107
LG13	19184218	13	51.433	104.107
LG13	19191168	13	51.540	104.107
LG13	19199096	13	51.540	104.107
LG13	19199113	13	51.540	104.107
LG13	19199162	13	51.540	104.107
LG13	19199174	13	51.540	104.214
LG13	19216960	13	51.540	104.321
LG13	19216964	13	51.540	104.321
LG13	19216983	13	51.540	104.321
LG13	19217037	13	51.647	104.642
LG13	19217048	13	51.647	104.642
LG13	19217063	13	51.647	104.642
LG13	19223043	13	51.647	104.642
LG13	19225087	13	51.647	104.642
LG13	19225342	13	51.647	104.642
LG13	19225358	13	51.647	104.642
LG13	19225365	13	51.647	104.642
LG13	19225366	13	51.753	104.642
LG13	19226416	13	51.753	104.642
LG13	19248096	13	51.753	104.642
LG13	19248118	13	51.860	104.642
LG13	19248119	13	51.860	104.642
LG13	19253020	13	51.860	104.748
LG13	19255987	13	51.860	104.748
LG13	19262171	13	52.288	104.748
LG13	19262178	13	52.288	104.748
LG13	19262189	13	52.288	104.855
LG13	19262192	13	52.288	104.855
LG13	19262204	13	52.288	104.855
LG13	19262247	13	52.288	104.962
LG13	19262267	13	52.288	104.962
LG13	19262268	13	52.288	105.068
LG13	19418501	13	52.288	105.175
LG13	19418531	13	52.288	105.175
LG13	19418546	13	52.288	105.282
LG13	19418547	13	52.288	105.282
LG13	19418549	13	52.288	105.389
LG13	19418554	13	52.395	105.602
LG13	19447442	13	52.502	105.602
LG13	19447451	13	52.502	105.602
LG13	19452351	13	52.502	105.602
LG13	19452383	13	52.609	105.816
LG13	19466121	13	52.715	105.816
LG13	19466130	13	52.822	105.816
LG13	19477740	13	52.929	105.923
LG13	19483741	13	52.929	105.923
LG13	19488473	13	53.036	106.244
LG13	19495882	13	53.036	106.244
LG13	19495930	13	53.036	106.350
LG13	19495952	13	53.036	106.350
LG13	19504412	13	53.036	106.350
LG13	19506326	13	53.249	106.350
LG13	19510926	13	53.249	106.350
LG13	19511241	13	53.249	106.350
LG13	19511274	13	53.356	106.457
LG13	19511288	13	53.570	106.457
LG13	19513912	13	53.676	106.457
LG13	19515921	13	53.783	106.564
LG13	19545738	13	53.783	107.100
LG13	19565142	13	53.783	107.100
LG13	19581019	13	53.783	107.206
LG13	19593016	13	53.783	107.313
LG13	19593022	13	53.783	107.420
LG13	19597104	13	53.783	107.527
LG13	19602499	13	53.783	107.527
LG13	19602500	13	53.783	107.527
LG13	19613887	13	53.783	107.527
LG13	19614047	13	53.890	107.847
LG13	19616079	13	53.890	108.061
LG13	19631638	13	53.890	108.168
LG13	19631639	13	53.890	108.168
LG13	19631644	13	53.890	108.168
LG13	19631651	13	53.890	108.168
LG13	19631670	13	53.890	108.168
LG13	19663775	13	54.103	108.168
LG13	19674243	13	54.103	108.168
LG13	19674285	13	54.210	108.168
LG13	19702638	13	54.210	108.381
LG13	19702645	13	54.210	108.381
LG13	19702663	13	54.210	108.381
LG13	19710821	13	54.210	108.488
LG13	19722398	13	54.317	108.595
LG13	19732160	13	54.424	108.809
LG13	19739490	13	54.424	108.809
LG13	19739510	13	54.424	108.809
LG13	19740222	13	54.424	108.809
LG13	19741323	13	54.424	108.809
LG13	19741362	13	54.424	109.022
LG13	19742542	13	54.424	109.022
LG13	19742612	13	54.530	109.129
LG13	19742615	13	54.530	109.129
LG13	19742619	13	54.530	109.129
LG13	19742633	13	54.530	109.129
LG13	19742688	13	54.530	109.129
LG13	19742701	13	54.530	109.129
LG13	19742722	13	54.637	109.129
LG13	19751404	13	54.637	109.129
LG13	19777179	13	54.637	109.236
LG13	19798946	13	54.637	109.236
LG13	19809382	13	54.637	109.236
LG13	19812327	13	54.637	109.236
LG13	19812359	13	54.637	109.236
LG13	19812360	13	54.637	109.236
LG13	19813539	13	54.637	109.342
LG13	19813587	13	54.637	109.342
LG13	19813696	13	54.637	109.342
LG13	19813705	13	54.637	109.449
LG13	19813771	13	54.637	109.556
LG13	19813772	13	54.637	109.556
LG13	19813785	13	54.637	109.556
LG13	19813789	13	54.637	109.556
LG13	19813791	13	54.637	109.556
LG13	19813796	13	54.637	109.556
LG13	19813810	13	54.637	109.663
LG13	19820251	13	54.637	109.663
LG13	19820252	13	54.637	109.663
LG13	19820265	13	54.637	109.663
LG13	19820278	13	54.637	109.663
LG13	19820341	13	54.637	109.663
LG13	19838832	13	54.637	109.663
LG13	19838842	13	54.744	109.663
LG13	19838846	13	54.744	109.663
LG13	19838865	13	54.850	109.663
LG13	19845650	13	54.957	109.663
LG13	19846658	13	54.957	109.663
LG13	19846661	13	54.957	109.663
LG13	19846663	13	54.957	109.663
LG13	19850146	13	54.957	109.663
LG13	19854553	13	54.957	109.663
LG13	19854560	13	54.957	109.663
LG13	19854738	13	54.957	109.769
LG13	19855256	13	54.957	109.769
LG13	19855282	13	54.957	109.769
LG13	19878892	13	54.957	109.876
LG13	19884613	13	54.957	109.876
LG13	19888675	13	54.957	109.876
LG13	19888677	13	54.957	109.876
LG13	19888698	13	54.957	109.876
LG13	19888702	13	54.957	109.876
LG13	19888705	13	54.957	109.876
LG13	19888720	13	54.957	109.876
LG13	19890619	13	54.957	109.876
LG13	19890637	13	54.957	109.876
LG13	19891545	13	54.957	109.876
LG13	19891547	13	54.957	109.876
LG13	19903972	13	55.064	109.876
LG13	19903981	13	55.064	109.876
LG13	19905606	13	55.064	109.876
LG13	19905613	13	55.064	109.983
LG13	19906751	13	55.171	109.983
LG13	19906753	13	55.171	109.983
LG13	19906759	13	55.171	109.983
LG13	19906777	13	55.171	109.983
LG13	19906809	13	55.171	109.983
LG13	19910457	13	55.171	109.983
LG13	19910461	13	55.171	109.983
LG13	19910492	13	55.171	109.983
LG13	19912661	13	55.171	109.983
LG13	19912835	13	55.171	109.983
LG13	19924586	13	55.171	110.090
LG13	19924587	13	55.171	110.196
LG13	19927728	13	55.171	110.196
LG13	19927739	13	55.171	110.196
LG13	19943745	13	55.171	110.303
LG13	19943753	13	55.277	110.517
LG13	19943755	13	55.277	110.517
LG13	20043303	13	55.277	110.623
LG13	20083411	13	55.384	110.730
LG13	20098320	13	55.384	110.730
LG13	20098357	13	55.384	110.944
LG13	20098360	13	55.598	111.372
LG13	20117808	13	56.134	112.016
LG13	20122510	13	56.455	112.229
LG13	20122514	13	56.455	112.336
LG13	20122571	13	56.668	112.443
LG13	20150676	13	56.775	112.657
LG13	20150684	13	56.775	112.657
LG13	20150694	13	56.775	112.763
LG13	20150696	13	57.419	113.084
LG13	20150700	13	57.525	113.084
LG13	20151873	13	57.846	113.620
LG13	20151879	13	57.846	113.620
LG13	20151884	13	57.846	113.620
LG13	20151910	13	57.846	113.620
LG13	20151917	13	57.846	113.620
LG13	20151918	13	57.953	113.620
LG13	20151936	13	57.953	113.620
LG13	20241869	13	58.167	114.372
LG13	20241916	13	58.167	114.372
LG13	20243234	13	58.167	114.372
LG13	20243249	13	58.167	114.372
LG13	20261259	13	58.167	114.479
LG13	20268497	13	58.703	114.479
LG13	20268515	13	58.703	114.479
LG13	20270981	13	58.703	114.907
LG13	20272991	13	58.703	115.014
LG13	20273090	13	58.703	115.014
LG13	20282594	13	58.809	115.227
LG13	20291668	13	58.916	115.227
LG13	20309622	13	58.916	115.441
LG13	20312858	13	58.916	115.441
LG13	20331877	13	58.916	115.548
LG13	20340483	13	58.916	115.655
LG13	20365626	13	59.130	115.868
LG13	20386033	13	59.130	115.868
LG13	20386034	13	59.130	115.868
LG13	20427159	13	59.451	115.868
LG13	20458112	13	59.557	115.868
LG13	20481202	13	59.557	115.868
LG13	20490078	13	59.557	115.868
LG13	20490115	13	59.664	115.868
LG13	20500069	13	59.771	115.868
LG13	20512931	13	59.771	115.975
LG13	20555388	13	59.771	115.975
LG13	20606593	13	59.984	115.975
LG13	20669966	13	60.198	116.082
LG13	20671414	13	60.198	116.082
LG13	20688029	13	60.198	116.082
LG13	20688056	13	60.198	116.082
LG13	20688057	13	60.198	116.082
LG13	20688071	13	60.305	116.082
LG13	20699198	13	60.305	116.082
LG13	20699225	13	60.305	116.082
LG13	20713395	13	60.305	116.082
LG13	20713396	13	60.305	116.082
LG13	20713397	13	60.305	116.082
LG13	20713406	13	60.305	116.082
LG13	20717767	13	60.305	116.082
LG13	20729885	13	60.305	116.188
LG13	20765542	13	60.412	116.295
LG13	20790589	13	60.412	116.295
LG13	20794522	13	60.518	116.295
LG13	20812464	13	60.518	116.295
LG13	20812662	13	60.839	116.295
LG13	20846109	13	60.839	116.295
LG13	20846130	13	60.839	116.295
LG13	20846145	13	60.839	116.295
LG13	20892498	13	60.839	116.295
LG13	20892499	13	60.839	116.295
LG13	20892503	13	60.839	116.295
LG13	20892520	13	61.053	116.295
LG13	20892542	13	61.053	116.295
LG13	20894219	13	61.374	116.402
LG13	20894356	13	61.374	116.402
LG13	20898661	13	61.374	116.402
LG13	20904579	13	61.374	116.402
LG13	20930331	13	61.374	116.402
LG13	20930340	13	61.480	116.402
LG13	20936951	13	61.480	116.402
LG13	20936964	13	61.480	116.402
LG13	20945932	13	61.480	116.402
LG13	20955723	13	61.480	116.402
LG13	20955726	13	61.587	116.402
LG13	20990154	13	61.587	116.402
LG13	20990160	13	61.587	116.402
LG13	20998458	13	61.801	116.402
LG13	21006070	13	61.801	116.402
LG13	21032540	13	62.014	116.402
LG13	21113733	13	62.014	116.402
LG13	21113768	13	62.014	116.402
LG13	21130087	13	62.121	116.402
LG13	21138834	13	62.121	116.402
LG13	21141425	13	62.121	116.402
LG13	21147149	13	62.121	116.402
LG13	21147434	13	62.121	116.402
LG13	21154383	13	62.121	116.402
LG13	21157264	13	62.121	116.402
LG13	21160363	13	62.121	116.402
LG13	21160383	13	62.121	116.402
LG13	21175092	13	62.121	116.402
LG13	21175114	13	62.121	116.402
LG13	21175126	13	62.121	116.402
LG13	21175127	13	62.121	116.402
LG13	21175130	13	62.121	116.402
LG13	21205596	13	62.121	116.509
LG13	21205600	13	62.121	116.509
LG13	21205614	13	62.121	116.509
LG13	21208042	13	62.121	116.509
LG13	21208075	13	62.121	116.509
LG13	21208764	13	62.121	116.509
LG13	21208788	13	62.121	116.509
LG13	21234035	13	62.121	116.509
LG13	21247605	13	62.121	116.509
LG13	21247714	13	62.121	116.509
LG13	21247746	13	62.121	116.509
LG13	21340841	13	62.121	116.729
LG13	21354726	13	62.230	116.729
LG13	21366423	13	62.230	116.729
LG13	21366449	13	62.230	116.729
LG13	21366685	13	62.341	116.729
LG13	21371052	13	62.695	116.847
LG13	21429584	13	62.829	116.847
LG13	21599700	13	62.974	116.847
LG13	21698308	13	63.151	117.115
LG13	21742560	13	63.151	117.115
LG14	411881	14	0.000	0.000
LG14	535610	14	0.000	0.787
LG14	565704	14	0.200	0.978
LG14	613057	14	0.200	0.978
LG14	649059	14	0.200	0.978
LG14	679105	14	0.200	0.978
LG14	679111	14	0.200	0.978
LG14	727226	14	0.200	0.978
LG14	797022	14	0.200	0.978
LG14	902339	14	0.200	1.109
LG14	1060359	14	0.200	1.225
LG14	1125934	14	0.200	1.225
LG14	1145382	14	0.200	1.225
LG14	1145384	14	0.200	1.225
LG14	1193855	14	0.200	1.553
LG14	1205309	14	0.200	1.553
LG14	1266775	14	0.200	1.661
LG14	1298677	14	0.200	1.661
LG14	1335634	14	0.200	1.661
LG14	1335635	14	0.200	1.661
LG14	1335636	14	0.200	1.661
LG14	1365415	14	0.200	1.770
LG14	1365463	14	0.200	1.770
LG14	1365910	14	0.200	1.770
LG14	1365918	14	0.200	1.879
LG14	1402013	14	0.200	1.987
LG14	1417028	14	0.200	2.201
LG14	1417061	14	0.200	2.201
LG14	1424326	14	0.200	2.201
LG14	1455198	14	0.200	2.307
LG14	1455207	14	0.200	2.307
LG14	1483811	14	0.200	2.307
LG14	1489216	14	0.306	2.414
LG14	1492741	14	0.306	2.521
LG14	1540463	14	0.306	2.521
LG14	1576296	14	0.306	2.628
LG14	1602205	14	0.306	2.628
LG14	1710083	14	0.306	3.056
LG14	1796698	14	0.306	3.270
LG14	1800442	14	0.306	3.376
LG14	1856514	14	0.306	3.483
LG14	1866856	14	0.306	3.590
LG14	1868650	14	0.413	3.590
LG14	1890736	14	0.627	3.803
LG14	1906785	14	0.733	4.232
LG14	1907176	14	0.733	4.553
LG14	1907182	14	0.733	4.553
LG14	1907183	14	0.733	4.659
LG14	1921656	14	1.054	5.195
LG14	1921660	14	1.054	5.195
LG14	1973453	14	1.161	5.731
LG14	2186013	14	1.161	5.731
LG14	2189119	14	1.161	6.052
LG14	2189132	14	1.161	6.480
LG14	2235929	14	1.161	6.480
LG14	2235936	14	1.161	6.480
LG14	2262639	14	1.161	6.801
LG14	2359126	14	1.161	7.337
LG14	2368867	14	1.161	7.337
LG14	2379504	14	1.161	7.658
LG14	2404048	14	1.161	8.302
LG14	2430436	14	1.161	8.408
LG14	2467792	14	1.161	8.622
LG14	2564874	14	1.161	8.943
LG14	2578398	14	1.161	9.264
LG14	2603428	14	1.161	9.264
LG14	2603495	14	1.161	9.370
LG14	2622224	14	1.161	9.477
LG14	2664976	14	1.161	10.013
LG14	2664981	14	1.161	10.334
LG14	2713294	14	1.161	10.441
LG14	2742141	14	1.161	10.547
LG14	2742144	14	1.161	10.654
LG14	2768076	14	1.268	10.975
LG14	2806077	14	1.268	11.189
LG14	2916449	14	1.268	11.295
LG14	2944960	14	1.268	11.509
LG14	3055063	14	1.268	11.830
LG14	3061206	14	1.268	11.830
LG14	3061239	14	1.268	11.830
LG14	3159710	14	1.268	11.937
LG14	3223828	14	1.268	12.150
LG14	3266312	14	1.374	12.150
LG14	3353645	14	1.374	12.257
LG14	3384151	14	1.374	12.471
LG14	3384218	14	1.374	12.577
LG14	3389791	14	1.374	12.577
LG14	3410083	14	1.374	12.791
LG14	3467012	14	1.374	13.112
LG14	3474218	14	1.374	13.326
LG14	3474258	14	1.374	13.432
LG14	3474260	14	1.374	13.432
LG14	3496252	14	1.374	13.539
LG14	3513709	14	1.374	13.539
LG14	3513884	14	1.374	13.860
LG14	3513885	14	1.374	13.860
LG14	3522482	14	1.374	13.860
LG14	3538740	14	1.374	14.074
LG14	3542726	14	1.374	14.287
LG14	3548110	14	1.374	14.394
LG14	3598262	14	1.374	14.930
LG14	3629827	14	1.374	15.144
LG14	3827089	14	1.588	16.440
LG14	3850605	14	1.588	16.546
LG14	3850610	14	1.588	16.653
LG14	3850619	14	1.588	16.653
LG14	3852254	14	1.695	16.974
LG14	3869552	14	1.695	17.510
LG14	3952109	14	1.695	17.831
LG14	3958888	14	1.695	18.152
LG14	3968118	14	1.695	18.152
LG14	3980890	14	1.695	18.687
LG14	3985385	14	1.802	18.794
LG14	3996992	14	1.802	18.794
LG14	4035273	14	1.802	18.901
LG14	4037462	14	1.802	18.901
LG14	4074087	14	1.802	19.008
LG14	4074172	14	1.802	19.008
LG14	4107433	14	1.802	19.114
LG14	4107481	14	1.802	19.114
LG14	4149758	14	1.802	19.328
LG14	4186776	14	1.908	19.542
LG14	4213491	14	2.015	19.542
LG14	4213512	14	2.015	19.542
LG14	4235098	14	2.015	19.648
LG14	4237369	14	2.015	19.648
LG14	4237395	14	2.015	19.862
LG14	4237951	14	2.015	20.076
LG14	4264206	14	2.015	20.182
LG14	4267371	14	2.015	20.182
LG14	4267388	14	2.015	20.182
LG14	4268255	14	2.122	20.182
LG14	4322476	14	2.228	20.396
LG14	4360983	14	2.228	20.503
LG14	4361000	14	2.228	20.503
LG14	4361863	14	2.228	20.503
LG14	4361879	14	2.228	20.717
LG14	4364847	14	2.335	20.717
LG14	4468514	14	2.656	21.145
LG14	4486441	14	2.656	21.145
LG14	4490507	14	2.656	21.145
LG14	4491929	14	2.656	21.252
LG14	4491931	14	2.763	21.358
LG14	4491933	14	2.763	21.358
LG14	4496576	14	2.763	21.358
LG14	4551157	14	2.763	21.572
LG14	4551162	14	2.763	21.572
LG14	4559337	14	2.763	21.786
LG14	4586537	14	2.763	21.786
LG14	4586542	14	2.763	21.892
LG14	4586543	14	2.763	21.892
LG14	4639222	14	2.763	21.999
LG14	4639236	14	2.763	21.999
LG14	4645090	14	2.870	22.213
LG14	4692593	14	2.870	22.426
LG14	4692651	14	2.870	22.533
LG14	4701776	14	2.870	22.640
LG14	4706858	14	2.870	22.854
LG14	4713526	14	2.870	22.960
LG14	4742072	14	2.870	23.389
LG14	4742073	14	2.870	23.389
LG14	4785034	14	2.870	23.495
LG14	4796468	14	2.870	23.495
LG14	4807369	14	2.870	23.495
LG14	4855013	14	2.870	23.602
LG14	4864796	14	2.870	23.709
LG14	4864812	14	2.870	23.709
LG14	4892996	14	2.870	23.709
LG14	4923698	14	2.976	23.922
LG14	4947823	14	2.976	24.029
LG14	4958648	14	2.976	24.136
LG14	4972393	14	2.976	24.136
LG14	4975657	14	2.976	24.136
LG14	4986113	14	2.976	24.136
LG14	5007431	14	2.976	24.457
LG14	5027548	14	2.976	24.670
LG14	5041134	14	2.976	24.777
LG14	5041153	14	2.976	24.777
LG14	5044801	14	3.190	24.777
LG14	5044812	14	3.190	24.884
LG14	5048613	14	3.190	24.991
LG14	5063060	14	3.190	25.419
LG14	5122405	14	3.190	25.632
LG14	5150580	14	3.190	25.632
LG14	5150585	14	3.297	25.739
LG14	5171418	14	3.297	25.739
LG14	5213597	14	3.297	26.167
LG14	5250538	14	3.297	26.381
LG14	5277152	14	3.403	26.809
LG14	5323614	14	3.403	27.023
LG14	5404753	14	3.617	27.559
LG14	5404805	14	3.617	27.666
LG14	5507292	14	3.617	27.772
LG14	5546014	14	3.724	28.093
LG14	5546046	14	3.724	28.200
LG14	5584509	14	3.830	28.414
LG14	5698282	14	3.830	28.735
LG14	5889770	14	4.044	29.055
LG14	5919425	14	4.044	29.699
LG14	5919433	14	4.044	29.699
LG14	5951912	14	4.258	29.699
LG14	6035305	14	4.258	29.699
LG14	6080177	14	4.258	29.699
LG14	6080207	14	4.258	29.806
LG14	6112094	14	4.258	29.913
LG14	6137068	14	4.365	30.126
LG14	6137086	14	4.365	30.126
LG14	6137089	14	4.365	30.126
LG14	6137091	14	4.365	30.126
LG14	6140572	14	4.471	30.340
LG14	6140580	14	4.471	30.340
LG14	6163329	14	4.685	30.447
LG14	6203321	14	4.685	30.768
LG14	6276273	14	4.685	30.981
LG14	6279593	14	4.685	31.517
LG14	6281372	14	4.685	31.517
LG14	6312391	14	4.685	31.517
LG14	6371916	14	4.685	31.624
LG14	6371924	14	4.792	31.731
LG14	6432090	14	4.792	31.837
LG14	6481948	14	4.792	31.837
LG14	6507408	14	4.792	32.481
LG14	6509940	14	4.792	32.481
LG14	6595253	14	4.792	32.481
LG14	6646980	14	4.898	32.802
LG14	6737406	14	5.005	32.802
LG14	6758715	14	5.005	32.909
LG14	6758727	14	5.005	32.909
LG14	6759928	14	5.005	33.122
LG14	6796778	14	5.005	33.122
LG14	6796784	14	5.005	33.336
LG14	6799582	14	5.005	33.336
LG14	6820680	14	5.005	33.336
LG14	6820739	14	5.005	33.336
LG14	6826495	14	5.005	33.336
LG14	6828470	14	5.005	33.336
LG14	6828480	14	5.005	33.443
LG14	6828482	14	5.005	33.443
LG14	6861082	14	5.112	33.443
LG14	6879866	14	5.112	33.549
LG14	7023399	14	5.112	33.656
LG14	7089773	14	5.219	33.763
LG14	7124095	14	5.219	33.763
LG14	7134623	14	5.325	33.763
LG14	7149991	14	5.325	33.763
LG14	7150159	14	5.432	33.763
LG14	7172488	14	5.432	33.763
LG14	7193039	14	5.432	33.763
LG14	7214111	14	5.432	33.870
LG14	7214125	14	5.432	33.870
LG14	7271296	14	5.432	33.976
LG14	7271316	14	5.432	33.976
LG14	7271334	14	5.432	33.976
LG14	7306998	14	5.432	34.083
LG14	7323481	14	5.432	34.083
LG14	7323522	14	5.432	34.297
LG14	7337312	14	5.432	34.297
LG14	7337324	14	5.539	34.297
LG14	7367155	14	5.539	34.297
LG14	7367184	14	5.539	34.297
LG14	7390747	14	5.645	34.297
LG14	7399335	14	5.645	34.297
LG14	7403567	14	5.752	34.404
LG14	7451322	14	5.752	34.404
LG14	7483516	14	5.859	34.510
LG14	7528046	14	5.859	34.510
LG14	7528098	14	5.859	34.510
LG14	7546022	14	5.966	34.617
LG14	7553752	14	5.966	34.617
LG14	7595352	14	5.966	34.724
LG14	7595354	14	5.966	34.724
LG14	7612260	14	5.966	34.724
LG14	7707100	14	6.072	34.830
LG14	7739894	14	6.179	35.044
LG14	7744839	14	6.286	35.151
LG14	7786750	14	6.393	35.258
LG14	7849765	14	6.393	35.258
LG14	7856870	14	6.393	35.258
LG14	7858001	14	6.393	35.258
LG14	7862726	14	6.393	35.258
LG14	7863631	14	6.499	35.364
LG14	7878286	14	6.499	35.578
LG14	7878538	14	6.499	35.578
LG14	7878578	14	6.499	35.578
LG14	7900343	14	6.499	35.578
LG14	7916300	14	6.499	35.578
LG14	7916302	14	6.499	35.578
LG14	7916307	14	6.499	36.438
LG14	7929124	14	6.499	36.545
LG14	7934683	14	6.606	36.652
LG14	7977874	14	6.713	36.758
LG14	8182136	14	6.819	36.972
LG14	8200122	14	6.819	36.972
LG14	8273032	14	7.033	37.293
LG14	8348638	14	7.247	37.614
LG14	8387254	14	7.247	37.614
LG14	8453071	14	7.247	37.720
LG14	8484706	14	7.247	37.827
LG14	8488397	14	7.247	37.827
LG14	8511238	14	7.247	37.827
LG14	8526983	14	7.247	37.827
LG14	8564560	14	7.247	37.934
LG14	8577933	14	7.247	37.934
LG14	8637180	14	7.247	38.041
LG14	8638131	14	7.247	38.041
LG14	8638717	14	7.354	38.147
LG14	8638760	14	7.354	38.254
LG14	8660006	14	7.354	38.254
LG14	8673668	14	7.460	38.254
LG14	8721798	14	7.460	38.254
LG14	8796228	14	7.674	38.468
LG14	8796258	14	7.781	38.574
LG14	8796270	14	7.887	38.681
LG14	8796271	14	7.887	38.681
LG14	8823088	14	8.101	38.788
LG14	8823098	14	8.208	39.002
LG14	8873900	14	8.421	39.430
LG14	8894629	14	8.421	39.537
LG14	8894663	14	8.528	39.537
LG14	8919193	14	8.635	39.537
LG14	8960389	14	8.742	39.537
LG14	8988958	14	8.742	39.965
LG14	8992643	14	8.742	40.072
LG14	8992644	14	8.742	40.072
LG14	8997765	14	8.742	40.178
LG14	9053696	14	8.848	40.285
LG14	9073064	14	9.062	40.392
LG14	9078777	14	9.062	40.392
LG14	9119482	14	9.062	40.392
LG14	9128801	14	9.062	40.498
LG14	9140471	14	9.169	40.605
LG14	9146964	14	9.275	40.605
LG14	9146966	14	9.275	40.605
LG14	9159972	14	9.275	40.819
LG14	9159980	14	9.275	40.819
LG14	9172034	14	9.275	40.819
LG14	9219402	14	9.275	40.926
LG14	9236791	14	9.382	41.032
LG14	9297666	14	9.382	41.032
LG14	9306063	14	9.382	41.032
LG14	9338052	14	9.382	41.139
LG14	9338067	14	9.382	41.139
LG14	9338068	14	9.489	41.139
LG14	9338468	14	9.489	41.246
LG14	9385792	14	9.489	41.352
LG14	9386003	14	9.489	41.459
LG14	9406488	14	9.596	41.887
LG14	9460299	14	9.702	42.101
LG14	9507886	14	9.702	42.101
LG14	9507899	14	9.702	42.208
LG14	9509093	14	9.702	42.315
LG14	9518565	14	9.702	42.421
LG14	9518566	14	9.702	42.421
LG14	9528217	14	9.702	42.421
LG14	9529556	14	9.702	42.421
LG14	9533720	14	9.702	42.421
LG14	9537033	14	9.702	42.421
LG14	9540180	14	9.809	42.635
LG14	9587906	14	9.916	42.635
LG14	9672428	14	9.916	42.742
LG14	9675892	14	9.916	42.742
LG14	9675898	14	10.023	42.848
LG14	9686678	14	10.023	42.848
LG14	9721368	14	10.129	42.848
LG14	9723232	14	10.343	42.955
LG14	9723234	14	10.343	42.955
LG14	9739090	14	10.343	42.955
LG14	9748782	14	10.343	43.062
LG14	9772327	14	10.987	43.383
LG14	9772332	14	10.987	43.383
LG14	9798861	14	10.987	43.596
LG14	9798867	14	10.987	43.596
LG14	9802215	14	10.987	43.596
LG14	9847680	14	10.987	43.596
LG14	9893651	14	11.093	43.596
LG14	9912493	14	11.093	43.703
LG14	9935008	14	11.093	43.917
LG14	9935014	14	11.093	44.024
LG14	9947133	14	11.093	44.237
LG14	9947332	14	11.307	44.665
LG14	9984852	14	11.307	44.879
LG14	10010879	14	11.414	45.093
LG14	10032706	14	11.414	45.093
LG14	10032707	14	11.521	45.093
LG14	10039003	14	11.521	45.200
LG14	10053050	14	11.521	45.413
LG14	10080446	14	11.734	45.520
LG14	10140328	14	12.594	45.948
LG14	10140548	14	12.594	46.055
LG14	10178547	14	12.701	46.162
LG14	10205348	14	12.808	46.483
LG14	10205376	14	12.808	46.483
LG14	10265589	14	13.022	46.589
LG14	10284925	14	13.022	46.696
LG14	10326740	14	13.235	47.017
LG14	10326743	14	13.235	47.017
LG14	10326745	14	13.235	47.017
LG14	10364727	14	13.235	47.338
LG14	10365009	14	13.235	47.444
LG14	10433851	14	13.342	47.551
LG14	10511018	14	13.556	47.979
LG14	10516648	14	13.556	48.086
LG14	10516654	14	13.662	48.300
LG14	10538402	14	13.662	48.513
LG14	10590313	14	13.662	49.157
LG14	10590314	14	13.662	49.157
LG14	10590328	14	13.662	49.264
LG14	10796415	14	13.769	49.371
LG14	10803154	14	13.769	49.692
LG14	10843046	14	13.876	50.012
LG14	10854949	14	13.876	50.012
LG14	10854951	14	13.876	50.119
LG14	10870743	14	13.983	50.119
LG14	10870756	14	13.983	50.119
LG14	10893922	14	14.196	50.226
LG14	10933594	14	14.196	50.226
LG14	10934859	14	14.196	50.226
LG14	10934912	14	14.196	50.333
LG14	10939818	14	14.303	50.546
LG14	10939820	14	14.303	50.546
LG14	10939829	14	14.303	50.546
LG14	10939831	14	14.303	50.653
LG14	10956793	14	14.410	50.867
LG14	10957712	14	14.410	50.973
LG14	10957725	14	14.623	50.973
LG14	10966296	14	14.623	50.973
LG14	11023178	14	14.837	51.080
LG14	11059873	14	14.837	51.187
LG14	11075498	14	14.944	51.187
LG14	11075547	14	15.157	51.294
LG14	11108980	14	15.157	51.400
LG14	11124292	14	15.264	51.507
LG14	11126485	14	15.371	51.828
LG14	11139241	14	15.371	51.828
LG14	11162831	14	15.478	51.935
LG14	11175096	14	15.478	52.041
LG14	11175138	14	15.584	52.362
LG14	11175153	14	15.691	52.576
LG14	11175164	14	15.691	52.576
LG14	11211646	14	16.012	53.220
LG14	11212674	14	16.440	53.326
LG14	11236388	14	16.654	53.540
LG14	11259641	14	16.761	53.540
LG14	11269941	14	16.761	53.754
LG14	11280575	14	16.974	53.754
LG14	11294797	14	16.974	53.754
LG14	11294822	14	17.295	53.860
LG14	11336726	14	17.402	53.967
LG14	11336730	14	17.402	53.967
LG14	11336734	14	17.509	53.967
LG14	11336736	14	17.615	54.181
LG14	11336738	14	17.722	54.181
LG14	11381068	14	17.829	54.609
LG14	11381069	14	17.829	54.609
LG14	11415168	14	18.150	55.037
LG14	11415186	14	18.256	55.144
LG14	11425953	14	18.363	55.465
LG14	11425989	14	19.115	55.679
LG14	11425999	14	19.329	55.679
LG14	11567466	14	19.864	55.999
LG14	11602177	14	19.971	56.320
LG14	11602192	14	19.971	56.320
LG14	11602207	14	20.078	56.320
LG14	11634552	14	20.506	56.641
LG14	11673740	14	20.827	56.962
LG14	11701337	14	20.827	57.283
LG14	11771202	14	21.579	57.819
LG14	11785184	14	21.686	57.819
LG14	11837023	14	21.686	57.926
LG14	11841734	14	21.686	58.139
LG14	11841789	14	21.686	58.246
LG14	11911496	14	22.007	58.567
LG14	11930335	14	22.007	58.567
LG14	11953743	14	22.113	58.674
LG14	11971234	14	22.113	58.674
LG14	11991735	14	22.220	58.994
LG14	12026331	14	22.434	59.208
LG14	12031517	14	22.540	59.315
LG14	12046845	14	22.540	59.422
LG14	12046858	14	22.540	59.422
LG14	12048497	14	22.540	59.422
LG14	12050681	14	22.540	59.422
LG14	12077457	14	22.647	59.528
LG14	12080557	14	22.647	59.528
LG14	12086300	14	22.647	59.742
LG14	12086330	14	22.647	59.742
LG14	12086468	14	22.647	59.742
LG14	12093249	14	22.647	59.956
LG14	12093306	14	22.647	59.956
LG14	12104450	14	22.754	60.169
LG14	12104468	14	22.754	60.169
LG14	12116925	14	22.968	60.705
LG14	12169394	14	23.396	60.919
LG14	12191138	14	23.824	61.133
LG14	12195578	14	23.824	61.346
LG14	12196354	14	23.824	61.453
LG14	12196357	14	23.824	61.453
LG14	12196449	14	23.824	61.560
LG14	12196478	14	23.824	61.666
LG14	12208508	14	24.252	61.666
LG14	12224553	14	24.252	61.880
LG14	12257161	14	24.466	62.094
LG14	12257771	14	24.466	62.200
LG14	12273955	14	24.466	62.307
LG14	12277349	14	24.466	62.414
LG14	12277416	14	24.466	62.521
LG14	12277438	14	24.680	62.734
LG14	12277738	14	24.680	62.841
LG14	12282685	14	24.680	62.948
LG14	12286352	14	24.680	62.948
LG14	12292080	14	24.680	62.948
LG14	12334857	14	24.680	63.054
LG14	12345462	14	24.680	63.054
LG14	12360634	14	25.108	63.161
LG14	12360686	14	25.108	63.268
LG14	12397640	14	25.322	63.696
LG14	12439965	14	25.535	63.910
LG14	12446845	14	25.642	64.017
LG14	12449543	14	25.642	64.017
LG14	12455122	14	25.642	64.017
LG14	12471268	14	25.642	64.017
LG14	12527753	14	25.642	64.017
LG14	12567390	14	25.856	64.230
LG14	12567609	14	25.856	64.230
LG14	12578652	14	26.177	64.230
LG14	12585482	14	26.177	64.444
LG14	12587203	14	26.283	64.444
LG14	12587216	14	26.283	64.444
LG14	12607564	14	26.283	64.444
LG14	12607577	14	26.283	64.551
LG14	12642279	14	26.390	64.979
LG14	12642508	14	26.497	64.979
LG14	12674053	14	26.710	65.086
LG14	12674081	14	26.710	65.086
LG14	12674973	14	26.924	65.299
LG14	12678811	14	26.924	65.406
LG14	12710831	14	27.031	65.620
LG14	12715560	14	27.031	65.620
LG14	12715569	14	27.031	65.620
LG14	12719964	14	27.031	65.620
LG14	12720011	14	27.031	65.620
LG14	12722132	14	27.352	66.372
LG14	12761156	14	27.458	66.478
LG14	12761171	14	27.458	66.478
LG14	12763382	14	27.565	66.585
LG14	12784745	14	28.101	66.585
LG14	12804130	14	28.101	66.799
LG14	12804135	14	28.208	66.905
LG14	12849937	14	28.314	67.012
LG14	12849948	14	28.421	67.119
LG14	12871842	14	28.635	67.226
LG14	12880695	14	28.742	67.332
LG14	12880819	14	28.742	67.332
LG14	12880869	14	28.742	67.439
LG14	12880877	14	28.742	67.439
LG14	12886607	14	28.848	67.439
LG14	12886634	14	28.955	67.546
LG14	12894698	14	29.169	67.653
LG14	12912478	14	29.275	67.973
LG14	12915984	14	29.382	67.973
LG14	12966674	14	29.489	68.294
LG14	12969897	14	29.489	68.294
LG14	12977265	14	29.703	68.508
LG14	12977667	14	29.703	68.508
LG14	12977692	14	29.703	68.508
LG14	12979894	14	29.809	68.615
LG14	12981325	14	29.809	68.721
LG14	12981344	14	29.809	69.042
LG14	12994644	14	30.130	69.149
LG14	12994645	14	30.130	69.363
LG14	12994667	14	30.344	69.469
LG14	12994673	14	30.344	69.469
LG14	13088686	14	30.772	70.113
LG14	13088694	14	30.772	70.113
LG14	13088703	14	30.772	70.220
LG14	13094089	14	30.772	70.220
LG14	13106869	14	31.093	70.220
LG14	13108669	14	31.093	70.327
LG14	13127480	14	31.200	70.433
LG14	13137697	14	31.200	70.540
LG14	13137815	14	31.200	70.540
LG14	13137823	14	31.306	70.647
LG14	13137827	14	31.306	70.647
LG14	13137837	14	31.413	70.753
LG14	13150986	14	31.734	71.074
LG14	13179140	14	32.594	71.395
LG14	13191791	14	32.594	71.395
LG14	13191803	14	32.594	71.502
LG14	13191813	14	32.594	71.502
LG14	13191814	14	32.594	71.609
LG14	13207460	14	33.238	71.929
LG14	13242067	14	33.238	72.143
LG14	13242089	14	33.238	72.464
LG14	13252521	14	33.238	72.571
LG14	13257076	14	33.452	72.677
LG14	13257103	14	33.452	72.998
LG14	13260120	14	33.665	72.998
LG14	13288020	14	33.879	72.998
LG14	13297248	14	34.415	73.319
LG14	13303236	14	34.736	73.640
LG14	13306700	14	34.842	73.747
LG14	13341075	14	34.842	73.960
LG14	13411443	14	34.949	74.067
LG14	13411447	14	34.949	74.067
LG14	13413129	14	34.949	74.174
LG14	13413167	14	34.949	74.174
LG14	13413168	14	34.949	74.174
LG14	13417782	14	34.949	74.174
LG14	13418570	14	34.949	74.281
LG14	13423976	14	35.056	74.387
LG14	13423981	14	35.056	74.387
LG14	13427190	14	35.056	74.708
LG14	13427203	14	35.163	74.815
LG14	13427619	14	35.269	74.815
LG14	13438169	14	35.269	74.922
LG14	13438193	14	35.269	75.028
LG14	13438194	14	35.269	75.028
LG14	13438395	14	35.269	75.135
LG14	13468843	14	35.698	75.456
LG14	13497857	14	35.698	75.456
LG14	13512458	14	35.911	75.456
LG14	13512460	14	35.911	75.456
LG14	13519647	14	35.911	75.456
LG14	13522174	14	36.125	75.456
LG14	13522209	14	36.125	75.563
LG14	13524542	14	36.125	75.669
LG14	13528315	14	36.125	75.776
LG14	13542171	14	36.125	75.883
LG14	13542179	14	36.125	75.883
LG14	13542182	14	36.125	75.883
LG14	13557202	14	36.232	75.883
LG14	13581648	14	36.232	75.990
LG14	13581649	14	36.232	75.990
LG14	13581677	14	36.338	76.096
LG14	13590299	14	36.552	76.417
LG14	13601361	14	36.659	76.417
LG14	13609259	14	36.766	76.524
LG14	13609272	14	36.872	76.631
LG14	13610581	14	36.979	76.737
LG14	13610590	14	36.979	76.737
LG14	13610606	14	36.979	76.737
LG14	13620838	14	36.979	77.058
LG14	13620884	14	37.086	77.058
LG14	13624869	14	37.086	77.165
LG14	13626800	14	37.086	77.379
LG14	13626801	14	37.086	77.485
LG14	13636928	14	37.192	77.485
LG14	13636929	14	37.192	77.485
LG14	13658338	14	37.192	77.485
LG14	13661295	14	37.192	77.592
LG14	13661307	14	37.192	77.592
LG14	13669945	14	37.299	77.699
LG14	13676574	14	37.299	77.805
LG14	13676580	14	37.299	77.805
LG14	13679677	14	37.406	77.912
LG14	13680372	14	37.406	78.019
LG14	13729091	14	37.727	78.233
LG14	13729339	14	37.940	78.233
LG14	13729370	14	37.940	78.233
LG14	13729531	14	37.940	78.233
LG14	13729614	14	37.940	78.233
LG14	13733127	14	38.154	78.661
LG14	13764662	14	38.154	78.661
LG14	13774257	14	38.154	78.768
LG14	13774269	14	38.154	78.768
LG14	13774303	14	38.154	78.768
LG14	13778635	14	38.261	78.768
LG14	13783974	14	38.368	78.768
LG14	13794804	14	38.474	78.874
LG14	13794826	14	38.474	78.874
LG14	13804382	14	38.474	78.874
LG14	13806139	14	38.474	79.088
LG14	13806157	14	38.581	79.088
LG14	13818380	14	38.688	79.088
LG14	13818385	14	38.688	79.088
LG14	13835627	14	38.901	79.302
LG14	13845933	14	39.008	79.515
LG14	13845978	14	39.008	79.515
LG14	13853806	14	39.222	79.515
LG14	13853813	14	39.222	79.515
LG14	13870165	14	39.222	79.729
LG14	13871754	14	39.435	79.836
LG14	13871784	14	39.435	79.836
LG14	13871785	14	39.435	79.836
LG14	13897855	14	39.649	80.264
LG14	13913634	14	39.756	80.478
LG14	13916850	14	40.077	80.478
LG14	13916853	14	40.398	80.584
LG14	13916887	14	40.398	80.584
LG14	13940966	14	40.611	80.584
LG14	13949607	14	40.718	80.584
LG14	13953395	14	40.718	80.584
LG14	13967020	14	40.825	80.691
LG14	13981974	14	41.146	80.905
LG14	13999534	14	41.252	81.012
LG14	14019996	14	41.252	81.012
LG14	14036644	14	41.359	81.012
LG14	14036659	14	41.359	81.012
LG14	14048956	14	41.573	81.118
LG14	14048958	14	41.786	81.332
LG14	14054871	14	41.786	81.439
LG14	14064349	14	42.215	81.759
LG14	14064370	14	42.321	81.866
LG14	14069177	14	42.750	82.187
LG14	14069183	14	42.750	82.187
LG14	14125627	14	42.750	82.294
LG14	14125643	14	42.856	82.294
LG14	14125650	14	42.856	82.294
LG14	14125663	14	42.856	82.401
LG14	14125664	14	42.856	82.401
LG14	14126676	14	42.856	82.507
LG14	14138771	14	42.963	82.828
LG14	14138790	14	42.963	83.042
LG14	14138808	14	42.963	83.042
LG14	14141007	14	43.070	83.255
LG14	14141020	14	43.177	83.255
LG14	14141034	14	43.605	83.255
LG14	14164082	14	43.605	83.255
LG14	14164096	14	43.712	83.362
LG14	14179058	14	43.818	83.362
LG14	14186647	14	43.818	83.898
LG14	14227509	14	43.925	84.005
LG14	14229932	14	44.139	84.005
LG14	14242059	14	44.245	84.005
LG14	14275450	14	44.245	84.005
LG14	14284005	14	44.674	84.218
LG14	14284010	14	44.674	84.218
LG14	14284012	14	45.102	84.432
LG14	14306470	14	45.209	84.432
LG14	14330766	14	45.315	84.539
LG14	14334163	14	45.744	84.539
LG14	14334193	14	45.744	84.539
LG14	14336812	14	45.744	84.539
LG14	14336823	14	45.744	84.539
LG14	14339633	14	46.064	84.539
LG14	14343400	14	46.064	84.646
LG14	14384346	14	46.385	84.646
LG14	14384384	14	46.385	84.646
LG14	14390465	14	46.385	84.859
LG14	14412224	14	46.706	84.966
LG14	14412226	14	46.706	84.966
LG14	14420380	14	46.706	84.966
LG14	14424657	14	46.920	85.180
LG14	14433392	14	47.027	85.180
LG14	14443840	14	47.027	85.180
LG14	14449211	14	47.133	85.180
LG14	14449214	14	47.240	85.286
LG14	14459432	14	47.347	85.393
LG14	14493029	14	47.453	85.393
LG14	14493032	14	47.560	85.500
LG14	14493070	14	47.667	85.714
LG14	14493112	14	47.988	85.714
LG14	14523746	14	47.988	85.714
LG14	14545477	14	48.201	85.714
LG14	14549124	14	48.201	85.714
LG14	14549125	14	48.201	85.714
LG14	14575572	14	48.522	85.927
LG14	14622852	14	49.058	86.355
LG14	14636841	14	49.058	86.355
LG14	14636842	14	49.058	86.355
LG14	14647063	14	49.165	86.355
LG14	14658745	14	49.272	86.355
LG14	14660000	14	49.378	86.355
LG14	14660003	14	49.378	86.355
LG14	14663602	14	49.378	86.355
LG14	14673745	14	49.378	86.355
LG14	14673776	14	49.378	86.355
LG14	14677706	14	49.378	86.462
LG14	14677730	14	49.378	86.462
LG14	14678160	14	49.378	86.462
LG14	14679852	14	49.378	86.569
LG14	14689803	14	49.592	86.569
LG14	14722804	14	49.592	86.676
LG14	14729867	14	49.699	86.676
LG14	14740695	14	49.806	86.676
LG14	14741937	14	49.806	86.889
LG14	14741939	14	49.806	86.889
LG14	14754386	14	49.912	86.889
LG14	14757653	14	49.912	86.996
LG14	14791783	14	50.448	87.317
LG14	14800410	14	50.448	87.424
LG14	14800437	14	50.448	87.424
LG14	14800448	14	50.448	87.424
LG14	14852411	14	50.662	87.424
LG14	14852429	14	50.662	87.424
LG14	14862597	14	50.662	87.424
LG14	14874068	14	50.662	87.424
LG14	14874088	14	50.662	87.424
LG14	14890846	14	50.769	87.530
LG14	14890861	14	50.875	87.530
LG14	14894701	14	50.875	87.530
LG14	14937773	14	50.982	87.530
LG14	14938487	14	50.982	87.530
LG14	14938508	14	50.982	87.530
LG14	14938532	14	50.982	87.530
LG14	14950516	14	51.089	87.637
LG14	14950677	14	51.089	87.637
LG14	14950712	14	51.302	87.637
LG14	14952439	14	51.623	87.958
LG14	14974658	14	51.623	87.958
LG14	14975448	14	51.623	87.958
LG14	14983759	14	51.623	88.065
LG14	14983761	14	51.623	88.065
LG14	15006009	14	51.730	88.065
LG14	15006011	14	51.730	88.065
LG14	15006017	14	51.730	88.065
LG14	15006023	14	51.730	88.065
LG14	15006025	14	52.158	88.171
LG14	15037488	14	52.265	88.171
LG14	15058458	14	52.265	88.171
LG14	15058479	14	52.372	88.171
LG14	15060116	14	52.372	88.171
LG14	15060152	14	52.372	88.171
LG14	15060188	14	52.372	88.171
LG14	15060209	14	52.693	88.385
LG14	15063163	14	52.693	88.385
LG14	15063204	14	52.693	88.385
LG14	15163636	14	52.799	88.385
LG14	15191229	14	52.799	88.385
LG14	15216672	14	53.013	88.492
LG14	15238936	14	53.013	88.492
LG14	15238955	14	53.013	88.492
LG14	15268419	14	53.013	88.492
LG14	15268430	14	53.013	88.492
LG14	15268438	14	53.013	88.492
LG14	15268539	14	53.013	88.492
LG14	15269084	14	53.013	88.492
LG14	15269730	14	53.013	88.492
LG14	15269756	14	53.013	88.492
LG14	15273138	14	53.013	88.492
LG14	15276491	14	53.120	88.492
LG14	15286089	14	53.120	88.492
LG14	15286646	14	53.226	88.492
LG14	15294648	14	53.226	88.492
LG14	15294659	14	53.226	88.492
LG14	15313760	14	53.333	88.492
LG14	15318719	14	53.333	88.492
LG14	15321902	14	53.333	88.492
LG14	15354925	14	53.333	88.492
LG14	15354970	14	53.333	88.492
LG14	15357513	14	53.333	88.492
LG14	15358836	14	53.333	88.492
LG14	15358842	14	53.333	88.492
LG14	15364831	14	53.333	88.492
LG14	15364845	14	53.333	88.492
LG14	15368324	14	53.440	88.492
LG14	15368327	14	53.440	88.492
LG14	15381948	14	53.440	88.492
LG14	15392862	14	53.440	88.492
LG14	15396001	14	53.440	88.492
LG14	15422183	14	53.440	88.492
LG14	15430944	14	53.440	88.492
LG14	15430945	14	53.440	88.492
LG14	15445523	14	53.547	88.492
LG14	15474850	14	53.547	88.492
LG14	15483697	14	53.547	88.492
LG14	15484627	14	53.547	88.492
LG14	15484635	14	53.547	88.492
LG14	15485635	14	53.547	88.492
LG14	15485714	14	53.547	88.492
LG14	15494417	14	53.547	88.492
LG14	15494429	14	53.547	88.492
LG14	15502719	14	53.547	88.492
LG14	15502725	14	53.547	88.492
LG14	15502735	14	53.547	88.492
LG14	15502880	14	53.653	88.492
LG14	15518131	14	53.760	88.492
LG14	15535226	14	53.760	88.492
LG14	15538656	14	53.760	88.492
LG14	15546354	14	53.760	88.492
LG14	15561884	14	53.760	88.492
LG14	15567626	14	53.760	88.492
LG14	15581058	14	53.867	88.492
LG14	15581097	14	53.867	88.492
LG14	15582741	14	53.867	88.492
LG14	15582759	14	53.867	88.492
LG14	15582766	14	53.867	88.492
LG14	15590527	14	53.867	88.492
LG14	15606348	14	53.867	88.492
LG14	15647435	14	53.867	88.492
LG14	15647459	14	53.867	88.492
LG14	15667154	14	53.867	88.492
LG14	15675689	14	53.867	88.492
LG14	15677234	14	53.867	88.492
LG14	15688552	14	53.867	88.492
LG14	15703492	14	53.867	88.492
LG14	15704850	14	53.867	88.492
LG14	15720506	14	53.867	88.492
LG14	15720535	14	53.867	88.492
LG14	15733428	14	53.867	88.492
LG14	15733443	14	53.867	88.492
LG14	15756533	14	53.867	88.492
LG14	15779074	14	53.867	88.492
LG14	15818699	14	53.867	88.492
LG14	15837852	14	53.867	88.598
LG14	15838619	14	53.867	88.598
LG14	15838640	14	53.867	88.598
LG14	15838650	14	53.867	88.598
LG14	15838669	14	53.867	88.598
LG14	15856987	14	53.867	88.598
LG14	15869849	14	53.973	88.598
LG14	15916046	14	53.973	88.705
LG14	15917673	14	54.402	88.705
LG14	15946600	14	54.402	88.705
LG14	15946601	14	54.402	88.705
LG14	15974982	14	54.402	88.705
LG14	15975500	14	54.402	88.705
LG14	16004454	14	54.511	88.705
LG14	16004475	14	54.728	88.705
LG14	16011031	14	54.946	88.923
LG14	16011070	14	55.055	88.923
LG14	16044988	14	55.055	89.032
LG14	16045008	14	55.055	89.141
LG14	16069768	14	55.171	89.141
LG14	16069789	14	55.171	89.141
LG14	16070044	14	55.171	89.141
LG14	16070084	14	55.292	89.252
LG14	16070105	14	55.414	89.252
LG14	16070117	14	55.414	89.365
LG14	16072658	14	55.414	89.365
LG14	16114629	14	55.557	89.365
LG14	16127571	14	55.557	89.365
LG14	16127574	14	55.557	89.365
LG14	16244389	14	55.557	89.365
LG15	27804	15	0.000	0.000
LG15	278178	15	0.384	0.000
LG15	293120	15	0.384	0.000
LG15	357740	15	0.384	0.000
LG15	358957	15	1.289	1.301
LG15	359030	15	1.561	1.301
LG15	359048	15	1.561	1.301
LG15	359049	15	1.561	1.301
LG15	359050	15	1.561	1.301
LG15	387899	15	1.561	1.699
LG15	388046	15	1.561	1.699
LG15	388072	15	1.561	1.699
LG15	449754	15	1.561	1.699
LG15	525354	15	1.561	1.699
LG15	529539	15	1.561	1.699
LG15	548061	15	1.561	1.699
LG15	548064	15	1.561	1.699
LG15	565446	15	1.669	1.699
LG15	577299	15	1.669	1.699
LG15	581184	15	1.669	1.699
LG15	581664	15	1.776	1.699
LG15	581932	15	1.776	1.699
LG15	697154	15	1.776	1.699
LG15	739414	15	1.776	1.806
LG15	788364	15	1.990	1.806
LG15	813003	15	2.097	1.806
LG15	861365	15	2.097	1.806
LG15	861372	15	2.097	1.806
LG15	861374	15	2.097	1.806
LG15	867975	15	2.097	1.806
LG15	942547	15	2.097	1.913
LG15	954386	15	2.097	1.913
LG15	954402	15	2.097	1.913
LG15	979596	15	2.097	1.913
LG15	979607	15	2.097	1.913
LG15	985789	15	2.097	2.019
LG15	985834	15	2.525	2.126
LG15	1088664	15	2.632	2.126
LG15	1099539	15	2.952	2.126
LG15	1204218	15	3.596	2.233
LG15	1205988	15	3.596	2.233
LG15	1210735	15	3.703	2.233
LG15	1216430	15	3.703	2.233
LG15	1278309	15	3.810	2.340
LG15	1281808	15	3.810	2.340
LG15	1298282	15	3.810	2.340
LG15	1301789	15	3.810	2.340
LG15	1302496	15	3.810	2.340
LG15	1303488	15	3.810	2.340
LG15	1303518	15	3.810	2.340
LG15	1304435	15	3.810	2.340
LG15	1304482	15	3.810	2.446
LG15	1315790	15	3.810	2.446
LG15	1315793	15	3.810	2.446
LG15	1317200	15	3.810	2.446
LG15	1319181	15	3.810	2.446
LG15	1319194	15	3.810	2.446
LG15	1322207	15	3.810	2.446
LG15	1338913	15	3.810	2.446
LG15	1343769	15	3.810	2.446
LG15	1343793	15	3.810	2.446
LG15	1343820	15	3.810	2.446
LG15	1343822	15	3.810	2.553
LG15	1353959	15	3.916	2.553
LG15	1367378	15	4.023	2.660
LG15	1371297	15	4.023	2.766
LG15	1383984	15	4.023	2.766
LG15	1391315	15	4.023	2.980
LG15	1423981	15	4.344	3.087
LG15	1425664	15	4.344	3.194
LG15	1425694	15	4.451	3.194
LG15	1425698	15	4.557	3.194
LG15	1425710	15	4.557	3.194
LG15	1425711	15	4.557	3.194
LG15	1431317	15	4.664	3.194
LG15	1435536	15	4.664	3.194
LG15	1435560	15	4.664	3.194
LG15	1458960	15	4.771	3.194
LG15	1459007	15	4.771	3.194
LG15	1459008	15	4.771	3.194
LG15	1472593	15	4.771	3.194
LG15	1474680	15	4.771	3.194
LG15	1474688	15	4.878	3.194
LG15	1474708	15	4.878	3.194
LG15	1477589	15	4.878	3.194
LG15	1477596	15	4.878	3.194
LG15	1486576	15	4.984	3.194
LG15	1486579	15	4.984	3.194
LG15	1486597	15	4.984	3.194
LG15	1486623	15	5.091	3.194
LG15	1643987	15	5.091	3.300
LG15	1644001	15	5.198	3.300
LG15	1681045	15	5.198	3.300
LG15	1705605	15	5.411	3.514
LG15	1708294	15	5.411	3.514
LG15	1725004	15	5.411	3.621
LG15	1742815	15	5.518	3.727
LG15	1750920	15	5.625	3.941
LG15	1752795	15	5.625	3.941
LG15	1776635	15	5.946	4.048
LG15	1776654	15	5.946	4.048
LG15	1780023	15	6.052	4.048
LG15	1780053	15	6.052	4.048
LG15	1780068	15	6.159	4.048
LG15	1780532	15	6.159	4.048
LG15	1797601	15	6.266	4.048
LG15	1797709	15	6.266	4.048
LG15	1808388	15	6.266	4.048
LG15	1812403	15	6.266	4.048
LG15	1814731	15	6.373	4.048
LG15	1818272	15	6.373	4.155
LG15	1818289	15	6.373	4.261
LG15	1818291	15	6.373	4.261
LG15	1818292	15	6.373	4.261
LG15	1825621	15	6.586	4.261
LG15	1862054	15	6.693	4.368
LG15	1863245	15	6.693	4.368
LG15	1900287	15	6.693	4.368
LG15	1900324	15	6.693	4.368
LG15	1913782	15	6.907	4.368
LG15	1913807	15	6.907	4.368
LG15	1913838	15	6.907	4.368
LG15	1915166	15	7.013	4.475
LG15	1915178	15	7.013	4.581
LG15	1916356	15	7.013	4.581
LG15	1916362	15	7.013	4.581
LG15	1919878	15	7.442	4.581
LG15	1919886	15	7.442	4.581
LG15	1934437	15	7.548	4.581
LG15	1944743	15	7.655	4.581
LG15	1967936	15	7.655	4.581
LG15	1967954	15	7.655	4.688
LG15	1980174	15	7.655	4.688
LG15	1980183	15	7.655	4.688
LG15	1980265	15	7.655	4.688
LG15	1982736	15	7.655	4.795
LG15	1986595	15	7.655	5.009
LG15	1992462	15	7.655	5.009
LG15	1997196	15	7.869	5.329
LG15	1997202	15	7.976	5.329
LG15	1997206	15	7.976	5.329
LG15	2029526	15	8.082	5.329
LG15	2029532	15	8.082	5.329
LG15	2029535	15	8.082	5.329
LG15	2062423	15	8.082	5.329
LG15	2064698	15	8.082	5.436
LG15	2065182	15	8.403	5.436
LG15	2077995	15	8.403	5.436
LG15	2087023	15	8.403	5.436
LG15	2096710	15	8.403	5.436
LG15	2098957	15	8.939	5.650
LG15	2098991	15	9.046	5.757
LG15	2177979	15	9.152	5.970
LG15	2185096	15	9.152	6.291
LG15	2215315	15	9.259	6.291
LG15	2239199	15	9.366	6.291
LG15	2250056	15	9.366	6.398
LG15	2269468	15	9.580	6.398
LG15	2269507	15	9.580	6.398
LG15	2284526	15	9.580	6.611
LG15	2284536	15	9.580	6.611
LG15	2288409	15	9.686	6.718
LG15	2288448	15	9.686	6.718
LG15	2288461	15	9.686	6.718
LG15	2289801	15	9.686	6.718
LG15	2302615	15	9.686	6.718
LG15	2316032	15	9.686	6.718
LG15	2316623	15	9.793	6.718
LG15	2342567	15	9.793	6.718
LG15	2342604	15	9.793	6.718
LG15	2343786	15	9.793	6.718
LG15	2344325	15	9.793	6.718
LG15	2345663	15	9.793	6.718
LG15	2345688	15	9.793	6.718
LG15	2349465	15	9.793	6.932
LG15	2349466	15	9.793	6.932
LG15	2351771	15	9.793	7.146
LG15	2361501	15	9.793	7.252
LG15	2387887	15	10.329	7.359
LG15	2388009	15	10.543	7.359
LG15	2408804	15	10.649	8.003
LG15	2408870	15	10.863	8.003
LG15	2428527	15	11.399	8.431
LG15	2479404	15	11.506	8.431
LG15	2498283	15	11.612	8.645
LG15	2498306	15	11.933	8.751
LG15	2530097	15	11.933	8.751
LG15	2553519	15	12.040	8.751
LG15	2554102	15	12.040	8.751
LG15	2554103	15	12.040	8.751
LG15	2554132	15	12.147	8.965
LG15	2559923	15	12.147	9.072
LG15	2574945	15	12.253	9.072
LG15	2590281	15	12.253	9.072
LG15	2590303	15	12.253	9.072
LG15	2590717	15	12.253	9.072
LG15	2596666	15	12.253	9.286
LG15	2605119	15	12.360	9.286
LG15	2605436	15	12.360	9.286
LG15	2607509	15	12.360	9.286
LG15	2610803	15	12.467	9.392
LG15	2614442	15	12.574	9.392
LG15	2662653	15	12.574	9.499
LG15	2668727	15	12.574	9.499
LG15	2669273	15	12.574	9.499
LG15	2673693	15	12.574	9.499
LG15	2673708	15	12.574	9.606
LG15	2686637	15	12.574	9.712
LG15	2689421	15	12.574	9.712
LG15	2703343	15	12.787	9.712
LG15	2703347	15	12.787	9.712
LG15	2708626	15	12.894	9.712
LG15	2737146	15	12.894	9.712
LG15	2747087	15	12.894	9.926
LG15	2747118	15	13.001	9.926
LG15	2747124	15	13.001	9.926
LG15	2762074	15	13.107	10.140
LG15	2764305	15	13.107	10.140
LG15	2781697	15	13.214	10.140
LG15	2781946	15	13.214	10.353
LG15	2782131	15	13.214	10.889
LG15	2814318	15	13.214	10.889
LG15	2814342	15	13.214	10.889
LG15	2829187	15	13.428	10.889
LG15	2840524	15	13.535	10.996
LG15	2886859	15	13.855	11.210
LG15	2886879	15	13.962	11.210
LG15	2887030	15	13.962	11.423
LG15	2918748	15	13.962	11.637
LG15	2918779	15	13.962	11.637
LG15	2925107	15	13.962	11.851
LG15	2925111	15	13.962	11.851
LG15	2933259	15	14.176	11.958
LG15	2940371	15	14.176	12.386
LG15	2940373	15	14.176	12.493
LG15	2940377	15	14.176	12.706
LG15	2940380	15	14.176	12.706
LG15	2940393	15	14.176	12.706
LG15	2952586	15	14.390	13.566
LG15	2952612	15	14.496	13.566
LG15	2956119	15	14.496	13.566
LG15	2956493	15	14.496	13.566
LG15	2956522	15	14.496	13.566
LG15	2970160	15	14.496	13.566
LG15	2986298	15	14.496	13.566
LG15	2987766	15	14.496	13.673
LG15	2987783	15	14.710	13.673
LG15	2988244	15	14.817	13.673
LG15	3017313	15	15.353	14.209
LG15	3020801	15	15.459	14.209
LG15	3025938	15	15.459	14.316
LG15	3025940	15	15.459	14.316
LG15	3065193	15	15.995	14.316
LG15	3072586	15	15.995	14.316
LG15	3072637	15	15.995	14.637
LG15	3098722	15	15.995	14.850
LG15	3098743	15	15.995	14.850
LG15	3102351	15	16.423	15.064
LG15	3102363	15	16.744	15.064
LG15	3105238	15	16.958	15.064
LG15	3106566	15	17.386	15.600
LG15	3106571	15	17.386	15.600
LG15	3106592	15	17.386	15.600
LG15	3193075	15	18.030	16.244
LG15	3315579	15	18.566	16.565
LG15	3336466	15	18.566	16.671
LG15	3345004	15	18.673	16.885
LG15	3354917	15	18.994	17.099
LG15	3392965	15	19.314	17.099
LG15	3403476	15	19.314	17.527
LG15	3403483	15	19.314	17.527
LG15	3403491	15	19.314	17.527
LG15	3407477	15	19.421	17.634
LG15	3408176	15	19.528	17.634
LG15	3431171	15	19.528	17.634
LG15	3445905	15	19.528	17.740
LG15	3456666	15	19.528	17.847
LG15	3460377	15	19.528	17.847
LG15	3460380	15	19.528	17.847
LG15	3460409	15	19.528	17.847
LG15	3460444	15	19.528	17.847
LG15	3462320	15	19.528	17.954
LG15	3473153	15	19.635	18.167
LG15	3473239	15	19.635	18.274
LG15	3480136	15	19.955	18.702
LG15	3490356	15	20.169	18.916
LG15	3490358	15	20.169	18.916
LG15	3490386	15	20.276	18.916
LG15	3490409	15	20.276	19.023
LG15	3502360	15	20.276	19.130
LG15	3537595	15	20.276	19.130
LG15	3561061	15	20.276	19.130
LG15	3561074	15	20.276	19.343
LG15	3561093	15	20.276	19.343
LG15	3563369	15	20.276	19.343
LG15	3571245	15	20.276	19.343
LG15	3571254	15	20.489	19.343
LG15	3573253	15	20.703	19.343
LG15	3573281	15	20.810	19.664
LG15	3654630	15	21.024	20.416
LG15	3654631	15	21.024	20.416
LG15	3658872	15	21.024	20.416
LG15	3668846	15	21.024	20.523
LG15	3669129	15	21.130	20.523
LG15	3699509	15	21.237	20.736
LG15	3699543	15	21.237	20.736
LG15	3700381	15	21.451	20.950
LG15	3700385	15	21.557	20.950
LG15	3700409	15	21.557	20.950
LG15	3716480	15	21.878	21.057
LG15	3716930	15	22.199	21.378
LG15	3743296	15	22.199	21.698
LG15	3783359	15	22.413	21.805
LG15	3783382	15	22.413	21.912
LG15	3783400	15	22.413	22.233
LG15	3786043	15	22.626	22.554
LG15	3792284	15	22.626	22.554
LG15	3812246	15	22.947	22.875
LG15	3818527	15	23.054	22.875
LG15	3818567	15	23.161	22.875
LG15	3818572	15	23.161	22.875
LG15	3843108	15	23.161	23.735
LG15	3871786	15	23.482	24.056
LG15	3871805	15	23.588	24.162
LG15	3871811	15	23.909	24.483
LG15	3886326	15	24.337	24.590
LG15	3895802	15	24.551	24.804
LG15	3988574	15	25.087	25.340
LG15	4036063	15	25.301	25.553
LG15	4036825	15	25.407	25.660
LG15	4053063	15	26.051	25.767
LG15	4066337	15	26.158	25.980
LG15	4103833	15	26.265	25.980
LG15	4112109	15	26.693	25.980
LG15	4166307	15	27.014	26.301
LG15	4194339	15	27.014	26.301
LG15	4197682	15	27.014	26.408
LG15	4197683	15	27.014	26.408
LG15	4206957	15	27.014	26.515
LG15	4256586	15	27.014	26.515
LG15	4258698	15	27.014	26.515
LG15	4258733	15	27.014	26.515
LG15	4258754	15	27.014	26.515
LG15	4258760	15	27.014	26.515
LG15	4258782	15	27.014	26.515
LG15	4258808	15	27.014	26.515
LG15	4258829	15	27.121	26.515
LG15	4261863	15	27.121	26.621
LG15	4274210	15	27.549	26.835
LG15	4274234	15	27.656	26.835
LG15	4286602	15	28.084	27.695
LG15	4286607	15	28.191	27.695
LG15	4322345	15	28.511	27.909
LG15	4360723	15	28.832	28.230
LG15	4369488	15	28.832	28.336
LG15	4377503	15	29.153	28.443
LG15	4479932	15	29.367	28.764
LG15	4479950	15	29.473	28.871
LG15	4479973	15	29.473	28.871
LG15	4485371	15	29.473	29.192
LG15	4490295	15	29.580	29.298
LG15	4497498	15	29.580	29.298
LG15	4520974	15	29.580	29.512
LG15	4549615	15	29.794	29.726
LG15	4552295	15	29.901	29.726
LG15	4561449	15	29.901	29.726
LG15	4606971	15	30.437	30.154
LG15	4606977	15	30.437	30.154
LG15	4613861	15	30.543	30.154
LG15	4632214	15	30.650	30.261
LG15	4639603	15	30.650	30.261
LG15	4649658	15	30.864	30.474
LG15	4649682	15	31.077	30.474
LG15	4664671	15	31.077	30.581
LG15	4664714	15	31.613	31.441
LG15	4714284	15	31.720	31.548
LG15	4745175	15	31.827	31.548
LG15	4767363	15	31.827	31.548
LG15	4776105	15	31.933	31.869
LG15	4776132	15	32.040	31.869
LG15	4869406	15	32.361	31.976
LG15	4875798	15	32.789	32.082
LG15	4893705	15	33.003	32.082
LG15	4913901	15	33.217	32.618
LG15	4913950	15	33.217	32.725
LG15	5017080	15	33.323	33.046
LG15	5032600	15	33.323	33.260
LG15	5037589	15	33.323	33.473
LG15	5038071	15	33.430	33.580
LG15	5057615	15	33.751	33.794
LG15	5082882	15	33.751	34.114
LG15	5097611	15	33.751	34.114
LG15	5122147	15	33.858	34.221
LG15	5122179	15	33.858	34.435
LG15	5141446	15	33.964	34.542
LG15	5146755	15	34.071	34.862
LG15	5153588	15	34.071	35.291
LG15	5172261	15	34.071	35.291
LG15	5210893	15	34.607	35.397
LG15	5217305	15	34.607	35.611
LG15	5235794	15	34.607	35.611
LG15	5287075	15	34.607	35.718
LG15	5312488	15	35.035	35.932
LG15	5313998	15	35.035	35.932
LG15	5328281	15	35.035	36.038
LG15	5344553	15	35.035	36.145
LG15	5344572	15	35.035	36.252
LG15	5346036	15	35.035	36.358
LG15	5365086	15	35.142	36.358
LG15	5375975	15	35.142	36.572
LG15	5375976	15	35.142	36.572
LG15	5375977	15	35.142	36.572
LG15	5375978	15	35.356	36.679
LG15	5390398	15	35.356	36.786
LG15	5390712	15	35.356	36.892
LG15	5400104	15	35.569	37.213
LG15	5411535	15	35.783	37.534
LG15	5411553	15	35.783	37.534
LG15	5437616	15	35.783	37.534
LG15	5437650	15	35.997	37.748
LG15	5518261	15	36.318	38.069
LG15	5524389	15	36.318	38.069
LG15	5532760	15	36.424	38.069
LG15	5571510	15	36.531	38.282
LG15	5581233	15	36.852	38.282
LG15	5597744	15	36.959	38.389
LG15	5636734	15	36.959	38.389
LG15	5636789	15	36.959	38.389
LG15	5646211	15	36.959	38.603
LG15	5646233	15	36.959	38.603
LG15	5646234	15	36.959	38.603
LG15	5646284	15	36.959	38.603
LG15	5655136	15	36.959	38.816
LG15	5655160	15	37.065	38.923
LG15	5679558	15	37.172	38.923
LG15	5690082	15	37.172	39.030
LG15	5692178	15	37.172	39.243
LG15	5692199	15	37.172	39.350
LG15	5717187	15	37.279	39.457
LG15	5725868	15	37.385	39.564
LG15	5760549	15	37.492	39.992
LG15	5770203	15	37.599	39.992
LG15	5780430	15	37.599	40.099
LG15	5780469	15	37.599	40.099
LG15	5780471	15	37.599	40.099
LG15	5782859	15	37.813	40.099
LG15	5783980	15	37.919	40.205
LG15	5788924	15	38.348	40.419
LG15	5824428	15	38.561	40.526
LG15	5841175	15	38.668	40.526
LG15	5841237	15	38.668	40.632
LG15	5872536	15	38.989	41.168
LG15	5872542	15	38.989	41.168
LG15	5906643	15	39.096	41.275
LG15	5919269	15	39.202	41.275
LG15	5937026	15	39.202	41.275
LG15	5937044	15	39.202	41.382
LG15	5937048	15	39.202	41.382
LG15	5944055	15	39.309	41.382
LG15	5990818	15	39.416	41.488
LG15	6036075	15	39.522	41.595
LG15	6043967	15	39.522	41.595
LG15	6060146	15	39.522	41.595
LG15	6060594	15	39.522	41.595
LG15	6073683	15	39.629	41.595
LG15	6090614	15	39.736	41.702
LG15	6092288	15	39.736	41.702
LG15	6096040	15	39.736	41.702
LG15	6098258	15	39.843	41.702
LG15	6119597	15	39.843	41.809
LG15	6131208	15	39.949	42.022
LG15	6131236	15	39.949	42.236
LG15	6140882	15	39.949	42.236
LG15	6141947	15	39.949	42.236
LG15	6146985	15	40.270	42.236
LG15	6189894	15	40.270	42.236
LG15	6203693	15	40.270	42.450
LG15	6220782	15	40.270	42.556
LG15	6229944	15	40.270	42.985
LG15	6273200	15	40.270	43.091
LG15	6321546	15	40.270	43.091
LG15	6345697	15	40.270	43.091
LG15	6345707	15	40.377	43.412
LG15	6351478	15	40.484	43.412
LG15	6351495	15	40.590	43.519
LG15	6356188	15	40.590	43.626
LG15	6388801	15	40.590	43.626
LG15	6388860	15	40.590	43.626
LG15	6439949	15	40.590	43.732
LG15	6439953	15	40.804	44.053
LG15	6448001	15	41.018	44.267
LG15	6448003	15	41.124	44.588
LG15	6453885	15	41.231	44.909
LG15	6487448	15	41.231	45.661
LG15	6487450	15	41.231	45.661
LG15	6494240	15	41.338	45.767
LG15	6516557	15	41.338	45.981
LG15	6640304	15	41.659	46.302
LG15	6678943	15	41.659	46.730
LG15	6678961	15	41.659	46.730
LG15	6678969	15	41.659	46.730
LG15	6755090	15	41.872	47.482
LG15	6755091	15	41.872	47.482
LG15	6775688	15	41.872	47.482
LG15	6818822	15	41.979	47.482
LG15	6818894	15	42.086	47.589
LG15	6821280	15	42.300	47.589
LG15	6821281	15	42.300	47.589
LG15	6854202	15	42.620	48.125
LG15	6957555	15	42.727	48.231
LG15	6996285	15	42.834	48.231
LG15	7035502	15	42.834	48.231
LG15	7035514	15	42.834	48.231
LG15	7040861	15	42.834	48.231
LG15	7086469	15	42.834	48.231
LG15	7086508	15	42.834	48.231
LG15	7095810	15	42.941	48.660
LG15	7125027	15	43.154	48.660
LG15	7126310	15	43.154	48.766
LG15	7145916	15	43.154	48.766
LG15	7149412	15	43.261	48.873
LG15	7175234	15	43.261	48.873
LG15	7175236	15	43.261	48.873
LG15	7175247	15	43.368	48.873
LG15	7202149	15	43.368	48.873
LG15	7204443	15	43.368	48.873
LG15	7207401	15	43.368	48.873
LG15	7217749	15	43.368	48.873
LG15	7240045	15	43.368	48.873
LG15	7240056	15	43.474	48.873
LG15	7240680	15	43.581	48.873
LG15	7254392	15	43.688	49.087
LG15	7341224	15	43.688	49.087
LG15	7343563	15	43.688	49.408
LG15	7346286	15	43.795	49.408
LG15	7376332	15	43.901	49.408
LG15	7376372	15	43.901	49.408
LG15	7383973	15	44.008	49.408
LG15	7391423	15	44.008	49.408
LG15	7393242	15	44.008	49.408
LG15	7407024	15	44.008	49.408
LG15	7435108	15	44.008	49.514
LG15	7450295	15	44.008	49.514
LG15	7450329	15	44.008	49.514
LG15	7456362	15	44.008	49.621
LG15	7456380	15	44.008	49.621
LG15	7461736	15	44.008	49.621
LG15	7461761	15	44.008	49.621
LG15	7461777	15	44.115	49.621
LG15	7461788	15	44.115	49.835
LG15	7461817	15	44.115	50.156
LG15	7470029	15	44.115	50.156
LG15	7486346	15	44.328	50.156
LG15	7486363	15	44.328	50.369
LG15	7486392	15	44.542	50.690
LG15	7644167	15	44.542	50.797
LG15	7667039	15	44.649	50.797
LG15	7669539	15	44.649	51.010
LG15	7674793	15	44.649	51.117
LG15	7712476	15	44.649	51.224
LG15	7722310	15	44.649	51.224
LG15	7726582	15	44.756	51.224
LG15	7726619	15	44.756	51.224
LG15	7733430	15	44.756	51.224
LG15	7733458	15	44.756	51.224
LG15	7746038	15	44.756	51.545
LG15	7751004	15	44.756	51.545
LG15	7822116	15	44.862	51.652
LG15	7837841	15	44.862	52.080
LG15	7864402	15	44.969	52.187
LG15	7864416	15	45.076	52.187
LG15	7864419	15	45.076	52.187
LG15	7864424	15	45.504	52.400
LG15	7927790	15	45.504	52.936
LG15	7929997	15	45.504	53.150
LG15	7976253	15	45.825	53.794
LG15	8015885	15	45.825	54.007
LG15	8041366	15	45.825	54.007
LG15	8099719	15	45.825	54.007
LG15	8269836	15	45.932	54.221
LG15	8274790	15	45.932	54.221
LG15	8288651	15	45.932	54.221
LG15	8288662	15	45.932	54.221
LG15	8288667	15	45.932	54.221
LG15	8288683	15	45.932	54.221
LG15	8353428	15	45.932	54.328
LG15	8377862	15	45.932	54.328
LG15	8381359	15	45.932	54.328
LG15	8397250	15	45.932	54.328
LG15	8418694	15	45.932	54.541
LG15	8418713	15	46.145	54.541
LG15	8423722	15	46.145	54.541
LG15	8423748	15	46.145	54.648
LG15	8474267	15	46.252	54.648
LG15	8480563	15	46.252	54.862
LG15	8530388	15	46.573	54.968
LG15	8570050	15	46.573	54.968
LG15	8608938	15	46.573	55.289
LG15	8704166	15	46.680	55.718
LG15	8709719	15	46.680	55.718
LG15	8709753	15	46.786	55.718
LG15	8721986	15	46.786	55.718
LG15	8721994	15	46.786	55.718
LG15	8740473	15	46.786	55.931
LG15	8787445	15	46.893	55.931
LG15	8812073	15	46.893	55.931
LG15	8814137	15	46.893	55.931
LG15	8842258	15	46.893	55.931
LG15	8842263	15	46.893	56.038
LG15	8851704	15	46.893	56.145
LG15	8852910	15	46.893	56.145
LG15	8853132	15	46.893	56.251
LG15	8859619	15	46.893	56.251
LG15	8859620	15	46.893	56.251
LG15	8859695	15	46.893	56.251
LG15	8887992	15	46.893	56.251
LG15	8899533	15	47.000	56.358
LG15	8904758	15	47.213	56.679
LG15	8998185	15	47.213	56.786
LG15	9063135	15	47.213	56.786
LG15	9063141	15	47.213	56.786
LG15	9063150	15	47.213	56.786
LG15	9063157	15	47.213	56.786
LG15	9063158	15	47.213	56.786
LG15	9063162	15	47.213	56.786
LG15	9063209	15	47.213	56.892
LG15	9063257	15	47.213	56.892
LG15	9085426	15	47.213	56.999
LG15	9085436	15	47.213	56.999
LG15	9085446	15	47.213	56.999
LG15	9125332	15	47.213	56.999
LG15	9129858	15	47.213	57.106
LG15	9208648	15	47.213	57.106
LG15	9208654	15	47.213	57.106
LG15	9220377	15	47.213	57.106
LG15	9220380	15	47.320	57.427
LG15	9220382	15	47.320	57.427
LG15	9251582	15	47.320	57.533
LG15	9251584	15	47.320	57.533
LG15	9328742	15	47.427	57.640
LG15	9328787	15	47.427	57.747
LG15	9328788	15	47.427	57.747
LG15	9362965	15	47.427	57.747
LG15	9371119	15	47.427	57.854
LG15	9393270	15	47.427	58.282
LG15	9536817	15	47.534	58.282
LG15	9596890	15	47.534	58.282
LG15	9609892	15	47.534	58.389
LG15	9641199	15	47.640	58.389
LG15	9654578	15	47.747	58.495
LG15	9696871	15	47.747	58.709
LG15	9747359	15	47.854	58.816
LG15	9747892	15	47.854	58.816
LG15	9757509	15	48.175	58.922
LG15	9766235	15	48.175	58.922
LG15	9858948	15	48.388	58.922
LG15	9861028	15	48.388	58.922
LG15	9902979	15	48.602	58.922
LG15	9971595	15	48.709	59.243
LG15	9976259	15	48.709	59.243
LG15	10033834	15	48.815	59.243
LG15	10033841	15	48.815	59.243
LG15	10033846	15	48.922	59.243
LG15	10045506	15	48.922	59.350
LG15	10064154	15	48.922	59.350
LG15	10064171	15	48.922	59.350
LG15	10094742	15	49.029	59.350
LG15	10101918	15	49.136	59.350
LG15	10103874	15	49.349	59.457
LG15	10143222	15	49.456	59.457
LG15	10143242	15	49.456	59.457
LG15	10163014	15	49.563	59.563
LG15	10197226	15	49.563	59.563
LG15	10212650	15	49.669	59.670
LG15	10240150	15	49.669	59.670
LG15	10248778	15	49.669	59.991
LG15	10248856	15	49.669	59.991
LG15	10268323	15	49.669	60.098
LG15	10281043	15	49.669	60.311
LG15	10385475	15	49.883	60.847
LG15	10388871	15	49.883	60.847
LG15	10396176	15	50.311	61.491
LG15	10568297	15	50.311	61.491
LG15	10597963	15	50.418	61.919
LG15	10598042	15	50.418	61.919
LG15	10641502	15	50.418	62.026
LG15	10665053	15	50.525	62.347
LG15	10715492	15	50.632	62.883
LG15	10730776	15	50.632	62.883
LG15	10754662	15	50.632	63.097
LG15	10755500	15	50.845	63.097
LG15	10755517	15	50.845	63.097
LG15	10756243	15	51.059	63.097
LG15	10822023	15	51.273	63.740
LG15	10935503	15	51.486	64.061
LG15	10955695	15	51.593	64.168
LG15	11050926	15	51.700	64.168
LG15	11058454	15	51.700	64.168
LG15	11082159	15	51.700	64.596
LG15	11148353	15	51.700	64.596
LG15	11149009	15	51.700	65.025
LG15	11205829	15	51.700	65.453
LG15	11225071	15	51.700	65.453
LG15	11225091	15	51.700	65.453
LG15	11240432	15	51.700	65.453
LG15	11243651	15	51.700	65.560
LG15	11251138	15	51.700	65.560
LG15	11251165	15	51.700	65.560
LG15	11251178	15	51.700	65.560
LG15	11251242	15	51.700	65.560
LG15	11256779	15	51.700	65.666
LG15	11256780	15	51.700	65.666
LG15	11269520	15	51.806	65.880
LG15	11280671	15	51.806	66.308
LG15	11286922	15	51.806	66.522
LG15	11320081	15	51.806	66.629
LG15	11336904	15	51.806	66.735
LG15	11421714	15	52.020	67.056
LG15	11423559	15	52.020	67.163
LG15	11462271	15	52.020	67.163
LG15	11479044	15	52.020	67.270
LG15	11485941	15	52.020	67.376
LG15	11551737	15	52.020	67.805
LG15	11551744	15	52.020	67.805
LG15	11551755	15	52.127	67.805
LG15	11573080	15	52.127	67.805
LG15	11573116	15	52.127	67.911
LG15	11628645	15	52.127	68.125
LG15	11652294	15	52.234	68.661
LG15	11652333	15	52.234	68.661
LG15	11652341	15	52.234	68.661
LG15	11663526	15	52.234	68.982
LG15	11772295	15	52.340	68.982
LG15	11774883	15	52.340	69.088
LG15	11791144	15	52.340	69.409
LG15	11817633	15	52.340	69.409
LG15	11857814	15	52.340	69.730
LG15	11868313	15	52.340	69.730
LG15	11888054	15	52.340	69.837
LG15	11888072	15	52.340	69.837
LG15	11900463	15	52.340	69.837
LG15	11916275	15	52.340	69.944
LG15	11926178	15	52.340	69.944
LG15	11937147	15	52.340	69.944
LG15	11937148	15	52.340	69.944
LG15	11945433	15	52.340	70.157
LG15	11958969	15	52.340	70.371
LG15	12021430	15	52.340	70.371
LG15	12021432	15	52.340	70.371
LG15	12021618	15	52.340	70.478
LG15	12039472	15	52.447	70.584
LG15	12040409	15	52.447	70.584
LG15	12040436	15	52.447	70.584
LG15	12055582	15	52.447	71.013
LG15	12062331	15	52.554	71.334
LG15	12068357	15	52.554	71.547
LG15	12088330	15	52.554	71.654
LG15	12128821	15	52.660	71.975
LG15	12209849	15	52.660	72.082
LG15	12209853	15	52.660	72.188
LG15	12323584	15	52.660	72.402
LG15	12394631	15	52.660	72.402
LG15	12428222	15	52.660	72.616
LG15	12441175	15	52.660	72.722
LG15	12441986	15	52.767	73.258
LG15	12463977	15	52.767	73.258
LG15	12473105	15	52.767	73.365
LG15	12481044	15	52.874	73.365
LG15	12482255	15	52.874	73.472
LG15	12510871	15	52.874	73.578
LG15	12519108	15	52.874	73.792
LG15	12534428	15	52.874	73.792
LG15	12549334	15	52.874	73.792
LG15	12619860	15	52.874	73.792
LG15	12643233	15	52.981	73.792
LG15	12644942	15	52.981	73.899
LG15	12683772	15	52.981	73.899
LG15	12687752	15	53.087	74.112
LG15	12714353	15	53.087	74.112
LG15	12741970	15	53.194	74.541
LG15	12758266	15	53.194	74.541
LG15	12817800	15	53.301	74.541
LG15	12867674	15	53.301	74.754
LG15	12867675	15	53.301	74.754
LG15	12883881	15	53.301	75.075
LG15	12934505	15	53.301	75.075
LG15	12983097	15	53.301	75.075
LG15	12987770	15	53.301	75.075
LG15	13004283	15	53.301	75.075
LG15	13054944	15	53.301	75.182
LG15	13059097	15	53.301	75.182
LG15	13059122	15	53.301	75.182
LG15	13059129	15	53.301	75.182
LG15	13094916	15	53.301	75.182
LG15	13113399	15	53.301	75.396
LG15	13113742	15	53.301	75.502
LG15	13143820	15	53.301	76.038
LG15	13148538	15	53.301	76.359
LG15	13160556	15	53.301	76.359
LG15	13162962	15	53.301	76.466
LG15	13202370	15	53.301	76.466
LG15	13203941	15	53.301	76.466
LG15	13203949	15	53.301	76.466
LG15	13215608	15	53.301	76.466
LG15	13217301	15	53.301	76.787
LG15	13245142	15	53.301	76.893
LG15	13258369	15	53.301	76.893
LG15	13269767	15	53.407	76.893
LG15	13279553	15	53.407	76.893
LG15	13279630	15	53.407	76.893
LG15	13291239	15	53.407	76.893
LG15	13291252	15	53.407	77.000
LG15	13291851	15	53.407	77.000
LG15	13292817	15	53.407	77.000
LG15	13292844	15	53.407	77.000
LG15	13292852	15	53.407	77.000
LG15	13314419	15	53.407	77.321
LG15	13314506	15	53.407	77.321
LG15	13314537	15	53.514	77.642
LG15	13335255	15	53.514	77.749
LG15	13335262	15	53.514	77.962
LG15	13377446	15	53.514	77.962
LG15	13377620	15	53.514	78.069
LG15	13383108	15	53.514	78.069
LG15	13400092	15	53.514	78.176
LG15	13403948	15	53.514	78.176
LG15	13403958	15	53.514	78.604
LG15	13404702	15	53.514	78.818
LG15	13422188	15	53.514	78.924
LG15	13477477	15	53.514	79.031
LG15	13491756	15	53.514	79.031
LG15	13505370	15	53.514	79.138
LG15	13512036	15	53.514	79.138
LG15	13528679	15	53.514	79.138
LG15	13528711	15	53.514	79.245
LG15	13528876	15	53.514	79.245
LG15	13528955	15	53.514	79.351
LG15	13534015	15	53.514	79.458
LG15	13575150	15	53.514	79.672
LG15	13578421	15	53.514	79.993
LG15	13578760	15	53.514	79.993
LG15	13640464	15	53.514	80.099
LG15	13642553	15	53.514	80.099
LG15	13653120	15	53.514	80.313
LG15	13655903	15	53.621	80.313
LG15	13670674	15	53.728	80.313
LG15	13684099	15	54.480	81.500
LG15	13705761	15	54.480	81.500
LG15	13705762	15	54.480	81.500
LG15	13705770	15	54.480	81.713
LG15	13705771	15	54.480	81.713
LG15	13705778	15	54.480	81.713
LG15	13760069	15	55.448	83.339
LG15	13766145	15	55.448	83.339
LG15	13816649	15	55.448	83.659
LG15	13816654	15	55.448	83.980
LG15	13816661	15	55.448	84.194
LG15	13873616	15	55.448	84.622
LG15	13873640	15	55.448	84.622
LG15	13976135	15	55.448	84.622
LG15	14048163	15	55.448	84.622
LG15	14048208	15	55.448	84.622
LG15	14066962	15	55.448	84.836
LG15	14117207	15	55.448	85.050
LG15	14122075	15	55.448	85.156
LG15	14122092	15	55.448	85.477
LG15	14186078	15	55.448	86.013
LG15	14186732	15	55.448	86.441
LG15	14221744	15	55.448	86.762
LG15	14342069	15	55.448	86.976
LG15	14363118	15	55.448	87.083
LG15	14381440	15	55.448	87.404
LG15	14436806	15	55.448	87.404
LG15	14467510	15	55.448	87.510
LG15	14503470	15	55.448	87.617
LG15	14503501	15	55.448	87.617
LG15	14505636	15	55.448	87.617
LG15	14507306	15	55.448	87.617
LG15	14509813	15	55.448	87.617
LG15	14509824	15	55.448	87.617
LG15	14557187	15	55.555	87.724
LG15	14559615	15	55.555	87.937
LG15	14570284	15	55.555	88.044
LG15	14570293	15	55.555	88.258
LG15	14572084	15	55.555	88.258
LG15	14574209	15	55.555	88.258
LG15	14574215	15	55.555	88.258
LG15	14587103	15	55.555	88.258
LG15	14587131	15	55.555	88.258
LG15	14631367	15	55.555	88.471
LG15	14691285	15	55.662	88.578
LG15	14706424	15	55.662	88.685
LG15	14717096	15	55.662	88.685
LG15	14778917	15	55.769	88.899
LG15	14778938	15	55.769	88.899
LG15	14800460	15	55.769	89.112
LG15	14824460	15	55.769	89.219
LG15	14833057	15	55.769	89.326
LG15	14833069	15	55.769	89.326
LG15	14833091	15	55.769	89.432
LG15	14833094	15	55.769	89.646
LG15	14850849	15	55.769	89.646
LG15	14950135	15	55.769	90.398
LG15	14959492	15	55.769	90.398
LG15	14959517	15	55.769	90.398
LG15	14966888	15	55.769	90.505
LG15	15027282	15	55.769	90.505
LG15	15027287	15	55.769	90.505
LG15	15039617	15	55.769	90.505
LG15	15050529	15	55.875	90.611
LG15	15086191	15	55.875	90.611
LG15	15093232	15	55.875	90.611
LG15	15173208	15	55.875	90.611
LG15	15179441	15	55.875	90.718
LG15	15211315	15	55.875	90.718
LG15	15211435	15	55.875	91.146
LG15	15213415	15	55.875	91.360
LG15	15241431	15	55.875	91.467
LG15	15244918	15	55.875	91.788
LG15	15340995	15	55.875	91.788
LG15	15344246	15	55.875	91.894
LG15	15363162	15	55.875	91.894
LG15	15363192	15	55.875	91.894
LG15	15363193	15	55.875	91.894
LG15	15409442	15	55.875	91.894
LG15	15526779	15	55.982	92.001
LG15	15545212	15	55.982	92.001
LG15	15547154	15	55.982	92.108
LG15	15553680	15	55.982	92.215
LG15	15564266	15	55.982	92.321
LG15	15573287	15	55.982	92.321
LG15	15573312	15	55.982	92.321
LG15	15573334	15	55.982	92.321
LG15	15612057	15	55.982	92.321
LG15	15622385	15	55.982	92.428
LG15	15625008	15	55.982	92.535
LG15	15625080	15	55.982	92.535
LG15	15638727	15	55.982	92.535
LG15	15644900	15	55.982	92.535
LG15	15664067	15	55.982	92.856
LG15	15672012	15	55.982	92.962
LG15	15771609	15	55.982	93.714
LG15	15787796	15	56.089	93.821
LG15	15825598	15	56.089	93.821
LG15	15840931	15	56.089	93.821
LG15	15842942	15	56.089	93.928
LG15	15862553	15	56.089	94.249
LG15	15901334	15	56.089	94.462
LG15	15914565	15	56.089	94.462
LG15	15986808	15	56.089	94.676
LG15	16038120	15	56.089	94.676
LG15	16177527	15	56.089	95.104
LG15	16177541	15	56.089	95.104
LG15	16177562	15	56.089	95.104
LG15	16177565	15	56.089	95.104
LG15	16178597	15	56.089	95.104
LG15	16205770	15	56.089	95.104
LG15	16206243	15	56.089	95.104
LG15	16216506	15	56.089	95.318
LG15	16224396	15	56.089	95.318
LG15	16238923	15	56.089	95.425
LG15	16238924	15	56.089	95.425
LG15	16283746	15	56.089	95.425
LG15	16294337	15	56.089	95.531
LG15	16345097	15	56.089	95.531
LG15	16345098	15	56.089	95.531
LG15	16345122	15	56.089	95.531
LG15	16345144	15	56.089	95.531
LG15	16429905	15	56.089	95.746
LG15	16432941	15	56.089	95.746
LG15	16466158	15	56.089	95.746
LG15	16466168	15	56.089	95.853
LG15	16494864	15	56.089	95.853
LG15	16573908	15	56.089	95.853
LG15	16583496	15	56.089	95.853
LG15	16721905	15	56.089	95.853
LG15	16780599	15	56.089	95.853
LG15	16824055	15	56.199	95.853
LG15	16831415	15	56.310	95.973
LG15	16839637	15	56.310	95.973
LG15	16873010	15	56.310	95.973
LG15	16889186	15	56.310	95.973
LG15	16908841	15	56.310	95.973
LG15	16987853	15	56.310	95.973
LG15	17092243	15	56.310	95.973
LG15	17093390	15	56.310	95.973
LG15	17093418	15	56.310	95.973
LG15	17399733	15	56.310	96.306
LG16	106544	16	0.000	0.000
LG16	106554	16	0.000	0.606
LG16	219110	16	0.000	0.606
LG16	219141	16	0.000	0.606
LG16	221236	16	0.000	0.736
LG16	221243	16	0.000	0.736
LG16	221259	16	0.000	0.736
LG16	221838	16	0.000	0.736
LG16	221858	16	0.000	0.736
LG16	221866	16	0.000	1.502
LG16	225199	16	0.110	1.502
LG16	226105	16	0.110	1.502
LG16	228993	16	0.328	1.502
LG16	236848	16	0.328	1.502
LG16	281854	16	0.328	1.502
LG16	281866	16	0.328	1.502
LG16	285376	16	0.542	1.502
LG16	285405	16	0.650	1.502
LG16	341536	16	0.972	1.502
LG16	356208	16	0.972	1.502
LG16	387000	16	0.972	1.502
LG16	387029	16	1.080	1.502
LG16	415346	16	1.186	1.610
LG16	432211	16	1.186	1.827
LG16	460173	16	1.293	1.827
LG16	476584	16	1.293	1.827
LG16	476607	16	1.293	1.827
LG16	499149	16	1.507	1.934
LG16	532783	16	1.613	1.934
LG16	601660	16	1.720	1.934
LG16	601704	16	1.720	1.934
LG16	650714	16	1.720	2.040
LG16	652455	16	1.827	2.040
LG16	652468	16	1.827	2.040
LG16	665072	16	1.827	2.040
LG16	680681	16	2.040	2.147
LG16	687631	16	2.040	2.361
LG16	691796	16	2.040	2.468
LG16	703061	16	2.254	2.574
LG16	703064	16	2.361	2.681
LG16	712948	16	2.361	2.895
LG16	712961	16	2.468	3.001
LG16	749557	16	2.468	3.108
LG16	754762	16	2.574	3.215
LG16	754782	16	2.574	3.215
LG16	754858	16	2.681	3.215
LG16	810203	16	2.788	3.429
LG16	810204	16	2.788	3.429
LG16	810209	16	2.788	3.429
LG16	810233	16	2.788	3.535
LG16	840803	16	3.001	3.856
LG16	900787	16	3.001	3.963
LG16	943079	16	3.215	4.177
LG16	953955	16	3.215	4.177
LG16	960520	16	3.429	4.177
LG16	960530	16	3.429	4.177
LG16	960536	16	3.536	4.177
LG16	966380	16	3.536	4.177
LG16	976899	16	3.536	4.177
LG16	976913	16	3.536	4.177
LG16	981654	16	3.536	4.177
LG16	981655	16	3.536	4.177
LG16	984523	16	3.642	4.283
LG16	984563	16	3.642	4.283
LG16	997917	16	3.856	4.497
LG16	1006110	16	3.856	4.497
LG16	1011538	16	3.963	4.497
LG16	1011555	16	3.963	4.818
LG16	1011594	16	4.499	5.031
LG16	1011596	16	4.712	5.031
LG16	1011598	16	4.819	5.352
LG16	1033529	16	4.819	5.673
LG16	1044008	16	5.463	5.994
LG16	1064981	16	5.676	5.994
LG16	1112470	16	5.783	6.101
LG16	1119097	16	6.104	6.207
LG16	1130479	16	6.211	6.314
LG16	1157075	16	6.317	6.528
LG16	1183150	16	6.317	6.528
LG16	1193507	16	6.531	6.635
LG16	1205417	16	6.531	6.741
LG16	1215410	16	6.638	6.741
LG16	1215434	16	6.638	6.741
LG16	1215454	16	6.745	6.955
LG16	1229542	16	6.851	6.955
LG16	1229550	16	6.958	7.276
LG16	1253101	16	7.279	7.490
LG16	1253111	16	7.279	7.490
LG16	1253130	16	7.279	7.490
LG16	1317969	16	7.493	7.703
LG16	1319333	16	7.493	7.703
LG16	1323705	16	7.493	7.810
LG16	1323706	16	7.493	7.810
LG16	1323708	16	7.493	7.917
LG16	1327806	16	7.493	8.023
LG16	1381262	16	7.493	8.023
LG16	1381293	16	7.599	8.130
LG16	1381314	16	7.706	8.237
LG16	1384067	16	7.706	8.450
LG16	1418951	16	7.706	9.202
LG16	1499470	16	8.027	9.416
LG16	1571868	16	8.027	9.416
LG16	1573146	16	8.134	9.523
LG16	1573186	16	8.134	9.523
LG16	1576058	16	8.134	9.629
LG16	1586897	16	8.134	9.629
LG16	1629572	16	8.240	9.736
LG16	1638960	16	8.240	10.057
LG16	1644179	16	8.454	10.057
LG16	1644236	16	8.454	10.057
LG16	1644257	16	8.454	10.057
LG16	1645533	16	8.668	10.271
LG16	1673327	16	8.668	10.592
LG16	1673350	16	8.668	10.698
LG16	1674229	16	8.774	11.019
LG16	1712047	16	8.774	11.019
LG16	1712052	16	8.774	11.019
LG16	1738674	16	8.774	11.340
LG16	1747159	16	8.774	11.340
LG16	1755208	16	8.881	11.447
LG16	1780384	16	8.988	11.660
LG16	1780397	16	8.988	11.767
LG16	1791478	16	8.988	11.767
LG16	1795612	16	8.988	11.767
LG16	1798266	16	8.988	11.767
LG16	1799410	16	9.095	11.767
LG16	1799777	16	9.095	11.874
LG16	1799781	16	9.095	11.874
LG16	1799965	16	9.095	12.088
LG16	1799966	16	9.095	12.088
LG16	1802413	16	9.095	12.088
LG16	1808679	16	9.095	12.088
LG16	1819363	16	9.095	12.194
LG16	1824720	16	9.095	12.194
LG16	1839745	16	9.095	12.194
LG16	1848609	16	9.201	12.623
LG16	1860592	16	9.308	12.729
LG16	1867548	16	9.308	12.943
LG16	1876758	16	9.415	12.943
LG16	1876779	16	9.415	13.050
LG16	1876784	16	9.521	13.156
LG16	1910774	16	9.521	13.156
LG16	1910777	16	9.521	13.156
LG16	1956077	16	9.521	13.477
LG16	1956103	16	9.521	13.691
LG16	1964751	16	9.521	14.012
LG16	1964789	16	9.521	14.012
LG16	1969491	16	9.842	14.225
LG16	1990785	16	10.056	14.225
LG16	1991367	16	10.056	14.654
LG16	1995750	16	10.056	14.760
LG16	2006123	16	10.270	14.760
LG16	2006136	16	10.376	14.867
LG16	2022797	16	10.590	15.081
LG16	2062153	16	10.590	15.081
LG16	2062168	16	10.590	15.402
LG16	2062187	16	10.590	15.508
LG16	2075459	16	10.804	15.508
LG16	2075507	16	10.804	15.508
LG16	2121138	16	11.017	15.615
LG16	2127810	16	11.124	15.722
LG16	2127828	16	11.231	15.722
LG16	2150823	16	11.552	15.936
LG16	2160381	16	11.765	16.149
LG16	2160417	16	11.979	16.256
LG16	2169473	16	12.086	16.256
LG16	2176370	16	12.193	16.363
LG16	2176377	16	12.193	16.363
LG16	2187976	16	12.299	16.469
LG16	2193589	16	12.299	16.576
LG16	2197756	16	12.620	17.220
LG16	2225487	16	12.620	17.220
LG16	2234091	16	12.620	17.327
LG16	2248439	16	12.727	17.540
LG16	2260632	16	13.048	18.184
LG16	2282418	16	13.369	18.612
LG16	2282433	16	13.369	18.719
LG16	2282444	16	13.475	19.147
LG16	2382423	16	13.904	19.576
LG16	2394874	16	13.904	19.789
LG16	2394898	16	14.010	19.896
LG16	2416339	16	14.010	19.896
LG16	2429897	16	14.010	20.003
LG16	2469659	16	14.762	20.216
LG16	2469664	16	14.762	20.216
LG16	2491683	16	14.762	20.430
LG16	2491688	16	14.762	20.430
LG16	2495758	16	14.762	20.430
LG16	2496222	16	14.762	20.430
LG16	2499166	16	15.083	20.537
LG16	2505747	16	15.083	20.537
LG16	2542300	16	15.083	20.751
LG16	2558477	16	15.190	20.857
LG16	2621996	16	15.190	20.857
LG16	2622026	16	15.296	21.178
LG16	2622700	16	15.510	21.285
LG16	2624674	16	15.510	21.285
LG16	2625115	16	15.510	21.285
LG16	2680200	16	16.370	21.498
LG16	2680206	16	16.370	21.498
LG16	2691340	16	16.691	21.498
LG16	2713762	16	16.691	21.605
LG16	2718309	16	16.691	21.712
LG16	2718326	16	16.798	21.712
LG16	2730433	16	16.905	21.926
LG16	2749885	16	17.118	22.032
LG16	2762615	16	17.225	22.246
LG16	2768314	16	17.332	22.246
LG16	2769499	16	17.332	22.246
LG16	2769500	16	17.332	22.246
LG16	2788122	16	17.332	22.246
LG16	2788160	16	17.332	22.353
LG16	2791068	16	17.439	22.566
LG16	3172767	16	17.867	22.673
LG16	3206603	16	18.188	22.780
LG16	3206865	16	18.188	22.780
LG16	3207115	16	18.294	22.780
LG16	3218983	16	18.401	22.780
LG16	3229150	16	18.401	22.780
LG16	3229168	16	18.401	22.780
LG16	3231891	16	18.401	22.780
LG16	3234054	16	18.401	22.887
LG16	3238524	16	18.401	22.993
LG16	3247388	16	18.401	22.993
LG16	3261300	16	18.508	22.993
LG16	3268505	16	18.615	23.100
LG16	3268511	16	18.721	23.207
LG16	3268522	16	18.721	23.207
LG16	3279628	16	19.042	24.176
LG16	3297389	16	19.042	24.282
LG16	3305131	16	19.256	24.496
LG16	3305173	16	19.363	24.496
LG16	3321192	16	19.576	24.603
LG16	3349397	16	20.112	25.139
LG16	3377007	16	20.326	25.139
LG16	3377047	16	20.539	25.139
LG16	3400139	16	20.646	25.139
LG16	3425160	16	20.753	25.459
LG16	3427757	16	20.753	25.673
LG16	3430598	16	20.967	25.780
LG16	3460597	16	21.073	26.208
LG16	3502357	16	21.180	26.636
LG16	3526931	16	21.501	26.743
LG16	3526949	16	21.501	26.743
LG16	3526958	16	21.501	26.743
LG16	3529908	16	21.715	26.850
LG16	3529912	16	21.715	26.850
LG16	3530642	16	21.821	27.064
LG16	3570965	16	21.928	27.170
LG16	3577777	16	21.928	27.277
LG16	3577788	16	21.928	27.277
LG16	3618998	16	22.035	27.491
LG16	3638683	16	22.248	27.597
LG16	3688037	16	22.355	27.704
LG16	3688041	16	22.355	27.704
LG16	3688043	16	22.355	27.704
LG16	3694748	16	22.462	27.704
LG16	3694751	16	22.569	27.704
LG16	3697278	16	22.569	27.811
LG16	3707561	16	22.889	28.132
LG16	3707562	16	22.889	28.132
LG16	3707564	16	22.996	28.132
LG16	3707724	16	23.210	28.132
LG16	3732127	16	23.317	28.238
LG16	3732150	16	23.423	28.238
LG16	3771633	16	23.530	28.452
LG16	3799800	16	23.637	28.452
LG16	3808686	16	23.743	28.452
LG16	3811317	16	23.850	28.452
LG16	3811411	16	23.850	28.559
LG16	3820819	16	24.064	28.559
LG16	3847380	16	24.278	28.559
LG16	3847386	16	24.278	28.559
LG16	3847403	16	24.278	28.559
LG16	3847420	16	24.278	28.559
LG16	3848080	16	24.278	28.772
LG16	3848141	16	24.278	28.772
LG16	3907842	16	24.706	28.879
LG16	3924165	16	24.706	28.986
LG16	3924176	16	24.706	28.986
LG16	3924190	16	24.706	28.986
LG16	3960367	16	24.919	29.093
LG16	3960379	16	25.026	29.093
LG16	3996441	16	25.240	29.093
LG16	4001952	16	25.240	29.093
LG16	4001953	16	25.240	29.093
LG16	4014993	16	25.347	29.093
LG16	4018107	16	25.453	29.093
LG16	4018215	16	25.453	29.093
LG16	4026210	16	25.560	29.199
LG16	4040769	16	25.881	29.199
LG16	4049120	16	25.881	29.199
LG16	4049146	16	26.095	29.199
LG16	4055436	16	26.201	29.199
LG16	4153690	16	26.308	29.199
LG16	4157664	16	26.308	29.199
LG16	4160502	16	26.308	29.306
LG16	4160518	16	26.308	29.306
LG16	4172362	16	26.415	29.520
LG16	4200409	16	26.521	29.626
LG16	4214155	16	26.521	29.733
LG16	4239184	16	26.628	29.733
LG16	4279953	16	26.628	29.733
LG16	4279958	16	26.628	29.840
LG16	4287196	16	26.628	29.840
LG16	4400196	16	26.735	29.947
LG16	4422134	16	26.735	29.947
LG16	4424933	16	26.735	29.947
LG16	4425797	16	26.735	29.947
LG16	4425810	16	26.735	29.947
LG16	4439431	16	26.842	29.947
LG16	4441345	16	26.842	30.053
LG16	4441378	16	26.842	30.053
LG16	4445201	16	26.842	30.053
LG16	4491768	16	27.055	30.053
LG16	4492490	16	27.055	30.053
LG16	4494007	16	27.269	30.160
LG16	4494025	16	27.590	30.267
LG16	4496500	16	27.590	30.267
LG16	4555285	16	27.590	30.267
LG16	4566151	16	27.590	30.267
LG16	4567246	16	27.590	30.267
LG16	4571365	16	27.590	30.267
LG16	4574737	16	27.697	30.267
LG16	4622990	16	28.125	30.267
LG16	4697186	16	28.125	30.267
LG16	4795857	16	28.339	30.374
LG16	4801246	16	28.339	30.374
LG16	4855131	16	28.339	30.374
LG16	4865114	16	28.339	30.374
LG16	4892805	16	28.339	30.374
LG16	5055029	16	28.445	30.374
LG16	5069358	16	28.552	30.587
LG16	5120821	16	28.552	31.015
LG16	5255001	16	28.766	31.015
LG16	5255002	16	28.766	31.444
LG16	5277016	16	29.086	31.765
LG16	5290269	16	29.193	31.871
LG16	5299624	16	29.193	31.871
LG16	5309058	16	29.407	32.407
LG16	5353845	16	29.514	32.621
LG16	5399940	16	29.727	32.835
LG16	5442536	16	29.941	33.371
LG16	5459562	16	30.585	33.799
LG16	5488882	16	30.798	35.204
LG16	5582168	16	31.227	35.311
LG16	5641262	16	31.333	35.632
LG16	5641284	16	31.333	35.632
LG16	5660815	16	31.333	35.632
LG16	5672393	16	31.440	35.953
LG16	5678537	16	31.547	35.953
LG16	5680995	16	31.654	36.489
LG16	5704277	16	31.760	37.241
LG16	5704321	16	31.867	37.241
LG16	5762646	16	31.974	37.454
LG16	5774107	16	31.974	37.561
LG16	5774113	16	31.974	37.561
LG16	5774117	16	31.974	37.668
LG16	5823219	16	31.974	37.774
LG16	5830518	16	32.187	37.881
LG16	5830520	16	32.187	37.881
LG16	5830535	16	32.616	38.525
LG16	5830565	16	32.616	38.525
LG16	5832453	16	33.152	38.846
LG16	5832772	16	33.688	39.059
LG16	5906598	16	33.688	39.166
LG16	5930498	16	33.688	39.166
LG16	5946172	16	34.008	39.380
LG16	5946224	16	34.222	39.487
LG16	5992227	16	34.543	39.593
LG16	5992228	16	34.650	39.593
LG16	5992245	16	34.650	39.593
LG16	5993761	16	34.863	40.345
LG16	6088088	16	35.292	41.532
LG16	6088099	16	35.292	41.639
LG16	6088136	16	35.398	41.745
LG16	6088142	16	35.505	41.852
LG16	6149009	16	35.933	42.280
LG16	6224863	16	36.040	42.387
LG16	6242175	16	36.361	42.708
LG16	6278558	16	36.361	42.815
LG16	6278562	16	36.468	42.815
LG16	6280893	16	36.574	43.028
LG16	6297086	16	36.574	43.028
LG16	6321485	16	36.788	43.349
LG16	6340437	16	37.002	43.777
LG16	6350463	16	37.108	44.098
LG16	6363507	16	37.322	44.526
LG16	6421087	16	37.322	44.633
LG16	6473983	16	37.536	45.061
LG16	6473987	16	37.536	45.061
LG16	6488239	16	37.536	45.061
LG16	6490310	16	37.964	46.030
LG16	6562511	16	38.392	46.351
LG16	6596423	16	38.499	46.458
LG16	6602051	16	38.499	46.458
LG16	6611115	16	38.499	46.458
LG16	6629575	16	38.499	46.565
LG16	6636489	16	38.606	46.671
LG16	6636973	16	38.606	46.671
LG16	6665378	16	38.819	46.671
LG16	6670694	16	38.819	46.885
LG16	6716224	16	38.819	47.099
LG16	6720356	16	38.819	47.099
LG16	6727922	16	38.819	47.312
LG16	6733816	16	38.819	47.312
LG16	6733841	16	38.819	47.312
LG16	6795022	16	38.819	47.741
LG16	6795081	16	39.248	48.169
LG16	6802849	16	39.248	48.597
LG16	6835773	16	39.248	48.597
LG16	6849981	16	39.248	48.597
LG16	6850014	16	39.354	48.704
LG16	6850018	16	39.354	48.704
LG16	6855428	16	39.354	48.704
LG16	6855433	16	39.354	48.704
LG16	6855458	16	39.461	48.704
LG16	6879134	16	39.461	48.704
LG16	6882780	16	39.568	49.240
LG16	6931595	16	39.568	49.347
LG16	6968241	16	39.568	49.560
LG16	6984590	16	39.568	49.774
LG16	6998419	16	39.568	49.881
LG16	7003458	16	39.568	49.881
LG16	7023256	16	39.675	49.987
LG16	7025847	16	39.675	49.987
LG16	7067305	16	39.781	50.094
LG16	7084526	16	39.781	50.094
LG16	7097631	16	39.781	50.201
LG16	7109794	16	39.888	50.414
LG16	7109802	16	39.888	50.414
LG16	7109832	16	39.995	50.521
LG16	7112492	16	39.995	50.842
LG16	7135400	16	39.995	51.378
LG16	7140531	16	39.995	51.378
LG16	7146087	16	39.995	51.378
LG16	7149694	16	40.101	51.699
LG16	7161412	16	40.208	51.699
LG16	7208725	16	40.208	51.699
LG16	7208752	16	40.208	51.806
LG16	7214617	16	40.208	51.806
LG16	7214637	16	40.208	51.806
LG16	7238113	16	40.422	51.912
LG16	7238124	16	40.422	51.912
LG16	7241090	16	40.422	51.912
LG16	7241095	16	40.422	51.912
LG16	7241097	16	40.422	51.912
LG16	7250110	16	40.422	51.912
LG16	7272695	16	40.422	52.019
LG16	7272715	16	40.529	52.233
LG16	7276902	16	40.529	52.339
LG16	7276940	16	40.635	52.339
LG16	7281689	16	40.635	52.339
LG16	7320451	16	40.635	52.339
LG16	7327313	16	40.635	52.768
LG16	7330021	16	40.849	52.768
LG16	7360192	16	40.956	52.874
LG16	7389299	16	40.956	53.195
LG16	7404913	16	40.956	53.195
LG16	7447791	16	41.062	53.302
LG16	7447806	16	41.062	53.302
LG16	7462716	16	41.062	53.516
LG16	7481145	16	41.062	53.516
LG16	7508497	16	41.062	53.944
LG16	7548876	16	41.062	53.944
LG16	7578533	16	41.062	54.051
LG16	7592411	16	41.062	54.051
LG16	7602151	16	41.062	54.264
LG16	7602717	16	41.062	54.264
LG16	7602737	16	41.062	54.264
LG16	7602743	16	41.062	54.264
LG16	7602745	16	41.062	54.264
LG16	7602763	16	41.062	54.264
LG16	7603707	16	41.169	54.264
LG16	7605563	16	41.383	54.371
LG16	7628730	16	41.383	54.371
LG16	7628806	16	41.383	54.692
LG16	7647207	16	41.490	54.799
LG16	7654198	16	41.596	55.012
LG16	7675138	16	41.596	55.012
LG16	7685181	16	41.596	55.119
LG16	7693288	16	41.810	55.440
LG16	7750950	16	41.917	55.440
LG16	7777235	16	41.917	55.440
LG16	7874207	16	42.023	56.084
LG16	7874242	16	42.023	56.084
LG16	7874277	16	42.023	56.084
LG16	7881935	16	42.023	56.084
LG16	7932103	16	42.023	56.084
LG16	7932772	16	42.023	56.190
LG16	7936204	16	42.023	56.404
LG16	7936268	16	42.023	56.404
LG16	7936276	16	42.023	56.511
LG16	7996374	16	42.023	56.724
LG16	8017657	16	42.023	56.938
LG16	8021164	16	42.023	57.152
LG16	8032871	16	42.452	57.258
LG16	8099791	16	42.452	57.579
LG16	8108011	16	42.452	57.579
LG16	8108018	16	42.452	57.900
LG16	8109990	16	42.558	58.221
LG16	8180651	16	42.558	58.328
LG16	8208019	16	42.665	58.435
LG16	8225196	16	42.665	58.435
LG16	8235142	16	42.772	58.863
LG16	8240361	16	42.986	59.076
LG16	8358259	16	43.092	59.076
LG16	8368696	16	43.092	59.290
LG16	8458828	16	43.092	59.290
LG16	8479844	16	43.092	59.290
LG16	8484705	16	43.092	59.397
LG16	8486861	16	43.092	59.397
LG16	8530221	16	43.092	59.397
LG16	8546585	16	43.092	59.397
LG16	8550629	16	43.092	59.397
LG16	8550700	16	43.306	59.504
LG16	8563438	16	43.306	59.504
LG16	8563458	16	43.306	59.504
LG16	8563476	16	43.413	59.504
LG16	8590424	16	43.413	59.717
LG16	8597653	16	43.413	59.717
LG16	8618701	16	43.519	59.717
LG16	8633994	16	43.733	59.717
LG16	8673854	16	43.733	59.931
LG16	8711027	16	43.733	59.931
LG16	8721194	16	43.733	60.038
LG16	8721202	16	43.733	60.038
LG16	8721203	16	43.733	60.251
LG16	8726568	16	43.733	60.251
LG16	8742394	16	43.733	60.680
LG16	8760421	16	43.733	60.786
LG16	8770405	16	43.733	60.786
LG16	8780134	16	43.733	61.107
LG16	8825325	16	43.840	61.107
LG16	8846626	16	43.840	61.535
LG16	8850336	16	43.840	61.535
LG16	8928864	16	43.946	61.749
LG16	8950886	16	43.946	61.856
LG16	8950898	16	43.946	62.070
LG16	8950899	16	43.946	62.070
LG16	8950900	16	43.946	62.070
LG16	9000408	16	43.946	62.176
LG16	9080733	16	43.946	62.176
LG16	9124423	16	44.053	62.283
LG16	9166983	16	44.160	62.283
LG16	9166994	16	44.160	62.283
LG16	9185495	16	44.160	62.390
LG16	9185505	16	44.160	62.390
LG16	9195452	16	44.160	62.390
LG16	9195462	16	44.160	62.390
LG16	9204482	16	44.160	62.390
LG16	9223030	16	44.160	62.496
LG16	9223895	16	44.160	62.496
LG16	9246383	16	44.160	62.496
LG16	9246627	16	44.160	62.496
LG16	9246650	16	44.160	62.710
LG16	9246711	16	44.267	62.817
LG16	9286938	16	44.267	62.817
LG16	9314348	16	44.267	62.817
LG16	9314353	16	44.267	62.817
LG16	9321041	16	44.267	62.817
LG16	9321669	16	44.267	63.030
LG16	9324780	16	44.373	63.030
LG16	9345734	16	44.373	63.030
LG16	9347956	16	44.373	63.351
LG16	9382734	16	44.373	63.672
LG16	9393162	16	44.373	63.779
LG16	9401528	16	44.373	63.779
LG16	9448632	16	44.480	63.993
LG16	9529071	16	44.480	63.993
LG16	9620664	16	44.480	63.993
LG16	9622252	16	44.480	64.313
LG16	9629135	16	44.480	64.313
LG16	9651744	16	44.480	64.313
LG16	9651752	16	44.587	64.313
LG16	9687570	16	44.587	64.313
LG16	9688603	16	44.587	64.420
LG16	9692081	16	44.587	64.956
LG16	9692131	16	44.694	64.956
LG16	9754912	16	45.014	65.063
LG16	9754931	16	45.014	65.063
LG16	9754933	16	45.014	65.063
LG16	9754942	16	45.014	65.063
LG16	9754952	16	45.228	65.276
LG16	9769313	16	45.656	65.920
LG16	9769343	16	45.656	65.920
LG16	9769344	16	45.656	65.920
LG16	9769370	16	45.656	65.920
LG16	9775593	16	45.656	66.027
LG16	9779656	16	45.656	66.027
LG16	9819316	16	45.656	66.027
LG16	9849211	16	45.656	66.027
LG16	9884174	16	45.656	66.348
LG16	9892782	16	45.656	66.348
LG16	9892803	16	45.656	66.348
LG16	9897359	16	45.656	66.348
LG16	9897382	16	45.656	66.348
LG16	9927006	16	45.656	66.348
LG16	9952029	16	45.656	66.455
LG16	9952059	16	45.656	66.455
LG16	9952064	16	45.656	66.455
LG16	9971257	16	45.656	66.455
LG16	9984192	16	45.656	66.455
LG16	10014427	16	45.656	66.455
LG16	10031746	16	45.656	66.561
LG16	10033801	16	45.656	66.561
LG16	10047946	16	45.763	66.561
LG16	10060369	16	45.763	66.561
LG16	10105246	16	45.763	66.561
LG16	10105265	16	45.763	66.561
LG16	10105775	16	45.763	66.561
LG16	10145092	16	45.763	66.668
LG16	10185007	16	45.763	66.668
LG16	10190773	16	45.763	66.882
LG16	10205782	16	45.763	67.525
LG16	10243789	16	45.763	67.739
LG16	10243896	16	45.763	67.953
LG16	10287845	16	45.763	68.060
LG16	10376027	16	45.763	68.166
LG16	10407256	16	45.870	68.273
LG16	10433550	16	45.870	68.273
LG16	10513039	16	45.870	68.273
LG16	10555044	16	45.870	68.273
LG16	10555078	16	45.870	68.273
LG16	10563884	16	45.870	68.273
LG16	10563888	16	45.870	68.273
LG16	10565142	16	45.870	68.273
LG16	10620802	16	45.870	68.273
LG16	10648205	16	45.870	68.380
LG16	10656015	16	45.870	68.486
LG16	10665827	16	45.870	68.700
LG16	10683553	16	45.870	68.700
LG16	10703211	16	45.870	68.700
LG16	10709773	16	45.977	68.807
LG16	10709775	16	45.977	68.807
LG16	10709794	16	45.977	68.807
LG16	10713909	16	45.977	68.807
LG16	10716346	16	46.083	68.807
LG16	10745556	16	46.190	68.807
LG16	10745586	16	46.297	68.807
LG16	10747213	16	46.403	68.807
LG16	10747214	16	46.403	68.807
LG16	10753055	16	46.403	68.807
LG16	10753221	16	46.403	68.807
LG16	10762955	16	46.403	68.807
LG16	10791791	16	46.403	69.128
LG16	10791796	16	46.403	69.234
LG16	10862447	16	46.403	69.234
LG16	10876004	16	46.403	69.234
LG16	10876017	16	46.403	69.234
LG16	10881534	16	46.403	69.234
LG16	10898424	16	46.403	69.234
LG16	10908568	16	46.510	69.234
LG16	10930312	16	46.617	69.234
LG16	10937848	16	46.617	69.234
LG16	10940097	16	46.617	69.341
LG16	10940109	16	46.617	69.341
LG16	10957085	16	46.617	69.341
LG16	11100544	16	46.617	69.555
LG16	11139880	16	46.617	69.555
LG16	11139892	16	46.617	69.555
LG16	11145690	16	46.617	69.555
LG16	11151427	16	46.617	69.555
LG16	11166314	16	46.617	69.555
LG16	11166315	16	46.617	69.555
LG16	11166316	16	46.617	69.555
LG16	11189413	16	46.617	69.555
LG16	11205266	16	46.617	69.662
LG16	11237564	16	46.617	69.662
LG16	11244180	16	46.617	69.662
LG16	11253742	16	46.617	69.662
LG16	11255211	16	46.617	69.662
LG16	11313092	16	46.617	69.875
LG16	11313108	16	46.617	69.875
LG16	11316526	16	46.617	69.875
LG16	11321801	16	46.617	69.875
LG16	11328183	16	46.617	69.982
LG16	11339428	16	46.617	69.982
LG16	11362973	16	46.617	69.982
LG16	11362999	16	46.617	70.089
LG16	11363011	16	46.617	70.089
LG16	11385546	16	46.724	70.089
LG16	11385642	16	46.724	70.089
LG16	11409999	16	46.724	70.089
LG16	11423671	16	46.830	70.089
LG16	11438235	16	46.830	70.089
LG16	11566366	16	46.830	70.517
LG16	11582580	16	46.830	70.731
LG16	11649791	16	46.830	70.731
LG16	11709462	16	46.830	70.731
LG16	11722239	16	46.830	70.731
LG16	11743552	16	46.830	70.731
LG16	11773524	16	46.830	70.731
LG16	11844581	16	46.830	70.837
LG16	11940351	16	46.830	70.837
LG16	11958426	16	46.830	70.944
LG16	11964848	16	46.937	70.944
LG16	11977824	16	46.937	70.944
LG16	11980717	16	46.937	70.944
LG16	11980774	16	46.937	70.944
LG16	11983045	16	46.937	70.944
LG16	11983166	16	46.937	70.944
LG16	11987517	16	46.937	71.051
LG16	11995891	16	46.937	71.051
LG16	12015217	16	46.937	71.051
LG16	12015252	16	46.937	71.051
LG16	12058993	16	46.937	71.158
LG16	12088752	16	46.937	71.158
LG16	12108152	16	46.937	71.158
LG16	12108165	16	46.937	71.158
LG16	12108171	16	46.937	71.158
LG16	12108183	16	46.937	71.158
LG16	12122653	16	46.937	71.264
LG16	12128157	16	46.937	71.371
LG16	12167549	16	46.937	71.371
LG16	12231351	16	46.937	71.371
LG16	12231353	16	46.937	71.371
LG16	12279369	16	46.937	71.371
LG16	12308102	16	46.937	71.371
LG16	12318791	16	46.937	71.478
LG16	12336738	16	46.937	71.584
LG16	12336778	16	46.937	71.584
LG16	12354369	16	46.937	71.584
LG16	12368174	16	46.937	71.584
LG16	12630226	16	46.937	71.584
LG16	12919975	16	46.937	71.584
LG16	12993727	16	46.937	71.584
LG16	13167185	16	46.937	71.584
LG16	13344438	16	46.937	71.584
LG16	13428384	16	46.937	71.584
LG16	13441096	16	46.937	71.584
LG16	13441113	16	46.937	71.584
LG16	14060972	16	46.937	71.584
LG16	14311589	16	46.937	71.584
LG16	14312031	16	46.937	71.584
LG16	14352012	16	46.937	71.584
LG16	14483150	16	46.937	71.584
LG16	14609639	16	46.937	71.691
LG16	14662393	16	46.937	71.798
LG16	14712920	16	46.937	71.798
LG16	14726688	16	46.937	71.798
LG16	14757801	16	46.937	71.905
LG16	14834054	16	46.937	72.225
LG16	15004582	16	46.937	72.225
LG16	15121904	16	46.937	72.225
LG16	15163692	16	46.937	72.225
LG16	15239951	16	46.937	72.225
LG16	15250386	16	46.937	72.225
LG16	15261515	16	46.937	72.225
LG16	15268053	16	46.937	72.439
LG16	15268069	16	46.937	72.546
LG16	15291100	16	46.937	72.546
LG16	15306438	16	46.937	72.653
LG16	15347938	16	46.937	72.759
LG16	15370095	16	46.937	72.759
LG16	15393511	16	46.937	72.973
LG16	15404901	16	46.937	72.973
LG16	15479395	16	46.937	73.401
LG16	15480744	16	46.937	73.401
LG16	15517538	16	46.937	73.937
LG16	15594146	16	46.937	74.151
LG16	15664469	16	46.937	74.472
LG16	15669989	16	46.937	74.578
LG16	15710838	16	46.937	74.578
LG16	15710864	16	46.937	74.578
LG16	15721277	16	46.937	74.899
LG16	15722697	16	46.937	74.899
LG16	15722707	16	46.937	74.899
LG16	15735776	16	46.937	75.220
LG16	15735825	16	46.937	75.327
LG16	15735828	16	46.937	75.327
LG16	15761973	16	46.937	75.434
LG16	15762005	16	46.937	75.434
LG16	15766250	16	46.937	75.434
LG16	15766267	16	46.937	75.540
LG16	15791555	16	46.937	76.401
LG16	15799189	16	46.937	76.507
LG16	15799229	16	46.937	76.507
LG16	15808934	16	46.937	76.507
LG16	15816590	16	46.937	76.828
LG16	15819960	16	46.937	77.042
LG16	15819965	16	46.937	77.470
LG16	15836221	16	46.937	77.577
LG16	15871795	16	46.937	77.577
LG16	15874127	16	46.937	77.683
LG16	15880864	16	46.937	78.112
LG16	15892245	16	47.044	78.325
LG16	15892260	16	47.044	78.432
LG16	15898576	16	47.044	78.646
LG16	15905305	16	47.044	78.646
LG16	15917384	16	47.044	78.967
LG16	15951418	16	47.044	78.967
LG16	15961249	16	47.150	79.395
LG16	15964553	16	47.150	79.502
LG16	15977982	16	47.150	80.038
LG16	16012446	16	47.364	80.898
LG16	16058706	16	47.364	81.326
LG16	16075533	16	47.364	81.326
LG16	16078005	16	47.364	81.754
LG16	16145419	16	47.471	82.398
LG16	16160706	16	47.471	82.719
LG16	16176748	16	47.471	82.933
LG16	16186518	16	47.578	83.361
LG16	16256870	16	47.791	84.876
LG16	16256897	16	47.791	84.876
LG16	16260908	16	47.898	85.197
LG16	16260927	16	47.898	86.275
LG16	16279205	16	47.898	86.811
LG16	16340607	16	47.898	86.917
LG16	16370445	16	47.898	86.917
LG16	16383300	16	48.005	87.024
LG16	16458425	16	48.111	87.993
LG16	16458529	16	48.111	87.993
LG16	16458532	16	48.111	87.993
LG16	16458650	16	48.111	88.637
LG16	16480340	16	48.111	89.389
LG16	16519091	16	48.111	89.389
LG16	16573207	16	48.111	89.602
LG16	16587131	16	48.111	89.816
LG16	16643191	16	48.218	90.137
LG16	16710022	16	48.432	90.458
LG16	16710026	16	48.432	90.458
LG16	16745289	16	48.432	90.994
LG16	16745352	16	48.432	91.100
LG16	16745365	16	48.432	91.207
LG16	16779525	16	48.539	91.421
LG16	16793455	16	48.539	91.634
LG16	16796200	16	48.539	91.741
LG16	16796232	16	48.539	91.741
LG16	16814084	16	48.539	91.741
LG16	16814131	16	48.539	91.955
LG16	16814133	16	48.539	91.955
LG16	16818050	16	48.539	92.168
LG16	16821965	16	48.539	92.275
LG16	16822670	16	48.539	92.275
LG16	16830538	16	48.539	92.596
LG16	16846612	16	48.539	92.703
LG16	16847460	16	48.539	93.024
LG16	16877312	16	48.645	93.775
LG16	16877879	16	48.645	93.989
LG16	16924864	16	48.645	94.096
LG16	16935671	16	48.645	94.310
LG16	16949365	16	48.752	94.523
LG16	16949388	16	48.752	94.630
LG16	16964193	16	48.752	94.737
LG16	16965920	16	48.752	95.058
LG16	16969775	16	48.859	96.026
LG16	16987369	16	48.965	96.133
LG16	16987407	16	49.179	96.561
LG16	17052179	16	49.286	96.990
LG16	17065715	16	49.393	97.310
LG16	17123616	16	49.499	97.846
LG16	17145248	16	49.499	97.953
LG16	17147826	16	49.499	98.489
LG16	17187608	16	49.713	99.676
LG16	17209569	16	49.713	99.676
LG16	17258986	16	49.713	100.104
LG16	17277679	16	49.713	100.104
LG16	17277685	16	49.713	100.104
LG16	17277702	16	49.713	100.104
LG16	17288358	16	49.820	100.104
LG16	17288359	16	50.033	100.748
LG16	17322437	16	50.140	100.854
LG16	17323083	16	50.140	100.961
LG16	17360310	16	50.247	101.175
LG16	17396777	16	50.461	102.035
LG16	17491789	16	50.461	102.356
LG16	17491798	16	50.461	103.434
LG16	17535271	16	50.461	103.540
LG16	17552543	16	50.567	104.076
LG16	17578380	16	50.567	104.397
LG16	17614751	16	50.567	104.611
LG16	17627420	16	50.674	104.824
LG16	17638011	16	50.674	104.824
LG16	17668241	16	50.674	105.253
LG16	17669761	16	50.781	105.253
LG16	17681032	16	50.781	105.253
LG16	17693772	16	50.781	105.466
LG16	17697812	16	50.781	106.218
LG16	17713418	16	50.781	106.325
LG16	17754860	16	50.781	106.432
LG16	17804292	16	50.887	106.538
LG16	17807680	16	50.887	106.967
LG16	17888606	16	50.887	107.180
LG16	17888635	16	50.994	107.287
LG16	17896376	16	51.101	107.394
LG16	17896387	16	51.101	107.394
LG16	17922963	16	51.315	107.501
LG16	17923946	16	51.315	107.607
LG16	17923980	16	51.315	108.143
LG16	18005145	16	51.315	109.003
LG16	18005149	16	51.315	109.003
LG16	18015136	16	51.315	109.003
LG16	18073045	16	51.315	109.864
LG16	18073056	16	51.315	109.970
LG16	18104251	16	51.421	110.506
LG16	18117719	16	51.421	110.506
LG16	18118049	16	51.421	110.613
LG16	18125094	16	51.421	110.613
LG16	18134953	16	51.421	110.613
LG16	18152791	16	51.421	110.613
LG16	18152803	16	51.421	110.613
LG16	18154060	16	51.421	111.149
LG16	18154084	16	51.421	111.256
LG16	18203436	16	51.635	111.469
LG16	18220937	16	51.635	111.469
LG16	18251884	16	51.635	111.576
LG16	18273388	16	51.742	111.576
LG16	18282609	16	51.742	111.576
LG16	18310450	16	51.848	111.897
LG16	18310474	16	51.848	111.897
LG16	18316451	16	51.848	112.111
LG16	18316462	16	51.848	112.111
LG16	18321876	16	51.848	112.217
LG16	18321897	16	51.848	112.324
LG16	18329471	16	51.848	112.431
LG16	18342680	16	51.848	112.431
LG16	18342727	16	51.848	112.537
LG16	18342763	16	51.848	112.537
LG16	18342780	16	51.848	112.537
LG16	18364100	16	52.062	113.181
LG16	18384310	16	52.062	113.181
LG16	18384317	16	52.062	113.181
LG16	18384319	16	52.062	113.181
LG16	18384327	16	52.062	113.288
LG16	18418942	16	52.383	113.609
LG16	18419078	16	52.383	113.716
LG16	18422874	16	52.383	113.716
LG16	18422879	16	52.383	113.822
LG16	18422888	16	52.383	114.251
LG16	18461451	16	52.383	114.357
LG16	18464649	16	52.490	115.109
LG16	18473576	16	52.703	115.537
LG16	18538852	16	52.810	116.398
LG16	18543874	16	52.917	116.398
LG16	18543881	16	52.917	116.398
LG16	18543891	16	52.917	116.398
LG16	18543892	16	52.917	116.398
LG16	18591781	16	53.130	116.504
LG16	18591810	16	53.130	116.718
LG16	18591835	16	53.130	116.718
LG16	18611428	16	53.130	116.718
LG16	18611644	16	53.130	117.254
LG16	18654455	16	53.344	117.361
LG16	18680643	16	53.344	117.467
LG16	18778305	16	53.344	117.681
LG16	18787155	16	53.451	117.788
LG16	18856661	16	53.451	117.788
LG16	18860348	16	53.451	117.788
LG16	18860356	16	53.451	117.788
LG16	18860383	16	53.451	117.788
LG16	18867135	16	53.451	117.788
LG16	18867137	16	53.451	117.788
LG16	18887578	16	53.451	117.788
LG16	18887623	16	53.451	117.897
LG16	18890063	16	53.451	117.897
LG16	18890066	16	53.451	117.897
LG16	18902504	16	53.451	118.005
LG16	18915657	16	53.558	118.114
LG16	18935513	16	53.558	118.114
LG16	18938543	16	53.558	118.114
LG16	18938552	16	53.558	118.114
LG16	18938579	16	53.664	118.333
LG16	19025777	16	53.664	118.333
LG16	19040550	16	53.772	118.552
LG16	19093862	16	53.772	118.662
LG16	19119754	16	53.772	118.662
LG16	19166799	16	53.884	118.662
LG16	19166849	16	53.884	118.662
LG16	19193219	16	53.884	118.662
LG16	19219371	16	54.021	118.662
LG16	19231889	16	54.021	118.662
LG16	19231904	16	54.021	118.662
LG17	30475	17	0.000	0.000
LG17	44638	17	0.000	0.668
LG17	60322	17	0.224	0.839
LG17	67432	17	0.224	0.839
LG17	134713	17	0.530	0.839
LG17	134718	17	0.530	0.839
LG17	134719	17	0.530	0.839
LG17	135698	17	0.530	0.839
LG17	203172	17	0.651	0.839
LG17	230800	17	0.767	0.839
LG17	243348	17	0.878	0.839
LG17	249329	17	0.988	0.839
LG17	249338	17	0.988	0.839
LG17	267109	17	1.096	0.949
LG17	268176	17	1.096	0.949
LG17	297240	17	1.417	0.949
LG17	334254	17	1.417	0.949
LG17	344478	17	1.523	1.163
LG17	361836	17	1.523	1.163
LG17	389483	17	1.523	1.163
LG17	420176	17	1.630	1.270
LG17	420185	17	1.737	1.270
LG17	420191	17	1.737	1.270
LG17	420198	17	1.737	1.270
LG17	455910	17	1.843	1.270
LG17	464589	17	1.843	1.270
LG17	479330	17	1.843	1.270
LG17	502346	17	1.843	1.270
LG17	502360	17	1.843	1.377
LG17	502366	17	1.843	1.377
LG17	502372	17	1.950	1.698
LG17	568909	17	1.950	1.698
LG17	587932	17	1.950	1.698
LG17	587938	17	1.950	1.698
LG17	587955	17	1.950	1.698
LG17	593686	17	2.164	1.698
LG17	609890	17	2.271	1.804
LG17	632491	17	2.271	1.804
LG17	632506	17	2.377	2.018
LG17	632551	17	2.698	2.018
LG17	638831	17	2.698	2.018
LG17	638834	17	2.698	2.018
LG17	648633	17	2.698	2.232
LG17	676453	17	2.698	2.232
LG17	691141	17	3.234	2.338
LG17	720405	17	3.448	2.445
LG17	800559	17	3.448	2.445
LG17	840496	17	3.661	3.632
LG17	883577	17	3.875	3.739
LG17	883585	17	3.982	3.952
LG17	928197	17	4.089	4.059
LG17	928217	17	4.089	4.059
LG17	928231	17	4.089	4.059
LG17	928235	17	4.089	4.059
LG17	996042	17	4.517	4.595
LG17	996047	17	4.517	4.595
LG17	996059	17	4.517	4.595
LG17	1047573	17	4.730	4.702
LG17	1069296	17	4.837	4.915
LG17	1098305	17	4.837	4.915
LG17	1119267	17	5.373	5.022
LG17	1136828	17	5.480	5.450
LG17	1136837	17	5.480	5.450
LG17	1136873	17	5.587	5.450
LG17	1148651	17	5.587	5.557
LG17	1148673	17	5.587	5.664
LG17	1225751	17	5.693	5.664
LG17	1232752	17	5.800	5.770
LG17	1232784	17	5.800	5.770
LG17	1250017	17	5.800	5.770
LG17	1250068	17	5.800	5.770
LG17	1250089	17	5.907	5.770
LG17	1260875	17	6.120	5.877
LG17	1262930	17	6.120	5.877
LG17	1262957	17	6.227	5.877
LG17	1262965	17	6.227	5.877
LG17	1284582	17	6.441	5.877
LG17	1301037	17	6.762	6.413
LG17	1301045	17	6.975	6.520
LG17	1321257	17	6.975	6.948
LG17	1321287	17	7.082	7.592
LG17	1361093	17	7.189	8.020
LG17	1380280	17	7.296	8.020
LG17	1447698	17	8.264	8.234
LG17	1455797	17	8.264	8.234
LG17	1465434	17	8.585	8.448
LG17	1491500	17	8.585	8.554
LG17	1491521	17	8.585	8.661
LG17	1548662	17	8.799	9.305
LG17	1548663	17	8.799	9.305
LG17	1548677	17	8.906	9.518
LG17	1548708	17	8.906	9.625
LG17	1548711	17	9.012	9.625
LG17	1563048	17	9.012	9.625
LG17	1576859	17	9.226	10.053
LG17	1588129	17	9.547	10.267
LG17	1630910	17	9.975	10.481
LG17	1680084	17	9.975	10.481
LG17	1680087	17	9.975	10.481
LG17	1680088	17	9.975	10.481
LG17	1680121	17	9.975	10.587
LG17	1680134	17	10.082	10.694
LG17	1699749	17	10.403	10.694
LG17	1712684	17	10.509	10.908
LG17	1712817	17	10.509	11.336
LG17	1747161	17	10.509	11.443
LG17	1747185	17	10.616	11.550
LG17	1760319	17	10.616	11.763
LG17	1762673	17	10.723	11.977
LG17	1770776	17	10.723	11.977
LG17	1771132	17	10.723	11.977
LG17	1773037	17	10.830	12.084
LG17	1785245	17	11.258	12.727
LG17	1791470	17	11.472	12.727
LG17	1837733	17	11.578	12.727
LG17	1837808	17	11.578	13.156
LG17	1909204	17	12.222	13.369
LG17	1909218	17	12.222	13.369
LG17	1959283	17	12.329	13.583
LG17	1965671	17	12.435	13.797
LG17	1992974	17	12.435	13.797
LG17	2020445	17	12.864	14.010
LG17	2020594	17	13.077	14.010
LG17	2056932	17	13.291	14.117
LG17	2058062	17	13.398	14.117
LG17	2058406	17	13.505	14.331
LG17	2058418	17	13.505	14.331
LG17	2093163	17	13.611	14.331
LG17	2093186	17	13.611	14.545
LG17	2111538	17	13.611	14.545
LG17	2140512	17	13.611	14.758
LG17	2140599	17	13.611	14.865
LG17	2144637	17	13.932	15.293
LG17	2217740	17	14.039	15.400
LG17	2262485	17	14.253	15.614
LG17	2290354	17	14.466	16.042
LG17	2297099	17	14.573	16.470
LG17	2324371	17	14.680	16.577
LG17	2371211	17	14.893	16.791
LG17	2396991	17	15.107	16.791
LG17	2419757	17	15.107	16.791
LG17	2430025	17	15.214	16.791
LG17	2462757	17	15.535	16.897
LG17	2462765	17	15.641	16.897
LG17	2484723	17	15.855	17.111
LG17	2501716	17	15.962	17.111
LG17	2558049	17	16.605	17.539
LG17	2579834	17	17.034	17.860
LG17	2608296	17	17.462	18.288
LG17	2661567	17	17.569	18.395
LG17	2676164	17	17.997	18.502
LG17	2687975	17	18.211	18.502
LG17	2687978	17	18.211	18.715
LG17	2687983	17	18.317	19.144
LG17	2697745	17	18.424	19.250
LG17	2763521	17	19.502	20.002
LG17	2765357	17	19.502	20.109
LG17	2765400	17	19.502	20.109
LG17	2773863	17	19.608	20.430
LG17	2781929	17	19.929	20.537
LG17	2781965	17	19.929	20.537
LG17	2785998	17	19.929	20.537
LG17	2792926	17	19.929	20.750
LG17	2792929	17	20.036	20.750
LG17	2792962	17	20.036	20.857
LG17	2793101	17	20.036	20.857
LG17	2793126	17	20.036	20.857
LG17	2793159	17	20.036	20.857
LG17	2795258	17	20.250	20.964
LG17	2795260	17	20.463	20.964
LG17	2802853	17	20.677	20.964
LG17	2802896	17	20.784	21.177
LG17	2809595	17	21.105	21.391
LG17	2838160	17	21.105	22.035
LG17	2852603	17	21.211	22.463
LG17	2852612	17	21.318	22.677
LG17	2858590	17	21.532	23.213
LG17	2870368	17	21.960	23.641
LG17	2909883	17	21.960	23.641
LG17	2927335	17	22.388	24.828
LG17	2932628	17	22.602	25.149
LG17	2948891	17	22.602	25.255
LG17	3000891	17	22.816	25.362
LG17	3002999	17	23.029	25.790
LG17	3003609	17	23.243	25.790
LG17	3013479	17	23.243	25.790
LG17	3015722	17	23.243	26.434
LG17	3015733	17	23.243	26.541
LG17	3016945	17	23.243	26.647
LG17	3042250	17	23.243	26.754
LG17	3081622	17	23.350	26.754
LG17	3140815	17	23.350	26.968
LG17	3140865	17	23.350	26.968
LG17	3144983	17	23.350	27.075
LG17	3144989	17	23.456	27.075
LG17	3167090	17	23.563	27.611
LG17	3167810	17	23.670	27.717
LG17	3183549	17	23.777	27.717
LG17	3183553	17	23.777	27.717
LG17	3183562	17	23.990	27.931
LG17	3183584	17	23.990	27.931
LG17	3184250	17	24.204	28.145
LG17	3200707	17	24.311	28.358
LG17	3284704	17	24.311	28.358
LG17	3284741	17	24.417	28.572
LG17	3284742	17	24.417	28.679
LG17	3320524	17	24.524	29.215
LG17	3335194	17	24.952	29.535
LG17	3344876	17	25.166	29.535
LG17	3364555	17	25.380	30.179
LG17	3364565	17	25.380	30.286
LG17	3364605	17	25.593	30.393
LG17	3365158	17	25.807	30.714
LG17	3519357	17	26.451	31.900
LG17	3538902	17	26.451	31.900
LG17	3538912	17	26.451	32.007
LG17	3538939	17	26.451	32.007
LG17	3538951	17	26.451	32.007
LG17	3604800	17	26.451	32.435
LG17	3604813	17	26.451	32.971
LG17	3631488	17	26.558	33.185
LG17	3642078	17	26.558	33.185
LG17	3691073	17	26.664	33.185
LG17	3691100	17	26.771	33.506
LG17	3696500	17	26.985	33.506
LG17	3715988	17	26.985	33.506
LG17	3716001	17	27.092	33.719
LG17	3721445	17	27.198	33.826
LG17	3721460	17	27.412	33.826
LG17	3762601	17	27.626	34.362
LG17	3775344	17	27.732	34.683
LG17	3775792	17	27.732	34.683
LG17	3788568	17	27.732	34.896
LG17	3801604	17	27.839	35.110
LG17	3810900	17	27.839	35.110
LG17	3810999	17	27.839	35.324
LG17	3813133	17	28.160	35.324
LG17	3822512	17	28.374	35.860
LG17	3822516	17	28.374	35.860
LG17	3866053	17	28.374	35.966
LG17	3919323	17	28.909	36.180
LG17	3919328	17	28.909	36.180
LG17	3919333	17	28.909	36.180
LG17	3919346	17	28.909	36.180
LG17	3923287	17	29.016	36.608
LG17	4007261	17	29.230	36.929
LG17	4007277	17	29.230	36.929
LG17	4039269	17	29.230	36.929
LG17	4042187	17	29.337	36.929
LG17	4042421	17	29.443	37.143
LG17	4050704	17	29.657	37.250
LG17	4166283	17	29.871	37.571
LG17	4176554	17	29.871	37.571
LG17	4176574	17	29.871	37.571
LG17	4211393	17	30.192	37.677
LG17	4216631	17	30.192	37.784
LG17	4217997	17	30.298	37.998
LG17	4243265	17	30.512	38.319
LG17	4269277	17	30.512	38.639
LG17	4278438	17	30.512	38.746
LG17	4278460	17	30.619	38.853
LG17	4337633	17	30.619	39.174
LG17	4337642	17	30.725	39.174
LG17	4362506	17	30.725	39.174
LG17	4362508	17	30.725	39.280
LG17	4395026	17	30.725	39.494
LG17	4395085	17	30.725	39.601
LG17	4410886	17	31.046	39.922
LG17	4410904	17	31.367	40.135
LG17	4411063	17	31.474	40.456
LG17	4442060	17	32.010	41.208
LG17	4442092	17	32.010	41.208
LG17	4573241	17	32.116	41.315
LG17	4631216	17	32.116	41.422
LG17	4671111	17	32.330	41.422
LG17	4671116	17	32.330	41.422
LG17	4677095	17	32.544	41.742
LG17	4690916	17	33.080	41.956
LG17	4793754	17	33.080	42.063
LG17	4813815	17	33.080	42.063
LG17	4817665	17	33.080	42.063
LG17	4823522	17	33.293	42.276
LG17	4847522	17	33.507	42.597
LG17	4859018	17	33.614	42.597
LG17	4862309	17	33.827	42.597
LG17	4909869	17	34.148	42.597
LG17	4913237	17	34.148	42.811
LG17	4965571	17	34.255	42.811
LG17	4969093	17	34.362	42.811
LG17	4969104	17	34.575	42.811
LG17	4994676	17	35.004	43.347
LG17	4994716	17	35.004	43.347
LG17	4995066	17	35.217	43.347
LG17	5062752	17	35.217	43.454
LG17	5062754	17	35.217	43.454
LG17	5129307	17	35.217	43.667
LG17	5129381	17	35.431	43.774
LG17	5170286	17	35.538	43.774
LG17	5170323	17	35.538	43.881
LG17	5203719	17	35.538	43.881
LG17	5203727	17	35.751	43.881
LG17	5215509	17	35.751	43.881
LG17	5215514	17	35.751	43.881
LG17	5224126	17	35.751	44.094
LG17	5224142	17	35.751	44.094
LG17	5234494	17	35.965	44.201
LG17	5234521	17	35.965	44.201
LG17	5255128	17	36.072	44.201
LG17	5255132	17	36.072	44.201
LG17	5255134	17	36.072	44.308
LG17	5267877	17	36.286	44.308
LG17	5272024	17	36.286	44.415
LG17	5293094	17	36.286	44.415
LG17	5297247	17	36.392	44.415
LG17	5318522	17	36.392	44.628
LG17	5322174	17	36.392	44.628
LG17	5322975	17	36.392	44.628
LG17	5370746	17	36.928	44.949
LG17	5378493	17	36.928	44.949
LG17	5378502	17	36.928	44.949
LG17	5414666	17	36.928	44.949
LG17	5417408	17	36.928	44.949
LG17	5417414	17	36.928	44.949
LG17	5417424	17	36.928	44.949
LG17	5473506	17	37.249	44.949
LG17	5507100	17	37.463	44.949
LG17	5507106	17	37.463	44.949
LG17	5507155	17	37.463	44.949
LG17	5524743	17	37.463	45.056
LG17	5524744	17	37.463	45.056
LG17	5524765	17	37.463	45.056
LG17	5526344	17	37.463	45.056
LG17	5526519	17	37.463	45.056
LG17	5536997	17	37.463	45.056
LG17	5554490	17	37.463	45.270
LG17	5574808	17	37.569	45.376
LG17	5591839	17	37.569	45.376
LG17	5594339	17	37.569	45.483
LG17	5610692	17	37.569	45.483
LG17	5617375	17	37.569	45.590
LG17	5640457	17	37.998	45.590
LG17	5648347	17	38.211	46.018
LG17	5794272	17	38.211	46.125
LG17	5809191	17	38.211	46.231
LG17	5843953	17	38.640	46.231
LG17	5920466	17	38.960	46.338
LG17	5920467	17	38.960	46.338
LG17	5943031	17	38.960	46.766
LG17	6088204	17	39.174	46.766
LG17	6146943	17	39.281	46.766
LG17	6163929	17	39.281	47.087
LG17	6163952	17	39.281	47.087
LG17	6176311	17	39.281	47.087
LG17	6233315	17	39.281	47.301
LG17	6233545	17	39.281	47.301
LG17	6234320	17	39.281	47.301
LG17	6234329	17	39.281	47.301
LG17	6234333	17	39.281	47.301
LG17	6235822	17	39.281	47.301
LG17	6238948	17	39.281	47.408
LG17	6276086	17	39.388	47.408
LG17	6318732	17	39.388	47.514
LG17	6341914	17	39.388	47.835
LG17	6341915	17	39.388	47.835
LG17	6395595	17	39.388	48.587
LG17	6401088	17	39.388	49.015
LG17	6401128	17	39.388	49.122
LG17	6466068	17	39.388	49.443
LG17	6466196	17	39.388	49.443
LG17	6466198	17	39.388	49.550
LG17	6501667	17	39.388	49.550
LG17	6526647	17	39.494	49.656
LG17	6540598	17	39.708	49.870
LG17	6545235	17	39.708	49.977
LG17	6580967	17	39.708	49.977
LG17	6583782	17	39.708	50.190
LG17	6583793	17	39.708	50.297
LG17	6585101	17	39.708	50.404
LG17	6585102	17	39.708	50.404
LG17	6627064	17	39.815	50.511
LG17	6637922	17	39.921	50.724
LG17	6637923	17	39.921	50.724
LG17	6640850	17	39.921	50.831
LG17	6640906	17	40.028	50.831
LG17	6656658	17	40.028	50.938
LG17	6662677	17	40.028	50.938
LG17	6811835	17	40.564	51.045
LG17	6827601	17	40.671	51.045
LG17	6854999	17	40.671	51.045
LG17	6855004	17	40.671	51.045
LG17	6902262	17	40.671	51.151
LG17	6902272	17	40.671	51.151
LG17	6928037	17	40.671	51.151
LG17	6928698	17	40.671	51.151
LG17	6928703	17	40.671	51.151
LG17	6961656	17	40.671	51.258
LG17	7104859	17	40.671	51.365
LG17	7107900	17	40.671	51.471
LG17	7107909	17	40.671	51.471
LG17	7116522	17	40.671	51.471
LG17	7116542	17	40.671	51.471
LG17	7116912	17	40.671	51.471
LG17	7125965	17	40.671	51.578
LG17	7151822	17	40.671	51.685
LG17	7194938	17	40.884	51.792
LG17	7276421	17	40.884	52.112
LG17	7337237	17	40.991	52.326
LG17	7377498	17	40.991	52.326
LG17	7380527	17	40.991	52.326
LG17	7380551	17	40.991	52.326
LG17	7387412	17	40.991	52.540
LG17	7446535	17	40.991	52.647
LG17	7464766	17	40.991	52.753
LG17	7464767	17	40.991	52.753
LG17	7481730	17	41.205	52.967
LG17	7491189	17	41.312	53.181
LG17	7491216	17	41.312	53.287
LG17	7491225	17	41.312	53.287
LG17	7491228	17	41.312	53.287
LG17	7493276	17	41.312	53.716
LG17	7557848	17	41.312	53.822
LG17	7563013	17	41.312	53.822
LG17	7656749	17	41.312	54.036
LG17	7694710	17	41.312	54.357
LG17	7810913	17	41.312	54.571
LG17	7908459	17	41.312	54.571
LG17	7908469	17	41.312	54.571
LG17	7918806	17	41.312	54.677
LG17	7926685	17	41.312	54.784
LG17	7931306	17	41.312	54.784
LG17	7942692	17	41.312	54.891
LG17	7952868	17	41.312	54.891
LG17	7992012	17	41.312	54.891
LG17	8082552	17	41.312	54.891
LG17	8082561	17	41.312	54.891
LG17	8130397	17	41.312	55.104
LG17	8158279	17	41.312	55.104
LG17	8158322	17	41.418	55.533
LG17	8172270	17	41.418	55.533
LG17	8172288	17	41.418	55.533
LG17	8172340	17	41.525	55.961
LG17	8257933	17	41.525	56.175
LG17	8296514	17	41.525	56.281
LG17	8323838	17	41.632	56.710
LG17	8398437	17	41.632	56.710
LG17	8398474	17	41.632	57.138
LG17	8433914	17	41.632	57.138
LG17	8443347	17	41.632	57.782
LG17	8500051	17	41.632	57.995
LG17	8543702	17	41.632	58.209
LG17	8543739	17	41.632	58.209
LG17	8567655	17	41.632	58.745
LG17	8598550	17	41.632	58.745
LG17	8603674	17	41.632	58.745
LG17	8606133	17	41.632	58.852
LG17	8701022	17	41.739	59.280
LG17	8701029	17	41.739	59.280
LG17	8701036	17	41.739	59.387
LG17	8704843	17	41.845	59.600
LG17	8713064	17	41.845	60.136
LG17	8718469	17	41.845	60.888
LG17	8718577	17	41.845	61.102
LG17	8728640	17	41.845	61.102
LG17	9080510	17	41.845	61.208
LG17	9081103	17	41.845	61.208
LG17	9081135	17	41.845	61.315
LG17	9098915	17	41.952	61.529
LG17	9288129	17	41.952	61.636
LG17	9323474	17	41.952	61.956
LG17	9343243	17	41.952	62.063
LG17	9388975	17	41.952	62.170
LG17	9398273	17	41.952	62.277
LG17	9402056	17	41.952	62.277
LG17	9413179	17	41.952	62.277
LG17	9421821	17	41.952	62.277
LG17	9421830	17	41.952	62.277
LG17	9421845	17	41.952	62.277
LG17	9430594	17	41.952	62.277
LG17	9430595	17	41.952	62.277
LG17	9430608	17	41.952	62.277
LG17	9452252	17	42.059	62.490
LG17	9461368	17	42.059	62.490
LG17	9503179	17	42.059	62.490
LG17	9515887	17	42.059	62.490
LG17	9516113	17	42.059	62.490
LG17	9517092	17	42.059	62.490
LG17	9528553	17	42.059	62.490
LG17	9546076	17	42.059	62.597
LG17	9589414	17	42.059	62.597
LG17	9595903	17	42.059	62.704
LG17	9611397	17	42.059	62.917
LG17	9611412	17	42.059	62.917
LG17	9620072	17	42.059	62.917
LG17	9640731	17	42.059	62.917
LG17	9643529	17	42.059	62.917
LG17	9649835	17	42.059	63.024
LG17	9656753	17	42.059	63.024
LG17	9657858	17	42.059	63.024
LG17	9668415	17	42.165	63.131
LG17	9685743	17	42.272	63.559
LG17	9685754	17	42.272	63.559
LG17	9696080	17	42.272	63.773
LG17	9696135	17	42.272	63.773
LG17	9727299	17	42.272	63.773
LG17	9727381	17	42.272	63.773
LG17	9728921	17	42.272	63.773
LG17	9728936	17	42.272	63.773
LG17	9735646	17	42.272	63.773
LG17	9735647	17	42.272	63.773
LG17	9769617	17	42.272	63.773
LG17	9772575	17	42.272	63.773
LG17	9772598	17	42.272	63.773
LG17	9772605	17	42.272	63.773
LG17	9772610	17	42.272	63.773
LG17	9775552	17	42.272	63.773
LG17	9791556	17	42.379	63.773
LG17	9792992	17	42.379	63.880
LG17	9799390	17	42.379	63.880
LG17	9802455	17	42.379	63.986
LG17	9802546	17	42.379	64.307
LG17	9816708	17	42.379	64.307
LG17	9828193	17	42.379	64.307
LG17	9876638	17	42.379	64.414
LG17	9878435	17	42.379	64.414
LG17	9979146	17	42.379	64.414
LG17	9989274	17	42.379	64.521
LG17	10001504	17	42.379	64.627
LG17	10002276	17	42.379	64.734
LG17	10012545	17	42.379	64.734
LG17	10024061	17	42.379	64.734
LG17	10040286	17	42.379	64.734
LG17	10066206	17	42.379	64.734
LG17	10077641	17	42.379	64.734
LG17	10095390	17	42.379	64.841
LG17	10119497	17	42.379	64.947
LG17	10124193	17	42.379	64.947
LG17	10214506	17	42.379	64.947
LG17	10287730	17	42.379	65.268
LG17	10324616	17	42.379	65.375
LG17	10344243	17	42.379	65.375
LG17	10373139	17	42.379	65.482
LG17	10393343	17	42.379	65.482
LG17	10427761	17	42.379	65.695
LG17	10530349	17	42.486	66.016
LG17	10579703	17	42.486	66.123
LG17	10579728	17	42.486	66.230
LG17	10617066	17	42.486	66.443
LG17	10617083	17	42.486	66.550
LG17	10696215	17	42.486	66.657
LG17	10744956	17	42.486	66.978
LG17	10749582	17	42.486	67.191
LG17	10774828	17	42.486	67.191
LG17	10792987	17	42.486	67.298
LG17	10836282	17	42.486	67.298
LG17	10836292	17	42.486	67.298
LG17	10838155	17	42.486	67.298
LG17	10847976	17	42.486	67.298
LG17	11038109	17	42.486	67.512
LG17	11041992	17	42.486	67.512
LG17	11061834	17	42.486	67.512
LG17	11082072	17	42.486	67.512
LG17	11082113	17	42.486	67.512
LG17	11086435	17	42.486	67.512
LG17	11086455	17	42.486	67.512
LG17	11099477	17	42.486	67.512
LG17	11144026	17	42.486	67.512
LG17	11158805	17	42.486	67.512
LG17	11278247	17	42.486	67.512
LG17	11302631	17	42.486	67.833
LG17	11317407	17	42.486	67.833
LG17	11317430	17	42.486	67.939
LG17	11335412	17	42.486	67.939
LG17	11352765	17	42.486	67.939
LG17	11352783	17	42.486	67.939
LG17	11352852	17	42.486	67.939
LG17	11352855	17	42.486	67.939
LG17	11378280	17	42.486	67.939
LG17	11383126	17	42.486	67.939
LG17	11386202	17	42.486	67.939
LG17	11394002	17	42.486	68.153
LG17	11483018	17	42.486	68.153
LG17	11489878	17	42.486	68.153
LG17	11572793	17	42.486	68.260
LG17	11578346	17	42.486	68.366
LG17	11590987	17	42.486	68.366
LG17	11594822	17	42.486	68.366
LG17	11594843	17	42.486	68.366
LG17	11612261	17	42.486	68.366
LG17	11625803	17	42.486	68.473
LG17	11625811	17	42.486	68.473
LG17	11625823	17	42.486	68.473
LG17	11632111	17	42.486	68.473
LG17	11640259	17	42.486	68.580
LG17	11675293	17	42.486	68.580
LG17	11680079	17	42.486	68.580
LG17	11680103	17	42.486	68.580
LG17	11700290	17	42.486	68.580
LG17	11700291	17	42.486	68.580
LG17	11700312	17	42.486	68.687
LG17	11720495	17	42.486	68.687
LG17	11769814	17	42.486	68.687
LG17	11769817	17	42.486	68.687
LG17	11830401	17	42.486	68.687
LG17	11847847	17	42.486	68.687
LG17	11849009	17	42.486	68.687
LG17	11875794	17	42.486	68.687
LG17	11885078	17	42.486	68.687
LG17	11895627	17	42.486	68.687
LG17	11946384	17	42.486	68.687
LG17	11946475	17	42.486	68.687
LG17	11949758	17	42.486	68.687
LG17	12062095	17	42.486	68.687
LG17	12135644	17	42.486	68.687
LG17	12148997	17	42.486	68.687
LG17	12160928	17	42.486	68.687
LG17	12169072	17	42.486	68.687
LG17	12251413	17	42.486	68.687
LG17	12251415	17	42.486	68.687
LG17	12257310	17	42.486	68.687
LG17	12295467	17	42.486	68.687
LG17	12295481	17	42.486	68.687
LG17	12312049	17	42.486	68.687
LG17	12335965	17	42.486	68.687
LG17	12396887	17	42.486	68.687
LG17	12396893	17	42.486	68.687
LG17	12403240	17	42.486	68.687
LG17	12420834	17	42.486	68.793
LG17	12511369	17	42.486	68.793
LG17	12536989	17	42.486	68.793
LG17	12612123	17	42.486	68.793
LG17	12714120	17	42.486	68.900
LG17	12722858	17	42.486	68.900
LG17	12769331	17	42.486	68.900
LG17	12873909	17	42.486	68.900
LG17	13414414	17	42.486	68.900
LG17	13672160	17	42.486	68.900
LG17	13672186	17	42.486	68.900
LG17	13709803	17	42.486	68.900
LG17	13744706	17	42.486	68.900
LG17	13839998	17	42.486	68.900
LG17	13916231	17	42.486	69.007
LG17	13983595	17	42.486	69.007
LG17	13985064	17	42.486	69.007
LG17	13985067	17	42.486	69.007
LG17	13985156	17	42.486	69.007
LG17	14029572	17	42.486	69.007
LG17	14029579	17	42.486	69.007
LG17	14046006	17	42.486	69.007
LG17	14059858	17	42.486	69.007
LG17	14198610	17	42.486	69.007
LG17	14217918	17	42.486	69.007
LG17	14220204	17	42.486	69.007
LG17	14269507	17	42.486	69.007
LG17	14378265	17	42.486	69.007
LG17	14416689	17	42.486	69.114
LG17	14421835	17	42.486	69.114
LG17	14436978	17	42.486	69.220
LG17	14456033	17	42.486	69.327
LG17	14507829	17	42.486	69.327
LG17	14549485	17	42.486	69.327
LG17	14593195	17	42.486	69.327
LG17	14596810	17	42.486	69.434
LG17	14641812	17	42.486	69.434
LG17	14648055	17	42.486	69.434
LG17	14648066	17	42.486	69.434
LG17	14657715	17	42.486	69.540
LG17	14756760	17	42.486	69.647
LG17	14769858	17	42.486	69.647
LG17	14773037	17	42.486	69.647
LG17	14810519	17	42.486	69.647
LG17	14812789	17	42.486	69.647
LG17	14814388	17	42.486	69.647
LG17	14897677	17	42.486	69.861
LG17	14912178	17	42.486	69.861
LG17	14927144	17	42.486	70.182
LG17	14927171	17	42.486	70.182
LG17	14945699	17	42.592	70.182
LG17	14965842	17	42.592	70.182
LG17	14986205	17	42.592	70.288
LG17	15015377	17	42.592	70.288
LG17	15047340	17	42.592	70.288
LG17	15062563	17	42.592	70.288
LG17	15062586	17	42.592	70.288
LG17	15084264	17	42.592	70.288
LG17	15091081	17	42.592	70.288
LG17	15112090	17	42.592	70.395
LG17	15149808	17	42.592	70.395
LG17	15152222	17	42.592	70.395
LG17	15152241	17	42.592	70.395
LG17	15155317	17	42.699	70.502
LG17	15157959	17	42.699	70.609
LG17	15177504	17	42.699	70.609
LG17	15199028	17	42.699	70.609
LG17	15207567	17	42.699	70.609
LG17	15207569	17	42.699	70.609
LG17	15207603	17	42.699	70.609
LG17	15237176	17	42.699	70.609
LG17	15237187	17	42.699	70.609
LG17	15240778	17	42.699	70.609
LG17	15242400	17	42.699	70.715
LG17	15245583	17	42.699	70.715
LG17	15248817	17	42.699	70.715
LG17	15272923	17	42.699	70.929
LG17	15272938	17	42.699	70.929
LG17	15289588	17	42.699	71.250
LG17	15289618	17	42.699	71.250
LG17	15300766	17	42.699	71.250
LG17	15320112	17	42.699	71.250
LG17	15342547	17	42.699	71.250
LG17	15385685	17	42.699	71.250
LG17	15385686	17	42.699	71.250
LG17	15390724	17	42.699	71.250
LG17	15396144	17	42.699	71.250
LG17	15465889	17	42.806	71.464
LG17	15465905	17	42.806	71.570
LG17	15501008	17	42.806	71.570
LG17	15525843	17	42.806	71.570
LG17	15542653	17	42.806	71.570
LG17	15543438	17	42.806	71.570
LG17	15543617	17	42.806	71.570
LG17	15545151	17	42.806	71.677
LG17	15550355	17	42.806	71.677
LG17	15550403	17	42.806	71.784
LG17	15586658	17	42.806	71.784
LG17	15586665	17	42.806	71.784
LG17	15613230	17	42.806	71.997
LG17	15627242	17	42.806	71.997
LG17	15651731	17	42.806	72.211
LG17	15661825	17	42.806	72.318
LG17	15695925	17	42.806	72.639
LG17	15716928	17	42.806	72.639
LG17	15716955	17	42.806	72.639
LG17	15716959	17	42.806	72.639
LG17	15716979	17	42.806	72.639
LG17	15716981	17	42.806	72.639
LG17	15717009	17	42.912	72.639
LG17	15717019	17	42.912	72.639
LG17	15734591	17	42.912	72.639
LG17	15768518	17	42.912	72.639
LG17	15788615	17	42.912	72.639
LG17	15863942	17	42.912	72.639
LG17	15877784	17	42.912	72.745
LG17	15936842	17	42.912	73.066
LG17	15960342	17	42.912	73.066
LG17	15966657	17	42.912	73.173
LG17	15991359	17	42.912	73.280
LG17	16010816	17	42.912	73.280
LG17	16022754	17	42.912	73.386
LG17	16037743	17	42.912	73.493
LG17	16037758	17	42.912	73.493
LG17	16038506	17	42.912	73.493
LG17	16038515	17	42.912	73.600
LG17	16059003	17	42.912	73.600
LG17	16059346	17	42.912	73.600
LG17	16063174	17	42.912	73.600
LG17	16094821	17	42.912	73.600
LG17	16102178	17	42.912	73.600
LG17	16110944	17	42.912	73.600
LG17	16123423	17	42.912	73.707
LG17	16132596	17	42.912	73.707
LG17	16133315	17	42.912	73.707
LG17	16137446	17	43.019	73.707
LG17	16177613	17	43.019	73.707
LG17	16195858	17	43.019	73.707
LG17	16233020	17	43.019	73.813
LG17	16235138	17	43.019	73.813
LG17	16235160	17	43.019	74.134
LG17	16235619	17	43.019	74.455
LG17	16242624	17	43.019	74.991
LG17	16298289	17	43.019	74.991
LG17	16298454	17	43.019	74.991
LG17	16356455	17	43.019	74.991
LG17	16427224	17	43.019	75.098
LG17	16430680	17	43.019	75.098
LG17	16439930	17	43.019	75.098
LG17	16439948	17	43.019	75.098
LG17	16439951	17	43.019	75.098
LG17	16450217	17	43.019	75.098
LG17	16450243	17	43.019	75.098
LG17	16450264	17	43.019	75.204
LG17	16450870	17	43.019	75.311
LG17	16470452	17	43.019	75.311
LG17	16506145	17	43.019	75.418
LG17	16506157	17	43.555	75.739
LG17	16513667	17	43.662	75.739
LG17	16513669	17	43.662	75.739
LG17	16585728	17	43.983	75.739
LG17	16627645	17	44.304	76.060
LG17	16665071	17	44.304	76.166
LG17	16665078	17	44.304	76.166
LG17	16665097	17	44.304	76.166
LG17	16665098	17	44.304	76.166
LG17	16671144	17	45.490	76.273
LG17	16671156	17	45.490	76.273
LG17	16683024	17	45.490	76.380
LG17	16683056	17	45.490	76.380
LG17	16683073	17	45.490	76.380
LG17	16683077	17	45.490	76.380
LG17	16713069	17	45.490	76.380
LG17	16716380	17	45.490	76.380
LG17	16780945	17	45.490	76.380
LG17	16788668	17	45.490	76.486
LG17	16803532	17	45.490	76.486
LG17	16810349	17	45.490	76.486
LG17	16810393	17	45.490	76.486
LG17	16810396	17	45.490	76.593
LG17	16810406	17	45.490	76.593
LG17	16810428	17	45.490	76.593
LG17	16810431	17	45.490	76.593
LG17	16811792	17	45.490	76.593
LG17	16819102	17	45.490	76.593
LG17	16830942	17	45.490	76.700
LG17	16832738	17	45.490	76.807
LG17	16832775	17	45.490	76.807
LG17	16900389	17	45.597	76.807
LG17	16900409	17	45.597	76.807
LG17	16938586	17	45.597	76.913
LG17	16947120	17	45.597	77.020
LG17	16999974	17	45.597	77.020
LG17	17002014	17	45.597	77.020
LG17	17025502	17	45.597	77.127
LG17	17035214	17	45.597	77.127
LG17	17062271	17	45.597	77.127
LG17	17062297	17	45.597	77.127
LG17	17081121	17	45.597	77.233
LG17	17081141	17	45.597	77.233
LG17	17125860	17	45.704	77.340
LG17	17125866	17	45.704	77.340
LG17	17125867	17	45.704	77.340
LG17	17125871	17	45.704	77.340
LG17	17127201	17	45.704	77.340
LG17	17129582	17	45.704	77.340
LG17	17132263	17	45.704	77.340
LG17	17136267	17	45.810	77.340
LG17	17157484	17	45.810	77.661
LG17	17182830	17	45.810	77.768
LG17	17188515	17	45.810	77.768
LG17	17188947	17	45.810	77.981
LG17	17190618	17	45.810	77.981
LG17	17230665	17	45.810	78.088
LG17	17241998	17	45.810	78.195
LG17	17267511	17	45.810	78.195
LG17	17280865	17	45.810	78.195
LG17	17293365	17	45.810	78.195
LG17	17293808	17	45.810	78.195
LG17	17295288	17	45.810	78.195
LG17	17295460	17	45.810	78.195
LG17	17304825	17	45.810	78.195
LG17	17304846	17	45.810	78.195
LG17	17304850	17	45.810	78.195
LG17	17304932	17	45.810	78.195
LG17	17304933	17	45.810	78.195
LG17	17318800	17	45.810	78.302
LG17	17318827	17	45.810	78.302
LG17	17323030	17	45.810	78.302
LG17	17323033	17	45.810	78.302
LG17	17323040	17	45.810	78.408
LG17	17324879	17	45.810	78.515
LG17	17332317	17	45.810	78.515
LG17	17334152	17	45.810	78.515
LG17	17334158	17	45.810	78.515
LG17	17336283	17	45.810	78.622
LG17	17342872	17	45.810	78.729
LG17	17351486	17	45.810	78.729
LG17	17353455	17	45.810	78.835
LG17	17353463	17	45.810	78.835
LG17	17353468	17	45.810	78.835
LG17	17367958	17	45.810	78.942
LG17	17387318	17	45.810	78.942
LG17	17395003	17	45.810	78.942
LG17	17412690	17	45.810	79.049
LG17	17446207	17	45.810	79.477
LG17	17447466	17	45.810	79.584
LG17	17452514	17	45.810	79.584
LG17	17452690	17	45.810	79.690
LG17	17457851	17	45.810	79.690
LG17	17457863	17	45.810	79.904
LG17	17459037	17	45.810	79.904
LG17	17459114	17	45.810	80.225
LG17	17484511	17	45.810	80.869
LG17	17491979	17	45.810	81.190
LG17	17559136	17	45.810	81.190
LG17	17571941	17	45.917	81.190
LG17	17571949	17	45.917	81.190
LG17	17584228	17	46.024	81.296
LG17	17618589	17	46.131	81.296
LG17	17656200	17	46.131	81.403
LG17	17661159	17	46.131	81.510
LG17	17661167	17	46.131	81.510
LG17	17663414	17	46.131	81.723
LG17	17670024	17	46.131	81.723
LG17	17670029	17	46.131	81.723
LG17	17676983	17	46.237	81.723
LG17	17696526	17	46.237	81.723
LG17	17715324	17	46.237	81.830
LG17	17719682	17	46.237	82.151
LG17	17784941	17	46.237	82.579
LG17	17784957	17	46.237	82.686
LG17	17816644	17	46.237	82.900
LG17	17832215	17	46.237	82.900
LG17	17851506	17	46.237	82.900
LG17	17851539	17	46.237	82.900
LG17	17879863	17	46.237	83.328
LG17	17919860	17	46.237	83.328
LG17	17943390	17	46.237	83.328
LG17	17943391	17	46.237	83.328
LG17	17959952	17	46.237	83.435
LG17	17960631	17	46.237	83.435
LG17	17968656	17	46.237	83.541
LG17	17968658	17	46.237	83.541
LG17	17968661	17	46.237	83.541
LG17	17968670	17	46.344	83.648
LG17	17968671	17	46.344	83.648
LG17	17968682	17	46.344	83.648
LG17	17968686	17	46.344	83.648
LG17	17977579	17	46.451	83.648
LG17	18022197	17	46.451	83.648
LG17	18046190	17	46.451	83.648
LG17	18060940	17	46.451	83.648
LG17	18069429	17	46.451	83.755
LG17	18069443	17	46.451	83.755
LG17	18069471	17	46.451	83.755
LG17	18082276	17	46.451	83.862
LG17	18095012	17	46.451	83.968
LG17	18095186	17	46.451	83.968
LG17	18099723	17	46.451	83.968
LG17	18105312	17	46.451	83.968
LG17	18118769	17	46.451	84.182
LG17	18127860	17	46.451	84.182
LG17	18130125	17	46.664	84.396
LG17	18257261	17	46.664	84.502
LG17	18257304	17	46.664	84.609
LG17	18265347	17	46.664	84.609
LG17	18277693	17	46.664	84.609
LG17	18277744	17	46.771	84.609
LG17	18278038	17	46.771	84.609
LG17	18287979	17	46.771	84.609
LG17	18288029	17	46.771	84.609
LG17	18288212	17	46.771	84.609
LG17	18288248	17	46.771	84.716
LG17	18288915	17	46.771	84.716
LG17	18308637	17	46.771	84.716
LG17	18317243	17	46.878	85.360
LG17	18374078	17	46.878	85.788
LG17	18391581	17	47.092	86.002
LG17	18391609	17	47.198	86.002
LG17	18405333	17	47.305	86.430
LG17	18429791	17	47.305	86.643
LG17	18434656	17	47.519	86.643
LG17	18434658	17	47.519	86.643
LG17	18461130	17	47.625	86.750
LG17	18461552	17	47.625	87.071
LG17	18464903	17	47.625	87.392
LG17	18481751	17	47.946	87.928
LG17	18481767	17	47.946	87.928
LG17	18512252	17	48.267	88.356
LG17	18550966	17	48.267	88.463
LG17	18592985	17	48.481	89.323
LG17	18624003	17	48.481	89.323
LG17	18650085	17	48.481	89.644
LG17	18675453	17	48.481	90.396
LG17	18677860	17	48.481	91.040
LG17	18677862	17	48.481	91.040
LG17	18681761	17	48.481	91.040
LG17	18681777	17	48.481	91.040
LG17	18681780	17	48.481	91.040
LG17	18681804	17	48.481	91.040
LG17	18695191	17	48.694	91.146
LG17	18696078	17	48.801	91.253
LG17	18696094	17	48.801	91.467
LG17	18716396	17	48.908	91.680
LG17	18716415	17	49.015	91.787
LG17	18729518	17	49.015	91.787
LG17	18753717	17	49.228	92.323
LG17	18753721	17	49.228	92.323
LG17	18809230	17	49.228	92.967
LG17	18817940	17	49.228	93.074
LG17	18829967	17	49.228	93.502
LG17	18840776	17	49.228	93.502
LG17	18840779	17	49.228	93.930
LG17	18842235	17	49.335	94.037
LG17	18865053	17	49.442	94.358
LG17	18865081	17	49.548	94.571
LG17	18908179	17	49.655	94.678
LG17	18909938	17	49.655	94.785
LG17	18923203	17	49.762	95.213
LG17	18924346	17	49.869	95.427
LG17	18924425	17	49.869	95.427
LG17	18927893	17	49.975	95.855
LG17	18934910	17	49.975	96.176
LG17	18939083	17	49.975	96.176
LG17	18991810	17	50.189	96.712
LG17	18991834	17	50.189	96.712
LG17	18991849	17	50.189	97.789
LG17	19055276	17	50.189	98.003
LG17	19073087	17	50.403	98.003
LG17	19085130	17	50.403	98.217
LG17	19086659	17	50.403	98.217
LG17	19089834	17	50.403	98.323
LG17	19110634	17	50.403	98.430
LG17	19110665	17	50.403	98.644
LG17	19113913	17	50.403	98.965
LG17	19141057	17	50.724	99.393
LG17	19141081	17	50.830	99.607
LG17	19141092	17	51.582	100.684
LG17	19184234	17	51.903	101.005
LG17	19250335	17	52.117	101.649
LG17	19268955	17	52.117	101.756
LG17	19283453	17	52.117	101.969
LG17	19283470	17	52.330	101.969
LG17	19314097	17	52.330	102.183
LG17	19314098	17	52.330	102.183
LG17	19321989	17	52.437	102.290
LG17	19322014	17	52.437	102.290
LG17	19338573	17	52.544	103.042
LG17	19339945	17	52.651	103.148
LG17	19341599	17	52.651	103.362
LG17	19382156	17	52.757	103.683
LG17	19398021	17	52.971	104.111
LG17	19418254	17	53.078	104.432
LG17	19465096	17	53.184	104.968
LG17	19469050	17	53.184	105.289
LG17	19483019	17	53.184	105.289
LG17	19496271	17	53.291	105.395
LG17	19499458	17	53.398	105.931
LG17	19499469	17	53.398	105.931
LG17	19501795	17	53.398	105.931
LG17	19527441	17	53.505	106.145
LG17	19535238	17	53.611	106.573
LG17	19536078	17	53.611	106.787
LG17	19536084	17	53.718	106.787
LG17	19537503	17	53.825	107.215
LG17	19595852	17	54.038	107.322
LG17	19595882	17	54.038	107.322
LG17	19630408	17	54.145	107.966
LG17	19636501	17	54.145	108.179
LG17	19654733	17	54.252	108.500
LG17	19683818	17	54.466	108.821
LG17	19684420	17	54.466	109.035
LG17	19684490	17	54.572	109.249
LG17	19703682	17	54.572	109.249
LG17	19713900	17	54.679	109.462
LG17	19723320	17	54.786	109.783
LG17	19737211	17	54.786	109.783
LG17	19737216	17	54.786	110.104
LG17	19737691	17	54.786	110.104
LG17	19737766	17	54.786	110.104
LG17	19741667	17	54.786	110.211
LG17	19746556	17	54.999	110.747
LG17	19765373	17	54.999	110.747
LG17	19768466	17	54.999	110.747
LG17	19768487	17	54.999	110.747
LG17	19768492	17	54.999	110.747
LG17	19768506	17	54.999	110.747
LG17	19768891	17	54.999	110.853
LG17	19784912	17	55.106	110.960
LG17	19821595	17	55.213	111.067
LG17	19821603	17	55.427	111.280
LG17	19860388	17	55.427	111.494
LG17	19860828	17	55.427	111.494
LG17	19872094	17	55.427	111.494
LG17	19893157	17	55.427	111.494
LG17	19900523	17	55.427	111.494
LG17	19901226	17	55.427	111.601
LG17	19901229	17	55.427	111.601
LG17	19901252	17	55.427	111.601
LG17	19901259	17	55.427	111.601
LG17	19901951	17	55.533	111.601
LG17	19901999	17	55.533	111.601
LG17	19904064	17	55.533	111.601
LG17	19918199	17	55.640	111.601
LG17	19923917	17	55.640	111.814
LG17	19923971	17	55.747	112.135
LG17	19948851	17	55.747	112.135
LG17	19966075	17	55.747	112.135
LG17	19966993	17	55.853	112.135
LG17	19971162	17	55.960	112.242
LG17	19971167	17	55.960	112.242
LG17	19990786	17	56.174	112.456
LG17	19999952	17	56.174	112.669
LG17	20013983	17	56.281	112.669
LG17	20020282	17	56.387	112.669
LG17	20020283	17	56.387	112.669
LG17	20023724	17	56.387	112.669
LG17	20025915	17	56.494	112.990
LG17	20040688	17	56.494	113.097
LG17	20046604	17	56.494	113.097
LG17	20111623	17	56.601	113.097
LG17	20135980	17	56.814	113.311
LG17	20142113	17	56.814	113.524
LG17	20147369	17	56.921	113.631
LG17	20173463	17	57.135	113.631
LG17	20175901	17	57.135	113.631
LG17	20175918	17	57.135	113.738
LG17	20175920	17	57.135	113.738
LG17	20190535	17	57.241	113.738
LG17	20193981	17	57.241	113.738
LG17	20194008	17	57.241	113.951
LG17	20196782	17	57.241	113.951
LG17	20208646	17	57.348	114.272
LG17	20229167	17	57.348	114.272
LG17	20260827	17	57.562	114.593
LG17	20263757	17	57.562	114.593
LG17	20292132	17	57.669	114.914
LG17	20319945	17	57.669	114.914
LG17	20322945	17	57.669	115.021
LG17	20353097	17	57.669	115.021
LG17	20353117	17	57.669	115.021
LG17	20353568	17	57.669	115.128
LG17	20411587	17	57.669	115.350
LG17	20426770	17	57.775	115.350
LG17	20475859	17	57.775	115.350
LG17	20479852	17	57.775	115.350
LG17	20501194	17	57.775	115.462
LG17	20501197	17	57.775	115.462
LG17	20514283	17	57.775	115.462
LG17	20514323	17	57.775	115.462
LG17	20549077	17	57.775	115.462
LG17	20580440	17	57.775	115.462
LG17	20582979	17	57.775	115.462
LG17	20582987	17	57.775	115.581
LG17	20726894	17	57.903	115.712
LG17	20726899	17	58.035	115.712
LG17	20738139	17	58.035	115.888
LG17	20752428	17	58.232	115.888
LG17	20825784	17	58.232	115.888
LG17	20825816	17	58.232	115.888
LG17	20869687	17	58.861	115.888
LG17	20869724	17	58.861	115.888
LG18	108933	18	0.000	0.000
LG18	169170	18	0.242	0.271
LG18	184983	18	0.242	0.271
LG18	185007	18	0.396	0.451
LG18	189060	18	0.664	0.451
LG18	189061	18	0.664	0.451
LG18	217912	18	0.664	0.573
LG18	229391	18	0.785	0.573
LG18	235665	18	0.785	0.573
LG18	236054	18	0.785	0.573
LG18	236059	18	0.785	0.573
LG18	295474	18	0.785	0.573
LG18	297107	18	0.785	0.573
LG18	306002	18	0.785	0.573
LG18	306608	18	0.785	0.573
LG18	326430	18	0.785	0.573
LG18	326440	18	0.785	0.573
LG18	332835	18	0.892	0.573
LG18	340795	18	0.892	0.573
LG18	342110	18	0.892	0.573
LG18	382324	18	0.892	0.573
LG18	382339	18	0.999	0.573
LG18	401106	18	0.999	0.573
LG18	472844	18	1.105	0.573
LG18	473341	18	1.105	0.573
LG18	473344	18	1.105	0.573
LG18	473424	18	1.105	0.573
LG18	473429	18	1.105	0.573
LG18	523211	18	1.212	0.573
LG18	523365	18	1.212	0.573
LG18	532070	18	1.212	0.573
LG18	549428	18	1.212	0.573
LG18	549430	18	1.212	0.573
LG18	549431	18	1.212	0.573
LG18	564384	18	1.212	0.573
LG18	582520	18	1.426	0.573
LG18	587773	18	1.426	0.573
LG18	600146	18	1.426	0.573
LG18	638977	18	1.426	0.573
LG18	638992	18	1.426	0.573
LG18	751893	18	1.533	0.573
LG18	752071	18	1.533	0.573
LG18	774261	18	1.639	0.573
LG18	782482	18	1.639	0.573
LG18	833509	18	1.639	0.573
LG18	833541	18	1.639	0.573
LG18	833544	18	1.639	0.573
LG18	833554	18	1.639	0.573
LG18	833575	18	1.746	0.573
LG18	851322	18	1.960	0.680
LG18	891501	18	2.066	0.680
LG18	903129	18	2.066	0.680
LG18	903157	18	2.066	0.680
LG18	903201	18	2.066	0.680
LG18	910782	18	2.066	0.680
LG18	918567	18	2.066	0.680
LG18	918592	18	2.066	0.680
LG18	920865	18	2.066	0.680
LG18	922091	18	2.066	0.680
LG18	922102	18	2.066	0.680
LG18	922127	18	2.066	0.680
LG18	927601	18	2.066	0.680
LG18	942079	18	2.066	0.680
LG18	943286	18	2.066	0.680
LG18	943321	18	2.066	0.680
LG18	984532	18	2.066	0.680
LG18	984543	18	2.066	0.786
LG18	984647	18	2.066	0.786
LG18	984695	18	2.173	0.786
LG18	990435	18	2.280	0.786
LG18	1012994	18	2.280	0.786
LG18	1018134	18	2.280	0.786
LG18	1049943	18	2.280	0.786
LG18	1061548	18	2.280	0.893
LG18	1085378	18	2.280	0.893
LG18	1093230	18	2.280	0.893
LG18	1094795	18	2.280	1.000
LG18	1096792	18	2.280	1.000
LG18	1096812	18	2.280	1.106
LG18	1115833	18	2.280	1.106
LG18	1115841	18	2.280	1.213
LG18	1115865	18	2.387	1.213
LG18	1145132	18	2.387	1.213
LG18	1145143	18	2.387	1.213
LG18	1147988	18	2.387	1.213
LG18	1147989	18	2.387	1.213
LG18	1150217	18	2.387	1.213
LG18	1150243	18	2.387	1.213
LG18	1162348	18	2.387	1.213
LG18	1165300	18	2.387	1.213
LG18	1165331	18	2.387	1.213
LG18	1165348	18	2.387	1.213
LG18	1173417	18	2.387	1.213
LG18	1173418	18	2.387	1.213
LG18	1173439	18	2.387	1.213
LG18	1188241	18	2.493	1.213
LG18	1189412	18	2.493	1.213
LG18	1189422	18	2.493	1.213
LG18	1191740	18	2.493	1.213
LG18	1197518	18	2.493	1.213
LG18	1197540	18	2.493	1.213
LG18	1200519	18	2.493	1.213
LG18	1203568	18	2.493	1.213
LG18	1203580	18	2.493	1.213
LG18	1204264	18	2.493	1.213
LG18	1228833	18	2.493	1.213
LG18	1228876	18	2.493	1.213
LG18	1260708	18	2.493	1.213
LG18	1260710	18	2.493	1.213
LG18	1260727	18	2.493	1.320
LG18	1286710	18	2.814	1.320
LG18	1287627	18	2.814	1.320
LG18	1287656	18	2.814	1.320
LG18	1293971	18	2.814	1.320
LG18	1298693	18	2.921	1.320
LG18	1298728	18	2.921	1.320
LG18	1455926	18	2.921	1.320
LG18	1471477	18	3.135	1.320
LG18	1515147	18	3.135	1.427
LG18	1521851	18	3.135	1.427
LG18	1521890	18	3.135	1.427
LG18	1521898	18	3.135	1.427
LG18	1547214	18	3.135	1.427
LG18	1547262	18	3.135	1.427
LG18	1574998	18	3.135	1.533
LG18	1575898	18	3.135	1.533
LG18	1575912	18	3.135	1.533
LG18	1581516	18	3.455	1.533
LG18	1581525	18	3.455	1.533
LG18	1581959	18	3.455	1.533
LG18	1581977	18	3.455	1.533
LG18	1625462	18	3.455	1.640
LG18	1626870	18	3.455	1.747
LG18	1626878	18	3.562	1.747
LG18	1626891	18	3.562	1.747
LG18	1631112	18	3.562	1.854
LG18	1639660	18	3.562	1.854
LG18	1639668	18	3.562	1.854
LG18	1640055	18	3.669	1.854
LG18	1677312	18	3.776	2.067
LG18	1701549	18	3.776	2.067
LG18	1701561	18	3.776	2.174
LG18	1724291	18	3.882	2.281
LG18	1724293	18	3.882	2.281
LG18	1724301	18	3.882	2.387
LG18	1724311	18	3.882	2.387
LG18	1724313	18	3.882	2.387
LG18	1726114	18	4.096	2.387
LG18	1728088	18	4.310	2.387
LG18	1728108	18	4.310	2.387
LG18	1728136	18	4.416	2.601
LG18	1756895	18	4.416	2.601
LG18	1765223	18	4.737	2.708
LG18	1773667	18	4.844	3.029
LG18	1773679	18	4.844	3.029
LG18	1776390	18	4.844	3.029
LG18	1802687	18	4.844	3.135
LG18	1802697	18	4.844	3.135
LG18	1807268	18	4.951	3.242
LG18	1813079	18	5.057	3.456
LG18	1821357	18	5.271	3.669
LG18	1821366	18	5.271	3.669
LG18	1844867	18	5.271	3.776
LG18	1844871	18	5.592	3.776
LG18	1856657	18	5.699	3.776
LG18	1870657	18	5.805	3.990
LG18	1870662	18	5.805	3.990
LG18	1877094	18	6.019	4.097
LG18	1889577	18	6.126	4.097
LG18	1889599	18	6.126	4.097
LG18	1897328	18	6.339	4.310
LG18	1897356	18	6.446	4.310
LG18	1897363	18	6.767	4.631
LG18	1897366	18	6.767	4.631
LG18	1897369	18	6.767	4.631
LG18	1898837	18	7.088	4.631
LG18	1906254	18	7.195	4.631
LG18	1928044	18	7.301	4.631
LG18	1931696	18	7.301	4.631
LG18	1931710	18	7.515	4.631
LG18	2046884	18	9.251	5.709
LG18	2049685	18	9.251	5.815
LG18	2154321	18	9.786	6.351
LG18	2160045	18	10.000	6.672
LG18	2160077	18	10.107	6.672
LG18	2160082	18	10.107	6.672
LG18	2160090	18	10.107	6.672
LG18	2177429	18	10.535	6.672
LG18	2177438	18	10.642	6.672
LG18	2204971	18	10.642	6.886
LG18	2207917	18	10.642	6.886
LG18	2207928	18	10.642	6.993
LG18	2209286	18	10.642	6.993
LG18	2223077	18	10.963	7.313
LG18	2241607	18	11.284	7.313
LG18	2241641	18	11.604	7.313
LG18	2248480	18	11.925	7.313
LG18	2260255	18	12.139	7.420
LG18	2279973	18	12.246	7.420
LG18	2285626	18	12.246	7.420
LG18	2289771	18	12.459	7.420
LG18	2300948	18	12.459	7.420
LG18	2313952	18	12.566	7.420
LG18	2317952	18	12.673	7.527
LG18	2327275	18	12.886	7.741
LG18	2327277	18	12.886	7.741
LG18	2345613	18	13.315	7.847
LG18	2381587	18	13.421	7.954
LG18	2381629	18	13.528	8.061
LG18	2391993	18	13.742	8.061
LG18	2392022	18	13.742	8.061
LG18	2419257	18	14.278	8.382
LG18	2429512	18	14.278	8.488
LG18	2432867	18	14.384	8.595
LG18	2434008	18	14.384	8.595
LG18	2435334	18	14.491	8.595
LG18	2435356	18	14.491	8.595
LG18	2449386	18	14.705	8.595
LG18	2463364	18	14.705	8.595
LG18	2468406	18	14.705	8.809
LG18	2472982	18	14.919	8.915
LG18	2488876	18	15.025	8.915
LG18	2488877	18	15.025	8.915
LG18	2488878	18	15.025	9.129
LG18	2511168	18	15.669	9.450
LG18	2531047	18	15.776	9.450
LG18	2568369	18	15.776	9.557
LG18	2582411	18	15.776	9.770
LG18	2583839	18	15.989	9.770
LG18	2630191	18	16.203	9.984
LG18	2651579	18	16.203	10.198
LG18	2651588	18	16.417	10.519
LG18	2652207	18	16.417	10.625
LG18	2652216	18	16.417	10.625
LG18	2690056	18	16.845	10.946
LG18	2737127	18	17.381	11.915
LG18	2738506	18	17.488	11.915
LG18	2797634	18	18.024	12.451
LG18	2797649	18	18.237	12.451
LG18	2807355	18	18.451	12.451
LG18	2807377	18	18.558	12.451
LG18	2809575	18	18.664	12.558
LG18	2817230	18	18.771	12.558
LG18	2818372	18	19.092	12.664
LG18	2818380	18	19.092	12.878
LG18	2860191	18	21.049	13.522
LG18	2985408	18	21.049	13.735
LG18	3005647	18	21.156	13.842
LG18	3023635	18	21.156	13.842
LG18	3042423	18	21.156	13.842
LG18	3042449	18	21.156	13.842
LG18	3056015	18	21.156	14.056
LG18	3076748	18	21.156	14.056
LG18	3076790	18	21.156	14.056
LG18	3081069	18	21.262	14.056
LG18	3081139	18	21.262	14.056
LG18	3082009	18	21.262	14.056
LG18	3084735	18	21.262	14.056
LG18	3085813	18	21.262	14.270
LG18	3085944	18	21.262	14.376
LG18	3088389	18	21.369	14.697
LG18	3088438	18	21.369	14.804
LG18	3092317	18	21.369	14.911
LG18	3092355	18	21.369	15.017
LG18	3092365	18	21.369	15.231
LG18	3097005	18	21.476	15.659
LG18	3097023	18	21.476	15.659
LG18	3097050	18	21.582	15.873
LG18	3105198	18	21.582	15.873
LG18	3105241	18	21.582	15.873
LG18	3105282	18	21.796	15.873
LG18	3139427	18	21.796	15.873
LG18	3139430	18	21.796	15.873
LG18	3151715	18	21.903	16.194
LG18	3157017	18	22.010	16.407
LG18	3214871	18	22.010	16.514
LG18	3224904	18	22.010	16.621
LG18	3230307	18	22.010	16.728
LG18	3230320	18	22.116	16.728
LG18	3239287	18	22.330	16.941
LG18	3239290	18	22.330	16.941
LG18	3239328	18	22.330	17.048
LG18	3252503	18	22.758	17.908
LG18	3291087	18	22.758	18.122
LG18	3297338	18	22.865	18.229
LG18	3349509	18	22.972	18.765
LG18	3349548	18	23.400	18.978
LG18	3424473	18	23.507	19.085
LG18	3424478	18	23.507	19.085
LG18	3432028	18	23.507	19.406
LG18	3441938	18	23.507	19.406
LG18	3443102	18	23.613	19.406
LG18	3446312	18	23.827	19.406
LG18	3446318	18	23.827	19.406
LG18	3451986	18	23.827	19.406
LG18	3455801	18	23.934	19.727
LG18	3470772	18	24.578	19.833
LG18	3482736	18	24.578	19.940
LG18	3482747	18	24.578	19.940
LG18	3484207	18	24.791	20.154
LG18	3526014	18	24.898	20.367
LG18	3528684	18	25.005	20.367
LG18	3532625	18	25.111	20.474
LG18	3532639	18	25.111	20.474
LG18	3570365	18	25.111	20.581
LG18	3570397	18	25.111	20.688
LG18	3590805	18	25.540	20.901
LG18	3590817	18	25.540	20.901
LG18	3590866	18	25.540	20.901
LG18	3614997	18	25.646	20.901
LG18	3615020	18	25.646	20.901
LG18	3625102	18	25.646	21.008
LG18	3629175	18	25.646	21.008
LG18	3631155	18	25.646	21.008
LG18	3640428	18	25.753	21.008
LG18	3643666	18	25.753	21.008
LG18	3650182	18	25.860	21.115
LG18	3654696	18	25.860	21.115
LG18	3656954	18	25.860	21.221
LG18	3674586	18	25.860	21.221
LG18	3675928	18	25.860	21.221
LG18	3676226	18	25.860	21.328
LG18	3678110	18	25.860	21.328
LG18	3678856	18	25.860	21.328
LG18	3678862	18	25.860	21.435
LG18	3679045	18	25.860	21.649
LG18	3688589	18	25.860	21.755
LG18	3689462	18	25.860	21.755
LG18	3689882	18	25.860	21.755
LG18	3694262	18	25.967	21.969
LG18	3694303	18	26.073	21.969
LG18	3696244	18	26.287	22.076
LG18	3769545	18	26.287	22.076
LG18	3773786	18	26.394	22.076
LG18	3781326	18	26.394	22.182
LG18	3792149	18	26.715	22.289
LG18	3800109	18	26.715	22.610
LG18	3800112	18	26.821	22.610
LG18	3803321	18	27.142	23.146
LG18	3853166	18	27.356	23.790
LG18	3853185	18	27.356	23.896
LG18	3853199	18	27.463	23.896
LG18	3863497	18	27.891	24.217
LG18	3903718	18	28.212	24.217
LG18	3903726	18	28.212	24.217
LG18	3907358	18	28.533	24.538
LG18	3913797	18	28.533	24.859
LG18	3940639	18	28.639	25.180
LG18	3940640	18	28.639	25.180
LG18	3952553	18	29.067	25.287
LG18	4008750	18	29.388	25.287
LG18	4049131	18	29.602	25.393
LG18	4088931	18	29.923	25.607
LG18	4088933	18	29.923	25.607
LG18	4089623	18	30.030	25.714
LG18	4089654	18	30.350	25.927
LG18	4120310	18	30.671	26.141
LG18	4120314	18	30.671	26.141
LG18	4120321	18	30.671	26.141
LG18	4120331	18	30.885	26.462
LG18	4161595	18	31.099	26.676
LG18	4161618	18	31.099	26.676
LG18	4218194	18	31.312	26.676
LG18	4220647	18	31.419	26.676
LG18	4250418	18	31.419	26.676
LG18	4252056	18	31.419	26.996
LG18	4254835	18	31.419	26.996
LG18	4254887	18	31.526	26.996
LG18	4255305	18	31.633	26.996
LG18	4255307	18	31.633	26.996
LG18	4257499	18	31.633	27.210
LG18	4290859	18	31.739	27.638
LG18	4320182	18	32.168	27.745
LG18	4336736	18	32.274	27.745
LG18	4355810	18	32.595	28.066
LG18	4357883	18	32.702	28.494
LG18	4367243	18	32.809	29.030
LG18	4410544	18	32.915	29.137
LG18	4410565	18	33.022	29.244
LG18	4423299	18	33.129	29.457
LG18	4423310	18	33.129	29.564
LG18	4423364	18	33.129	29.671
LG18	4437224	18	33.129	29.992
LG18	4442106	18	33.235	29.992
LG18	4443371	18	33.556	30.205
LG18	4482196	18	33.663	30.205
LG18	4482397	18	33.663	30.205
LG18	4482424	18	33.663	30.205
LG18	4482426	18	33.663	30.205
LG18	4484479	18	33.770	30.205
LG18	4528184	18	33.983	30.419
LG18	4528222	18	34.197	30.740
LG18	4575842	18	34.197	30.847
LG18	4601779	18	34.411	30.953
LG18	4603323	18	34.517	30.953
LG18	4609982	18	34.517	31.167
LG18	4616309	18	34.624	31.167
LG18	4616326	18	34.624	31.167
LG18	4620478	18	34.731	31.381
LG18	4621661	18	34.731	31.381
LG18	4632363	18	34.731	31.487
LG18	4632911	18	34.838	31.487
LG18	4632962	18	34.944	31.487
LG18	4639288	18	34.944	31.487
LG18	4646653	18	34.944	31.594
LG18	4664832	18	34.944	31.701
LG18	4665285	18	35.051	31.701
LG18	4665926	18	35.051	31.701
LG18	4665939	18	35.051	31.701
LG18	4665961	18	35.051	31.701
LG18	4665978	18	35.051	32.022
LG18	4671415	18	35.051	32.022
LG18	4675402	18	35.158	32.128
LG18	4700049	18	35.158	32.128
LG18	4700051	18	35.158	32.128
LG18	4700065	18	35.265	32.128
LG18	4703452	18	35.265	32.342
LG18	4728480	18	35.265	32.449
LG18	4728525	18	35.265	32.449
LG18	4728545	18	35.371	32.555
LG18	4756243	18	35.478	32.876
LG18	4777332	18	35.478	33.197
LG18	4787811	18	35.585	33.304
LG18	4860264	18	35.585	33.411
LG18	4876648	18	35.585	33.732
LG18	4916436	18	35.585	33.838
LG18	4968346	18	35.798	34.159
LG18	5015835	18	35.905	34.373
LG18	5015836	18	35.905	34.373
LG18	5036764	18	35.905	34.479
LG18	5078389	18	36.012	34.908
LG18	5116295	18	36.012	35.444
LG18	5194360	18	36.012	35.765
LG18	5194368	18	36.012	35.765
LG18	5205436	18	36.012	35.978
LG18	5205448	18	36.012	36.192
LG18	5207878	18	36.119	36.620
LG18	5216961	18	36.332	37.372
LG18	5234923	18	36.653	37.908
LG18	5429659	18	37.405	38.122
LG18	5458540	18	37.619	38.228
LG18	5458541	18	37.619	38.228
LG18	5458567	18	37.619	38.228
LG18	5460872	18	37.725	38.442
LG18	5460881	18	37.725	38.442
LG18	5570694	18	38.912	38.870
LG18	5576676	18	39.019	38.870
LG18	5585248	18	39.232	39.084
LG18	5609545	18	39.876	39.298
LG18	5609614	18	39.876	39.298
LG18	5609615	18	39.876	39.298
LG18	5746135	18	40.305	39.726
LG18	5747324	18	40.305	39.726
LG18	5752674	18	40.411	39.726
LG18	5752689	18	40.411	39.940
LG18	5797149	18	40.732	40.046
LG18	5846298	18	40.732	40.046
LG18	5878224	18	40.946	40.153
LG18	5945623	18	40.946	40.260
LG18	5950413	18	41.053	40.260
LG18	5967011	18	41.053	40.260
LG18	5971015	18	41.053	40.366
LG18	5971026	18	41.053	40.366
LG18	5977532	18	41.159	40.366
LG18	5983800	18	41.266	40.580
LG18	6076100	18	41.266	40.580
LG18	6078734	18	41.266	40.580
LG18	6083849	18	41.373	40.687
LG18	6089747	18	41.373	40.687
LG18	6089780	18	41.373	41.223
LG18	6098352	18	41.373	41.223
LG18	6156200	18	41.801	41.436
LG18	6156216	18	41.908	41.436
LG18	6156217	18	41.908	41.436
LG18	6156221	18	41.908	41.436
LG18	6268842	18	42.121	42.080
LG18	6276881	18	42.335	42.294
LG18	6324630	18	42.442	42.722
LG18	6324649	18	42.442	42.722
LG18	6324916	18	42.763	42.722
LG18	6352742	18	42.869	42.829
LG18	6363000	18	42.869	42.829
LG18	6388351	18	42.976	42.936
LG18	6399265	18	43.297	42.936
LG18	6542706	18	43.404	43.042
LG18	6556238	18	43.404	43.042
LG18	6561869	18	43.404	43.042
LG18	6600130	18	43.617	43.149
LG18	6600845	18	43.724	43.256
LG18	6600857	18	43.724	43.256
LG18	6667594	18	43.724	43.256
LG18	6725169	18	43.724	43.256
LG18	6785008	18	43.724	43.256
LG18	6785032	18	43.724	43.256
LG18	6785033	18	43.724	43.256
LG18	6785035	18	43.724	43.256
LG18	6785053	18	43.831	43.363
LG18	6839927	18	43.937	43.363
LG18	6839958	18	43.937	43.363
LG18	6839960	18	43.937	43.363
LG18	6862726	18	43.937	43.576
LG18	6898761	18	43.937	43.576
LG18	6929744	18	44.044	43.790
LG18	6929749	18	44.044	43.790
LG18	6936886	18	44.044	43.790
LG18	6938340	18	44.044	43.790
LG18	6938365	18	44.044	43.790
LG18	6951988	18	44.044	43.897
LG18	6993633	18	44.151	43.897
LG18	7048590	18	44.151	43.897
LG18	7051170	18	44.151	43.897
LG18	7054102	18	44.258	44.003
LG18	7054120	18	44.258	44.003
LG18	7059108	18	44.258	44.003
LG18	7061484	18	44.471	44.003
LG18	7061670	18	44.471	44.110
LG18	7078224	18	44.900	44.431
LG18	7078227	18	44.900	44.431
LG18	7083609	18	45.220	44.752
LG18	7083651	18	45.220	44.752
LG18	7090083	18	45.327	44.965
LG18	7155389	18	45.541	45.179
LG18	7241701	18	45.541	45.286
LG18	7254439	18	45.648	45.393
LG18	7293732	18	45.648	45.928
LG18	7297950	18	45.648	45.928
LG18	7309145	18	45.754	46.035
LG18	7313762	18	45.754	46.142
LG18	7350373	18	45.754	46.356
LG18	7377748	18	45.968	46.356
LG18	7401609	18	46.182	46.356
LG18	7405401	18	46.182	46.462
LG18	7425258	18	46.288	46.462
LG18	7425324	18	46.288	46.462
LG18	7452667	18	46.288	46.462
LG18	7452679	18	46.288	46.462
LG18	7452687	18	46.288	46.462
LG18	7478722	18	46.502	46.569
LG18	7478738	18	46.502	46.569
LG18	7482263	18	46.609	46.676
LG18	7482536	18	46.609	46.676
LG18	7487977	18	46.609	46.782
LG18	7502592	18	46.609	46.889
LG18	7508702	18	46.609	46.889
LG18	7511373	18	46.715	47.103
LG18	7526488	18	46.715	47.210
LG18	7578612	18	46.822	47.530
LG18	7578633	18	46.929	47.637
LG18	7628155	18	46.929	47.958
LG18	7628166	18	46.929	47.958
LG18	7647016	18	46.929	47.958
LG18	7660195	18	46.929	48.065
LG18	7660222	18	46.929	48.065
LG18	7660240	18	47.036	48.172
LG18	7681139	18	47.036	48.172
LG18	7681150	18	47.142	48.172
LG18	7681188	18	47.142	48.172
LG18	7685069	18	47.356	48.278
LG18	7689040	18	47.463	48.278
LG18	7689066	18	47.463	48.278
LG18	7699343	18	47.570	48.278
LG18	7733566	18	47.676	48.278
LG18	7821078	18	47.890	48.278
LG18	7821087	18	47.997	48.278
LG18	7850554	18	47.997	48.278
LG18	7850593	18	47.997	48.278
LG18	7870462	18	47.997	48.278
LG18	7879486	18	47.997	48.278
LG18	7912038	18	47.997	48.385
LG18	7923405	18	48.103	48.385
LG18	7943227	18	48.103	48.385
LG18	7953959	18	48.103	48.706
LG18	7957565	18	48.103	48.706
LG18	7957572	18	48.103	48.706
LG18	7957589	18	48.103	48.706
LG18	7974274	18	48.103	48.706
LG18	7991608	18	48.103	48.706
LG18	8055798	18	48.103	48.706
LG18	8055801	18	48.103	48.706
LG18	8105978	18	48.210	48.813
LG18	8105986	18	48.210	48.813
LG18	8119788	18	48.210	48.813
LG18	8143409	18	48.210	48.813
LG18	8156868	18	48.210	48.919
LG18	8170949	18	48.317	49.026
LG18	8189022	18	48.317	49.026
LG18	8196880	18	48.317	49.026
LG18	8200067	18	48.317	49.026
LG18	8200088	18	48.317	49.133
LG18	8212187	18	48.317	49.133
LG18	8224595	18	48.317	49.133
LG18	8224611	18	48.317	49.133
LG18	8224628	18	48.317	49.346
LG18	8245056	18	48.317	49.346
LG18	8249343	18	48.317	49.346
LG18	8276766	18	48.424	49.346
LG18	8304886	18	48.424	49.346
LG18	8304888	18	48.424	49.346
LG18	8304903	18	48.424	49.346
LG18	8305011	18	48.424	49.346
LG18	8305018	18	48.424	49.346
LG18	8305067	18	48.530	49.453
LG18	8305099	18	48.530	49.453
LG18	8307735	18	48.530	49.453
LG18	8317546	18	48.530	49.453
LG18	8320713	18	48.530	49.560
LG18	8321024	18	48.530	49.560
LG18	8353788	18	48.530	49.560
LG18	8358042	18	48.637	49.667
LG18	8392056	18	48.637	49.773
LG18	8392061	18	48.637	49.773
LG18	8394230	18	48.637	49.773
LG18	8409377	18	48.744	49.773
LG18	8418209	18	48.850	49.880
LG18	8418386	18	48.957	49.880
LG18	8427141	18	49.064	49.880
LG18	8458146	18	49.064	49.987
LG18	8472768	18	49.064	50.093
LG18	8472798	18	49.278	50.307
LG18	8526159	18	49.278	50.414
LG18	8647546	18	49.278	50.414
LG18	8696756	18	49.384	50.414
LG18	8713844	18	49.384	50.414
LG18	8727314	18	49.384	50.414
LG18	8768607	18	49.384	50.521
LG18	8795546	18	49.491	50.521
LG18	8800061	18	49.491	50.521
LG18	8810916	18	49.598	50.627
LG18	8833200	18	49.598	50.627
LG18	8837781	18	49.598	50.627
LG18	8882284	18	49.704	50.627
LG18	8914356	18	49.704	50.627
LG18	8914387	18	49.704	50.627
LG18	8943805	18	49.704	50.627
LG18	8979521	18	49.811	50.627
LG18	8997810	18	49.811	50.841
LG18	9004008	18	49.811	51.055
LG18	9094031	18	49.811	51.055
LG18	9094061	18	49.811	51.055
LG18	9108493	18	49.811	51.161
LG18	9108501	18	49.811	51.161
LG18	9122232	18	49.811	51.161
LG18	9122248	18	49.811	51.161
LG18	9129053	18	49.811	51.375
LG18	9129096	18	49.918	51.589
LG18	9138841	18	49.918	51.695
LG18	9138860	18	49.918	51.695
LG18	9173719	18	49.918	51.802
LG18	9197623	18	50.025	52.123
LG18	9198925	18	50.025	52.123
LG18	9198941	18	50.025	52.123
LG18	9219198	18	50.131	52.337
LG18	9231220	18	50.238	52.550
LG18	9250981	18	50.345	52.550
LG18	9320283	18	50.345	52.550
LG18	9366804	18	50.345	52.550
LG18	9377276	18	50.345	52.657
LG18	9451282	18	50.345	52.657
LG18	9451284	18	50.345	52.657
LG18	9451661	18	50.345	52.657
LG18	9451682	18	50.451	52.657
LG18	9451733	18	50.451	52.657
LG18	9451736	18	50.665	52.871
LG18	9452265	18	50.665	52.871
LG18	9452286	18	50.665	52.871
LG18	9452296	18	50.665	52.871
LG18	9488001	18	50.665	52.977
LG18	9562749	18	50.665	53.191
LG18	9562752	18	50.665	53.191
LG18	9562786	18	50.665	53.191
LG18	9563854	18	50.665	53.298
LG18	9596501	18	50.772	53.405
LG18	9630242	18	50.879	53.511
LG18	9649761	18	50.985	53.618
LG18	9688005	18	50.985	53.725
LG18	9700634	18	50.985	53.725
LG18	9752034	18	50.985	53.725
LG18	9752040	18	50.985	53.725
LG18	9752084	18	50.985	53.725
LG18	9768453	18	50.985	53.832
LG18	9790541	18	50.985	53.832
LG18	9864483	18	50.985	53.832
LG18	9871597	18	50.985	53.938
LG18	9877813	18	50.985	53.938
LG18	9879333	18	51.092	53.938
LG18	9879378	18	51.092	53.938
LG18	9888318	18	51.092	53.938
LG18	9892593	18	51.092	53.938
LG18	9892619	18	51.092	53.938
LG18	9892620	18	51.092	53.938
LG18	9892639	18	51.092	53.938
LG18	9908284	18	51.092	53.938
LG18	9938682	18	51.199	54.152
LG18	9949230	18	51.306	54.152
LG18	9952367	18	51.306	54.152
LG18	9963356	18	51.306	54.152
LG18	9978624	18	51.306	54.152
LG18	9978757	18	51.306	54.152
LG18	9984519	18	51.306	54.152
LG18	9992359	18	51.306	54.152
LG18	9992391	18	51.306	54.152
LG18	10003705	18	51.306	54.152
LG18	10003728	18	51.306	54.366
LG18	10003993	18	51.306	54.366
LG18	10004013	18	51.306	54.366
LG18	10004026	18	51.306	54.366
LG18	10004038	18	51.306	54.366
LG18	10013376	18	51.306	54.366
LG18	10034531	18	51.412	54.579
LG18	10065409	18	51.412	55.008
LG18	10080770	18	51.412	55.008
LG18	10081928	18	51.519	55.008
LG18	10096235	18	51.519	55.008
LG18	10129959	18	51.519	55.221
LG18	10133180	18	51.519	55.328
LG18	10193311	18	51.519	55.435
LG18	10195118	18	51.519	55.435
LG18	10195126	18	51.519	55.541
LG18	10249143	18	51.626	55.648
LG18	10249144	18	51.626	55.648
LG18	10289112	18	51.626	55.755
LG18	10300089	18	51.732	55.862
LG18	10300115	18	51.732	55.862
LG18	10318505	18	51.839	55.968
LG18	10322796	18	51.839	56.075
LG18	10331277	18	51.946	56.075
LG18	10343209	18	51.946	56.289
LG18	10372316	18	52.053	56.395
LG18	10372348	18	52.159	56.502
LG18	10387423	18	52.266	56.716
LG18	10435114	18	52.266	56.823
LG18	10440307	18	52.373	56.929
LG18	10460790	18	52.373	57.789
LG18	10498397	18	52.373	57.789
LG18	10511731	18	52.373	57.789
LG18	10557940	18	52.373	57.789
LG18	10620577	18	52.373	57.789
LG18	10628414	18	52.479	57.789
LG18	10652805	18	52.479	58.218
LG18	10652835	18	52.479	58.218
LG18	10666531	18	52.693	58.218
LG18	10666541	18	52.693	58.218
LG18	10666546	18	52.693	58.324
LG18	10672406	18	52.693	58.324
LG18	10677710	18	52.693	58.324
LG18	10677723	18	52.800	58.538
LG18	10718370	18	52.800	58.752
LG18	10718371	18	52.800	58.752
LG18	10752056	18	52.800	58.965
LG18	10758190	18	52.800	59.072
LG18	10774565	18	52.800	59.500
LG18	10799570	18	52.800	59.714
LG18	10918248	18	53.121	59.928
LG18	10948129	18	53.121	60.249
LG18	11120318	18	53.121	60.570
LG18	11120345	18	53.121	60.783
LG18	11153881	18	53.334	61.535
LG18	11163187	18	53.334	61.749
LG18	11167541	18	53.441	61.749
LG18	11212363	18	53.441	62.501
LG18	11223322	18	53.441	62.607
LG18	11244494	18	53.441	62.607
LG18	11357122	18	53.441	63.036
LG18	11357448	18	53.441	63.142
LG18	11357477	18	53.441	63.142
LG18	11357480	18	53.548	63.894
LG18	11388768	18	53.548	64.108
LG18	11448181	18	53.548	64.215
LG18	11530144	18	53.548	64.751
LG18	11531996	18	53.655	65.071
LG18	11565319	18	53.655	65.285
LG18	11577739	18	53.655	65.392
LG18	11577795	18	53.655	65.392
LG18	11577898	18	53.655	65.392
LG18	11581004	18	53.655	65.392
LG18	11585397	18	53.655	65.499
LG18	11585398	18	53.655	65.499
LG18	11585399	18	53.655	65.499
LG18	11585428	18	53.655	65.499
LG18	11593767	18	53.655	65.927
LG18	11599949	18	53.655	65.927
LG18	11600389	18	53.655	66.034
LG18	11611035	18	53.655	66.354
LG18	11611066	18	53.655	66.354
LG18	11611067	18	53.655	66.354
LG18	11611075	18	53.655	66.354
LG18	11611088	18	53.655	66.354
LG18	11615617	18	53.655	66.461
LG18	11615770	18	53.655	66.461
LG18	11615794	18	53.655	66.461
LG18	11618807	18	53.655	66.461
LG18	11640273	18	53.655	66.461
LG18	11641883	18	53.655	66.675
LG18	11676443	18	53.761	66.889
LG18	11676453	18	53.761	66.995
LG18	11679614	18	53.761	66.995
LG18	11681593	18	53.761	67.102
LG18	11682527	18	53.761	67.209
LG18	11698710	18	53.761	67.209
LG18	11714336	18	53.761	67.209
LG18	11716743	18	53.761	67.209
LG18	11718774	18	53.761	67.422
LG18	11745300	18	53.761	67.743
LG18	11766343	18	53.761	67.957
LG18	11766348	18	53.761	67.957
LG18	11766402	18	53.761	68.171
LG18	11771663	18	53.761	68.706
LG18	11775751	18	53.761	68.706
LG18	11798912	18	53.761	68.920
LG18	11811029	18	53.761	69.241
LG18	11848416	18	53.975	69.348
LG18	11892835	18	53.975	69.454
LG18	11895993	18	54.082	69.454
LG18	11946518	18	54.082	69.561
LG18	11950398	18	54.082	69.561
LG18	11965537	18	54.188	69.668
LG18	11965549	18	54.188	69.668
LG18	11967565	18	54.188	69.775
LG18	12018549	18	54.188	70.311
LG18	12051942	18	54.295	70.524
LG18	12112382	18	54.295	70.738
LG18	12118313	18	54.402	71.166
LG18	12118339	18	54.402	71.166
LG18	12118368	18	54.402	71.166
LG18	12174255	18	54.402	71.380
LG18	12174915	18	54.402	71.380
LG18	12192586	18	54.402	71.701
LG18	12247871	18	54.402	71.701
LG18	12259713	18	54.402	71.914
LG18	12259764	18	54.402	71.914
LG18	12274319	18	54.402	71.914
LG18	12278163	18	54.402	72.021
LG18	12278169	18	54.402	72.128
LG18	12386024	18	54.402	72.235
LG18	12543772	18	54.402	72.341
LG18	12546279	18	54.402	72.555
LG18	12546288	18	54.402	72.662
LG18	12601056	18	54.402	72.768
LG18	12601062	18	54.402	72.982
LG18	12601064	18	54.509	73.196
LG18	12633747	18	54.509	73.302
LG18	12672183	18	54.509	73.409
LG18	12730185	18	54.509	73.516
LG18	12746588	18	54.509	73.730
LG18	12746609	18	54.509	73.730
LG18	12748442	18	54.509	73.730
LG18	12749559	18	54.509	73.943
LG18	12784130	18	54.509	73.943
LG18	12810181	18	54.509	74.157
LG18	12810194	18	54.509	74.157
LG18	12810238	18	54.509	74.371
LG18	12864155	18	54.509	74.371
LG18	12884666	18	54.509	75.014
LG18	12884717	18	54.509	75.121
LG18	12957147	18	54.509	75.335
LG18	12982531	18	54.509	75.548
LG18	13160617	18	54.509	75.655
LG18	13196966	18	54.509	75.869
LG18	13196978	18	54.509	75.869
LG18	13218320	18	54.509	75.869
LG18	13218345	18	54.509	75.869
LG18	13268026	18	54.509	75.976
LG18	13301082	18	54.509	75.976
LG18	13301129	18	54.509	75.976
LG18	13301134	18	54.509	76.082
LG18	13301167	18	54.509	76.082
LG18	13303461	18	54.509	76.082
LG18	13303462	18	54.509	76.082
LG18	13306864	18	54.509	76.189
LG18	13349343	18	54.509	76.296
LG18	13379741	18	54.509	76.402
LG18	13379756	18	54.509	76.402
LG18	13445877	18	54.509	76.402
LG18	13447882	18	54.509	76.402
LG18	13473107	18	54.509	76.616
LG18	13668562	18	54.509	76.723
LG18	13686631	18	54.509	76.723
LG18	13687281	18	54.509	76.937
LG18	13688074	18	54.509	76.937
LG18	13688653	18	54.509	76.937
LG18	13721857	18	54.509	77.150
LG18	13732848	18	54.509	77.257
LG18	13732888	18	54.509	77.257
LG18	13742043	18	54.509	77.257
LG18	13775396	18	54.509	77.257
LG18	13797102	18	54.509	77.364
LG18	13816361	18	54.509	77.364
LG18	13816367	18	54.509	77.364
LG18	13835811	18	54.509	77.577
LG18	13835817	18	54.509	77.898
LG18	13835822	18	54.509	77.898
LG18	13835841	18	54.509	77.898
LG18	13835862	18	54.509	77.898
LG18	13912998	18	54.509	78.005
LG18	13950576	18	54.509	78.005
LG18	13962986	18	54.509	78.005
LG18	14085302	18	54.509	78.219
LG18	14091127	18	54.509	78.325
LG18	14110246	18	54.509	78.325
LG18	14124402	18	54.509	78.325
LG18	14275385	18	54.509	78.325
LG18	14275400	18	54.509	78.325
LG18	14292507	18	54.509	78.325
LG18	14298004	18	54.509	78.432
LG18	14343142	18	54.509	78.432
LG18	14353479	18	54.509	78.432
LG18	14354836	18	54.509	78.432
LG18	14354848	18	54.509	78.539
LG18	14356655	18	54.509	78.539
LG18	14359876	18	54.509	78.646
LG18	14440879	18	54.509	78.859
LG18	14440888	18	54.509	79.073
LG18	14441224	18	54.509	79.180
LG18	14512402	18	54.509	79.180
LG18	14518745	18	54.509	79.286
LG18	14525238	18	54.509	79.393
LG18	14549257	18	54.509	79.393
LG18	14583302	18	54.509	79.500
LG18	14614422	18	54.509	79.500
LG18	14616959	18	54.509	79.500
LG18	14621292	18	54.509	79.500
LG18	14621300	18	54.509	79.500
LG18	14652882	18	54.509	79.500
LG18	14658046	18	54.509	79.500
LG18	14678790	18	54.509	79.500
LG18	14678807	18	54.509	79.500
LG18	14678827	18	54.509	79.500
LG18	14689580	18	54.509	79.500
LG18	14718974	18	54.509	79.607
LG18	14757984	18	54.509	79.607
LG18	14820138	18	54.509	79.607
LG18	14848907	18	54.509	79.714
LG18	14865556	18	54.509	79.714
LG18	14865604	18	54.509	79.714
LG18	14865606	18	54.509	79.714
LG18	14869265	18	54.509	79.714
LG18	14869268	18	54.509	79.714
LG18	14898594	18	54.509	79.714
LG18	14898633	18	54.509	79.822
LG18	14913654	18	54.509	79.929
LG18	14920111	18	54.509	79.929
LG18	14924307	18	54.509	80.144
LG18	14973837	18	54.509	80.144
LG18	14977075	18	54.509	80.144
LG18	15018408	18	54.509	80.251
LG18	15038551	18	54.509	80.251
LG18	15062489	18	54.509	80.251
LG18	15065022	18	54.509	80.251
LG18	15065051	18	54.509	80.251
LG18	15086085	18	54.509	80.475
LG18	15093763	18	54.723	80.475
LG18	15093802	18	54.938	80.475
LG18	15194126	18	54.938	80.590
LG18	15194139	18	55.046	80.590
LG18	15196224	18	55.046	80.590
LG18	15196239	18	55.046	80.590
LG18	15215196	18	55.262	80.590
LG18	15230299	18	55.262	80.590
LG18	15230300	18	55.262	80.590
LG18	15248423	18	55.478	80.590
LG18	15248434	18	55.478	80.590
LG18	15312910	18	55.478	80.590
LG18	15312941	18	55.822	80.590
LG18	15312954	18	55.822	80.590
LG18	15313301	18	55.822	80.590
LG18	15313348	18	55.822	80.727
LG18	15317036	18	55.822	80.727
LG18	15379906	18	55.822	80.913
LG18	15402796	18	55.822	80.913
LG18	15402810	18	55.822	80.913
LG18	15402847	18	55.822	80.913
LG18	15429110	18	55.822	80.913
LG18	15780907	18	55.822	80.913
LG18	15784899	18	55.822	80.913
LG18	15842968	18	55.822	80.913
LG19	114774	19	0.000	0.000
LG19	154104	19	0.000	0.000
LG19	154117	19	0.157	0.000
LG19	170147	19	0.157	0.000
LG19	195798	19	0.157	0.000
LG19	272088	19	0.287	0.137
LG19	325655	19	0.287	0.137
LG19	353122	19	0.287	0.137
LG19	353125	19	0.287	0.137
LG19	354922	19	0.287	0.137
LG19	355357	19	0.407	0.601
LG19	367916	19	0.407	0.601
LG19	367917	19	0.407	0.601
LG19	367918	19	0.407	0.601
LG19	368020	19	0.407	0.601
LG19	410080	19	0.517	0.601
LG19	457196	19	0.517	0.601
LG19	457217	19	0.625	0.601
LG19	458050	19	0.625	0.601
LG19	458094	19	0.625	0.601
LG19	465274	19	0.625	0.601
LG19	476020	19	0.625	0.601
LG19	543447	19	0.625	0.601
LG19	571822	19	0.625	0.601
LG19	592156	19	0.625	0.601
LG19	618564	19	0.625	0.601
LG19	635117	19	0.625	0.601
LG19	677566	19	0.732	0.601
LG19	677578	19	0.839	0.601
LG19	695379	19	0.839	0.601
LG19	695380	19	0.839	0.601
LG19	701640	19	0.839	0.601
LG19	778870	19	0.945	0.601
LG19	787421	19	1.052	0.601
LG19	788330	19	1.052	0.601
LG19	789051	19	1.052	0.601
LG19	796435	19	1.159	0.601
LG19	796459	19	1.159	0.601
LG19	825257	19	1.372	0.601
LG19	897841	19	1.479	0.601
LG19	897856	19	1.479	0.601
LG19	919508	19	1.586	0.601
LG19	921222	19	1.586	0.601
LG19	924840	19	1.586	0.601
LG19	924880	19	1.586	0.601
LG19	926181	19	1.586	0.601
LG19	930994	19	1.586	0.601
LG19	974253	19	1.586	0.601
LG19	976902	19	1.586	0.601
LG19	976920	19	1.586	0.601
LG19	998252	19	1.586	0.601
LG19	1017534	19	1.800	0.601
LG19	1024288	19	1.800	0.601
LG19	1024290	19	1.800	0.601
LG19	1024318	19	1.800	0.601
LG19	1024319	19	1.800	0.601
LG19	1027797	19	1.800	0.601
LG19	1027848	19	1.800	0.601
LG19	1027849	19	1.800	0.601
LG19	1027927	19	1.906	0.601
LG19	1038233	19	1.906	0.601
LG19	1068307	19	2.227	0.601
LG19	1114236	19	2.227	0.601
LG19	1129561	19	2.334	0.601
LG19	1132799	19	2.441	0.601
LG19	1133087	19	2.441	0.601
LG19	1167530	19	2.441	0.601
LG19	1167564	19	2.441	0.601
LG19	1179783	19	2.441	0.601
LG19	1179799	19	2.441	0.601
LG19	1179829	19	2.441	0.601
LG19	1187475	19	2.441	0.708
LG19	1220750	19	2.441	0.708
LG19	1226275	19	2.441	0.708
LG19	1226287	19	2.441	0.708
LG19	1226322	19	2.441	0.815
LG19	1243960	19	2.441	0.922
LG19	1263842	19	2.761	0.922
LG19	1341664	19	2.975	0.922
LG19	1341742	19	2.975	0.922
LG19	1351274	19	3.082	0.922
LG19	1364276	19	3.082	0.922
LG19	1374627	19	3.082	0.922
LG19	1383771	19	3.189	1.028
LG19	1403298	19	3.402	1.028
LG19	1403342	19	3.616	1.135
LG19	1425574	19	3.616	1.242
LG19	1439241	19	3.723	1.348
LG19	1450247	19	3.723	1.348
LG19	1450249	19	3.723	1.348
LG19	1450295	19	3.723	1.348
LG19	1467273	19	3.723	1.348
LG19	1475192	19	3.723	1.348
LG19	1475204	19	3.723	1.348
LG19	1475207	19	3.723	1.348
LG19	1475212	19	3.723	1.348
LG19	1475222	19	3.723	1.348
LG19	1480751	19	3.723	1.669
LG19	1481035	19	3.829	1.669
LG19	1486622	19	3.829	1.669
LG19	1487377	19	4.043	1.776
LG19	1487388	19	4.043	1.883
LG19	1487407	19	4.043	1.883
LG19	1500253	19	4.043	1.883
LG19	1500254	19	4.043	1.883
LG19	1509087	19	4.257	1.989
LG19	1525231	19	4.257	2.096
LG19	1527419	19	4.257	2.096
LG19	1527580	19	4.257	2.203
LG19	1589575	19	4.257	2.310
LG19	1591290	19	4.363	2.310
LG19	1604754	19	4.363	2.416
LG19	1604787	19	4.363	2.416
LG19	1604797	19	4.363	2.416
LG19	1639810	19	4.363	2.523
LG19	1650194	19	5.007	2.630
LG19	1681448	19	5.651	2.737
LG19	1690315	19	5.651	2.737
LG19	1690355	19	5.651	2.737
LG19	1697020	19	5.651	2.843
LG19	1749139	19	5.758	2.843
LG19	1749505	19	5.864	2.950
LG19	1749515	19	5.864	3.057
LG19	1774601	19	6.078	3.485
LG19	1775257	19	6.185	3.592
LG19	1787325	19	6.185	3.698
LG19	1810423	19	6.399	3.912
LG19	1828791	19	6.399	4.233
LG19	1828806	19	6.505	4.447
LG19	1834062	19	6.505	4.553
LG19	1877205	19	6.505	4.660
LG19	1878408	19	6.612	4.767
LG19	1880338	19	6.612	4.767
LG19	1883908	19	6.612	4.767
LG19	1909796	19	6.719	4.767
LG19	1914581	19	6.825	4.767
LG19	1914646	19	6.825	4.874
LG19	1923249	19	6.825	4.874
LG19	1929881	19	6.932	4.980
LG19	1933606	19	7.253	5.087
LG19	1944000	19	7.574	5.087
LG19	1957603	19	7.788	5.301
LG19	1962387	19	7.788	5.301
LG19	1962438	19	7.788	5.301
LG19	1992248	19	8.001	5.301
LG19	2035134	19	8.108	5.729
LG19	2037290	19	8.108	5.943
LG19	2041623	19	8.429	6.263
LG19	2045789	19	8.429	6.263
LG19	2061622	19	8.536	6.263
LG19	2062670	19	8.536	6.370
LG19	2079329	19	8.536	6.477
LG19	2120239	19	8.642	6.798
LG19	2124174	19	8.749	8.094
LG19	2124175	19	8.749	8.094
LG19	2234318	19	9.393	8.522
LG19	2259540	19	9.499	8.629
LG19	2273091	19	9.499	8.735
LG19	2273092	19	9.499	8.735
LG19	2276529	19	9.606	8.842
LG19	2296169	19	10.142	9.056
LG19	2296180	19	10.249	9.056
LG19	2307020	19	10.356	9.056
LG19	2351426	19	10.356	9.270
LG19	2361519	19	10.462	9.270
LG19	2361525	19	10.569	9.270
LG19	2366704	19	10.569	9.270
LG19	2366798	19	10.569	9.270
LG19	2366807	19	10.569	9.270
LG19	2366825	19	10.783	9.376
LG19	2400496	19	11.104	9.483
LG19	2406635	19	11.210	9.483
LG19	2407242	19	11.210	9.483
LG19	2407253	19	11.210	9.590
LG19	2414344	19	11.317	9.590
LG19	2435766	19	11.531	9.590
LG19	2435767	19	11.531	9.590
LG19	2458290	19	11.531	9.590
LG19	2458308	19	11.852	9.590
LG19	2458467	19	11.852	9.590
LG19	2510147	19	11.852	9.696
LG19	2510156	19	11.852	9.696
LG19	2545339	19	11.958	9.696
LG19	2545732	19	12.065	9.803
LG19	2589506	19	12.172	9.803
LG19	2591866	19	12.278	9.803
LG19	2591875	19	12.278	9.803
LG19	2615835	19	12.278	9.803
LG19	2620911	19	12.278	9.803
LG19	2635797	19	12.385	9.803
LG19	2681881	19	12.599	10.017
LG19	2681932	19	12.599	10.017
LG19	2687258	19	12.599	10.017
LG19	2687260	19	12.599	10.017
LG19	2687279	19	12.599	10.017
LG19	2690036	19	12.706	10.124
LG19	2690039	19	12.706	10.124
LG19	2690043	19	13.026	10.124
LG19	2725034	19	13.347	10.337
LG19	2726454	19	13.347	10.337
LG19	2726461	19	13.347	10.337
LG19	2726466	19	13.347	10.337
LG19	2726819	19	13.561	10.337
LG19	2726839	19	13.561	10.337
LG19	2729237	19	13.668	10.444
LG19	2731449	19	13.989	10.444
LG19	2744665	19	13.989	10.551
LG19	2793642	19	13.989	10.764
LG19	2794826	19	13.989	10.764
LG19	2802024	19	13.989	11.085
LG19	2802037	19	14.095	11.085
LG19	2802051	19	14.095	11.299
LG19	2803402	19	14.095	11.620
LG19	2897840	19	14.416	12.156
LG19	2900103	19	14.523	12.156
LG19	2924249	19	14.630	12.262
LG19	2955748	19	14.630	12.262
LG19	2955755	19	14.843	12.262
LG19	2958416	19	14.843	12.369
LG19	2958425	19	14.843	12.369
LG19	2958426	19	14.843	12.369
LG19	2958444	19	14.843	12.797
LG19	2970690	19	14.843	12.904
LG19	2970795	19	14.843	13.440
LG19	2970815	19	14.843	13.440
LG19	2970829	19	15.271	14.192
LG19	2974346	19	15.271	14.513
LG19	3015146	19	15.271	14.941
LG19	3079617	19	15.271	15.585
LG19	3111891	19	15.378	15.585
LG19	3125708	19	15.699	16.229
LG19	3156255	19	15.699	16.229
LG19	3156278	19	15.913	16.335
LG19	3250826	19	16.019	16.764
LG19	3250843	19	16.019	16.764
LG19	3250859	19	16.019	16.764
LG19	3272582	19	16.233	16.764
LG19	3294483	19	16.233	16.764
LG19	3295868	19	16.233	16.870
LG19	3331186	19	16.233	17.191
LG19	3332199	19	16.233	17.298
LG19	3332208	19	16.233	17.298
LG19	3340054	19	16.340	17.512
LG19	3340055	19	16.340	17.512
LG19	3340122	19	16.340	17.618
LG19	3341055	19	16.554	17.725
LG19	3341070	19	16.554	17.725
LG19	3352746	19	16.554	17.725
LG19	3353691	19	16.554	17.832
LG19	3369199	19	16.554	17.832
LG19	3398456	19	16.660	18.153
LG19	3398492	19	16.874	18.153
LG19	3398958	19	16.981	18.259
LG19	3398973	19	16.981	18.259
LG19	3413401	19	17.087	18.259
LG19	3414125	19	17.087	18.259
LG19	3447545	19	17.087	18.259
LG19	3448753	19	17.087	18.259
LG19	3453901	19	17.194	18.366
LG19	3456218	19	17.194	18.473
LG19	3461053	19	17.301	18.579
LG19	3461065	19	17.301	18.579
LG19	3461067	19	17.301	18.579
LG19	3461079	19	17.301	18.579
LG19	3463373	19	17.408	19.115
LG19	3492959	19	17.408	19.329
LG19	3503016	19	17.514	19.973
LG19	3503027	19	17.621	20.187
LG19	3523172	19	17.942	20.938
LG19	3523173	19	17.942	20.938
LG19	3581851	19	18.049	21.045
LG19	3636446	19	18.049	21.259
LG19	3636463	19	18.049	21.473
LG19	3636474	19	18.262	21.473
LG19	3648439	19	18.369	21.473
LG19	3655275	19	18.583	21.686
LG19	3657199	19	18.583	21.900
LG19	3663601	19	18.689	22.007
LG19	3665058	19	18.689	22.007
LG19	3675314	19	18.689	22.435
LG19	3675647	19	18.689	22.435
LG19	3696342	19	18.689	22.649
LG19	3723422	19	18.689	22.649
LG19	3727120	19	18.689	22.649
LG19	3731461	19	18.796	22.649
LG19	3731500	19	18.796	22.649
LG19	3739464	19	18.796	22.969
LG19	3740023	19	18.796	23.076
LG19	3753924	19	18.796	23.397
LG19	3783575	19	18.796	23.504
LG19	3783608	19	18.796	23.610
LG19	3785093	19	18.796	23.717
LG19	3785116	19	19.010	23.824
LG19	3830661	19	19.223	24.684
LG19	3843703	19	19.330	24.791
LG19	3852250	19	19.437	24.791
LG19	3852265	19	19.437	24.898
LG19	3853982	19	19.437	25.111
LG19	3861659	19	19.544	25.218
LG19	3861698	19	19.650	25.325
LG19	3876333	19	19.650	25.325
LG19	3876437	19	19.650	25.325
LG19	3883871	19	19.650	25.431
LG19	3883884	19	19.650	25.431
LG19	3886245	19	19.757	25.431
LG19	3913240	19	19.757	25.431
LG19	3913260	19	19.757	25.538
LG19	3913267	19	19.757	25.538
LG19	3913274	19	19.757	25.538
LG19	3913294	19	19.757	25.538
LG19	3913458	19	19.757	25.538
LG19	3913470	19	19.864	25.645
LG19	3918876	19	19.864	25.752
LG19	3919037	19	19.864	25.858
LG19	3919044	19	19.864	25.858
LG19	3926963	19	19.971	25.965
LG19	3931451	19	19.971	25.965
LG19	3942638	19	19.971	25.965
LG19	3964431	19	20.184	26.501
LG19	3964438	19	20.291	26.608
LG19	3964439	19	20.291	26.608
LG19	3980613	19	20.505	27.036
LG19	3982111	19	20.611	27.250
LG19	3982114	19	20.611	27.570
LG19	3996240	19	20.611	27.784
LG19	4004166	19	20.932	28.105
LG19	4004204	19	21.039	28.105
LG19	4005043	19	21.146	28.212
LG19	4022832	19	21.252	28.212
LG19	4034924	19	21.573	29.072
LG19	4034952	19	21.573	29.393
LG19	4084377	19	21.787	30.253
LG19	4107185	19	22.001	30.467
LG19	4138605	19	22.107	30.573
LG19	4226718	19	22.536	30.894
LG19	4226719	19	22.642	30.894
LG19	4259634	19	22.749	31.323
LG19	4268334	19	23.285	31.536
LG19	4301908	19	23.285	31.750
LG19	4303150	19	23.606	31.964
LG19	4308214	19	23.819	32.715
LG19	4324480	19	23.926	32.929
LG19	4432583	19	23.926	33.143
LG19	4445956	19	24.354	33.787
LG19	4494966	19	24.461	33.893
LG19	4589022	19	24.675	35.519
LG19	4593449	19	24.782	36.162
LG19	4668268	19	24.888	36.483
LG19	4697810	19	24.888	36.483
LG19	4718594	19	24.888	36.912
LG19	4718598	19	24.888	36.912
LG19	4718604	19	24.995	37.340
LG19	4722934	19	24.995	37.340
LG19	4813268	19	24.995	37.447
LG19	4814967	19	24.995	37.660
LG19	4840206	19	24.995	37.660
LG19	4840256	19	24.995	37.767
LG19	4843391	19	24.995	38.195
LG19	4843413	19	24.995	38.195
LG19	4857399	19	25.209	38.195
LG19	4862396	19	25.209	38.516
LG19	4878272	19	25.209	39.268
LG19	4878325	19	25.209	39.268
LG19	4889661	19	25.209	39.268
LG19	4899419	19	25.209	39.268
LG19	4932495	19	25.315	39.482
LG19	4932496	19	25.315	39.482
LG19	4946487	19	25.315	40.018
LG19	4946488	19	25.315	40.018
LG19	4946500	19	25.422	40.124
LG19	4972753	19	25.636	40.553
LG19	4991118	19	25.849	40.981
LG19	5063355	19	26.063	40.981
LG19	5064500	19	26.063	40.981
LG19	5070980	19	26.277	41.194
LG19	5071021	19	26.277	41.194
LG19	5104433	19	26.277	41.301
LG19	5104435	19	26.277	41.301
LG19	5114834	19	26.277	41.408
LG19	5114835	19	26.277	41.408
LG19	5159791	19	26.277	41.408
LG19	5196862	19	26.277	41.408
LG19	5207198	19	26.277	41.408
LG19	5229242	19	26.490	41.622
LG19	5229245	19	26.490	41.622
LG19	5253137	19	26.490	42.050
LG19	5276283	19	26.490	42.050
LG19	5277960	19	26.490	42.157
LG19	5277961	19	26.490	42.157
LG19	5301650	19	26.490	42.157
LG19	5301695	19	26.597	42.263
LG19	5302072	19	26.597	42.263
LG19	5302084	19	26.597	42.263
LG19	5302085	19	26.597	42.584
LG19	5302108	19	26.597	42.584
LG19	5321442	19	26.704	42.584
LG19	5340347	19	26.704	42.905
LG19	5397705	19	26.704	43.012
LG19	5422840	19	26.704	43.012
LG19	5428779	19	26.811	43.333
LG19	5487431	19	26.917	43.439
LG19	5505541	19	26.917	43.760
LG19	5509320	19	26.917	43.760
LG19	5515976	19	27.024	43.867
LG19	5570510	19	27.024	43.867
LG19	5625823	19	27.024	44.081
LG19	5625881	19	27.024	44.294
LG19	5667631	19	27.024	44.401
LG19	5670259	19	27.024	44.401
LG19	5672021	19	27.024	44.401
LG19	5672029	19	27.024	44.401
LG19	5672053	19	27.024	44.401
LG19	5672264	19	27.024	44.401
LG19	5672300	19	27.024	44.615
LG19	5681020	19	27.024	44.721
LG19	5684708	19	27.024	44.721
LG19	5684743	19	27.024	44.721
LG19	5684751	19	27.024	44.721
LG19	5684755	19	27.024	44.935
LG19	5687631	19	27.024	45.149
LG19	5687632	19	27.024	45.149
LG19	5687636	19	27.024	45.149
LG19	5687648	19	27.024	45.149
LG19	5709133	19	27.024	45.149
LG19	5709186	19	27.024	45.149
LG19	5724392	19	27.024	45.149
LG19	5731361	19	27.024	45.149
LG19	5731379	19	27.024	45.149
LG19	5752622	19	27.024	45.255
LG19	5781929	19	27.024	45.255
LG19	5781931	19	27.024	45.255
LG19	5785496	19	27.024	45.255
LG19	5785502	19	27.024	45.362
LG19	5801476	19	27.024	45.469
LG19	5846076	19	27.024	45.469
LG19	5847339	19	27.024	45.576
LG19	5860670	19	27.024	45.789
LG19	5860692	19	27.131	46.110
LG19	5992679	19	27.345	46.431
LG19	5992697	19	27.345	46.431
LG19	5998935	19	27.345	46.431
LG19	6001218	19	27.345	46.859
LG19	6032605	19	27.451	46.859
LG19	6062776	19	27.451	46.859
LG19	6074734	19	27.558	47.180
LG19	6081672	19	27.558	47.180
LG19	6100143	19	27.558	47.180
LG19	6160760	19	27.558	47.180
LG19	6167135	19	27.558	47.180
LG19	6167137	19	27.558	47.180
LG19	6167144	19	27.558	47.180
LG19	6184164	19	27.558	47.180
LG19	6195553	19	27.558	47.180
LG19	6212199	19	27.558	47.180
LG19	6249413	19	27.558	47.287
LG19	6249414	19	27.558	47.287
LG19	6291997	19	27.558	47.287
LG19	6301514	19	27.558	47.287
LG19	6313797	19	27.665	47.287
LG19	6329954	19	27.771	47.394
LG19	6369567	19	27.771	47.394
LG19	6402475	19	27.771	47.500
LG19	6406521	19	27.771	47.607
LG19	6406522	19	27.771	47.607
LG19	6406550	19	27.771	47.607
LG19	6458351	19	27.878	47.607
LG19	6470645	19	27.878	47.607
LG19	6480540	19	27.878	47.607
LG19	6480577	19	27.878	47.714
LG19	6501946	19	27.878	47.714
LG19	6501963	19	27.878	47.714
LG19	6504705	19	27.878	47.820
LG19	6559828	19	27.878	47.820
LG19	6559829	19	27.878	47.820
LG19	6559868	19	27.878	47.820
LG19	6570952	19	27.878	47.820
LG19	6570971	19	27.878	47.820
LG19	6572858	19	27.878	47.820
LG19	6572863	19	27.878	47.820
LG19	6574498	19	27.878	47.820
LG19	6592429	19	27.985	47.927
LG19	6592438	19	27.985	47.927
LG19	6604083	19	27.985	47.927
LG19	6719297	19	27.985	48.141
LG19	6719329	19	27.985	48.141
LG19	6731595	19	27.985	48.141
LG19	6818095	19	27.985	48.141
LG19	6821973	19	27.985	48.141
LG19	6850586	19	27.985	48.141
LG19	6868253	19	27.985	48.141
LG19	6868262	19	27.985	48.248
LG19	6872876	19	27.985	48.248
LG19	6887584	19	27.985	48.248
LG19	6899209	19	27.985	48.248
LG19	6904655	19	27.985	48.248
LG19	6924922	19	27.985	48.248
LG19	6924948	19	27.985	48.248
LG19	6940879	19	27.985	48.248
LG19	6947249	19	27.985	48.354
LG19	7062471	19	27.985	48.354
LG19	7133119	19	27.985	48.675
LG19	7133155	19	28.092	48.889
LG19	7133157	19	28.198	48.889
LG19	7134995	19	28.198	48.996
LG19	7237271	19	28.198	49.209
LG19	7319071	19	28.305	49.209
LG19	7321498	19	28.305	49.209
LG19	7333207	19	28.305	49.209
LG19	7334179	19	28.305	49.209
LG19	7377509	19	28.305	49.209
LG19	7403201	19	28.305	49.209
LG19	7406225	19	28.305	49.423
LG19	7414496	19	28.305	49.423
LG19	7432802	19	28.305	49.530
LG19	7445266	19	28.305	49.530
LG19	7586527	19	28.305	49.530
LG19	7602895	19	28.305	49.530
LG19	7612522	19	28.305	49.636
LG19	7612560	19	28.305	49.636
LG19	7612566	19	28.412	49.636
LG19	7668549	19	28.412	49.636
LG19	7669867	19	28.412	49.636
LG19	7681386	19	28.412	49.743
LG19	7681387	19	28.412	49.743
LG19	7700267	19	28.412	49.850
LG19	7707838	19	28.412	49.850
LG19	7726076	19	28.412	49.850
LG19	7743225	19	28.412	49.957
LG19	7753815	19	28.412	50.063
LG19	7782205	19	28.518	50.063
LG19	7802804	19	28.518	50.063
LG19	7802808	19	28.518	50.063
LG19	7836953	19	28.518	50.063
LG19	7891906	19	28.518	50.063
LG19	7891917	19	28.518	50.063
LG19	7892178	19	28.518	50.063
LG19	7892185	19	28.518	50.063
LG19	7908172	19	28.518	50.170
LG19	7961069	19	28.518	50.170
LG19	7961076	19	28.518	50.170
LG19	7961083	19	28.518	50.170
LG19	7964805	19	28.518	50.170
LG19	7964824	19	28.518	50.170
LG19	7965958	19	28.518	50.170
LG19	7966017	19	28.518	50.170
LG19	7968349	19	28.518	50.170
LG19	7986287	19	28.518	50.170
LG19	7992535	19	28.518	50.170
LG19	8003987	19	28.518	50.170
LG19	8028599	19	28.518	50.170
LG19	8028636	19	28.518	50.170
LG19	8034428	19	28.518	50.170
LG19	8034470	19	28.518	50.170
LG19	8034505	19	28.518	50.170
LG19	8039657	19	28.518	50.170
LG19	8039670	19	28.518	50.170
LG19	8075777	19	28.518	50.170
LG19	8075800	19	28.518	50.170
LG19	8075901	19	28.518	50.170
LG19	8096641	19	28.518	50.170
LG19	8146071	19	28.518	50.384
LG19	8146084	19	28.518	50.384
LG19	8158137	19	28.518	50.384
LG19	8158138	19	28.518	50.384
LG19	8171150	19	28.625	50.597
LG19	8180543	19	28.625	50.597
LG19	8180547	19	28.625	50.597
LG19	8181294	19	28.625	50.597
LG19	8197079	19	28.625	50.597
LG19	8197083	19	28.625	50.597
LG19	8197092	19	28.625	50.597
LG19	8200338	19	28.625	50.597
LG19	8222863	19	28.625	50.597
LG19	8222876	19	28.625	50.597
LG19	8235283	19	28.625	50.597
LG19	8245143	19	28.625	50.704
LG19	8315437	19	28.625	50.811
LG19	8351539	19	28.625	50.917
LG19	8356033	19	28.625	50.917
LG19	8356065	19	28.625	50.917
LG19	8408101	19	28.625	50.917
LG19	8408107	19	28.625	50.917
LG19	8408113	19	28.625	50.917
LG19	8408141	19	28.625	50.917
LG19	8409564	19	28.625	50.917
LG19	8411822	19	28.732	51.238
LG19	8411830	19	28.732	51.238
LG19	8414061	19	28.732	51.238
LG19	8414079	19	28.732	51.238
LG19	8517228	19	28.839	51.238
LG19	8555487	19	28.839	51.345
LG19	8624642	19	28.839	51.452
LG19	8626805	19	28.839	51.452
LG19	8626806	19	28.839	51.452
LG19	8642662	19	28.839	51.452
LG19	8680964	19	28.839	51.452
LG19	8680972	19	28.839	51.452
LG19	8697990	19	28.839	51.452
LG19	8741982	19	28.839	51.559
LG19	8753771	19	28.839	51.559
LG19	8753772	19	28.839	51.559
LG19	8866418	19	28.945	51.665
LG19	8879923	19	28.945	51.665
LG19	8902544	19	28.945	51.772
LG19	8957064	19	28.945	51.879
LG19	9017467	19	28.945	51.879
LG19	9118634	19	28.945	51.985
LG19	9232947	19	28.945	51.985
LG19	9254676	19	28.945	51.985
LG19	9283393	19	28.945	51.985
LG19	9359636	19	28.945	51.985
LG19	9448764	19	28.945	51.985
LG19	9501847	19	28.945	51.985
LG19	9510023	19	28.945	51.985
LG19	9559022	19	28.945	51.985
LG19	9559030	19	28.945	51.985
LG19	9720668	19	28.945	51.985
LG19	9733560	19	28.945	51.985
LG19	9736009	19	28.945	51.985
LG19	9963573	19	28.945	51.985
LG19	10055053	19	28.945	51.985
LG19	10055060	19	28.945	51.985
LG19	10105783	19	28.945	51.985
LG19	10215289	19	28.945	51.985
LG19	10217275	19	28.945	51.985
LG19	10218872	19	28.945	51.985
LG19	10218920	19	28.945	51.985
LG19	10251410	19	28.945	51.985
LG19	10277779	19	28.945	51.985
LG19	10529388	19	28.945	51.985
LG19	10598757	19	28.945	51.985
LG19	11072710	19	28.945	51.985
LG19	11072711	19	28.945	51.985
LG19	11135447	19	28.945	51.985
LG19	11170411	19	28.945	51.985
LG19	11215813	19	28.945	51.985
LG19	11417729	19	28.945	51.985
LG19	11433026	19	28.945	51.985
LG19	11549835	19	28.945	51.985
LG19	11549837	19	28.945	51.985
LG19	11582153	19	28.945	51.985
LG19	11588534	19	28.945	51.985
LG19	11588541	19	28.945	51.985
LG19	11588555	19	28.945	51.985
LG19	11620656	19	28.945	51.985
LG19	11620715	19	28.945	51.985
LG19	11651174	19	28.945	51.985
LG19	11734119	19	28.945	51.985
LG19	11788927	19	28.945	51.985
LG19	11909268	19	28.945	51.985
LG19	11909290	19	28.945	51.985
LG19	11909300	19	28.945	51.985
LG19	11912505	19	28.945	51.985
LG19	11934173	19	28.945	51.985
LG19	12216147	19	28.945	51.985
LG19	12231869	19	28.945	51.985
LG19	12238752	19	28.945	51.985
LG19	12256188	19	28.945	52.092
LG19	12268785	19	28.945	52.092
LG19	12294423	19	28.945	52.092
LG19	12307653	19	28.945	52.092
LG19	12329989	19	28.945	52.092
LG19	12333953	19	28.945	52.092
LG19	12346538	19	28.945	52.092
LG19	12346548	19	28.945	52.092
LG19	12348462	19	28.945	52.092
LG19	12349566	19	28.945	52.092
LG19	12349600	19	28.945	52.092
LG19	12359344	19	28.945	52.199
LG19	12359497	19	28.945	52.199
LG19	12364829	19	28.945	52.199
LG19	12380782	19	28.945	52.199
LG19	12421793	19	28.945	52.199
LG19	12421817	19	28.945	52.199
LG19	12425064	19	28.945	52.413
LG19	12425305	19	28.945	52.413
LG19	12446171	19	28.945	52.413
LG19	12476197	19	28.945	52.413
LG19	12517323	19	28.945	52.413
LG19	12525855	19	28.945	52.413
LG19	12554522	19	28.945	52.519
LG19	12554541	19	28.945	52.519
LG19	12566291	19	28.945	52.519
LG19	12570599	19	28.945	52.519
LG19	12582318	19	28.945	52.519
LG19	12603582	19	28.945	52.519
LG19	12626731	19	28.945	52.519
LG19	12654445	19	28.945	52.519
LG19	12695562	19	28.945	52.519
LG19	12786595	19	28.945	52.626
LG19	12834338	19	28.945	52.626
LG19	12913982	19	28.945	52.626
LG19	13038374	19	28.945	52.733
LG19	13097883	19	28.945	52.733
LG19	13134056	19	28.945	52.733
LG19	13134061	19	28.945	52.733
LG19	13134062	19	28.945	52.733
LG19	13134074	19	28.945	52.733
LG19	13134091	19	28.945	52.733
LG19	13140807	19	28.945	52.733
LG19	13146417	19	28.945	52.733
LG19	13160880	19	28.945	52.733
LG19	13160921	19	28.945	52.839
LG19	13165547	19	28.945	53.053
LG19	13243719	19	28.945	53.160
LG19	13374219	19	28.945	53.267
LG19	13429736	19	28.945	53.587
LG19	13429738	19	28.945	53.694
LG19	13430239	19	28.945	53.694
LG19	13449849	19	28.945	53.694
LG19	13449977	19	28.945	53.694
LG19	13476293	19	28.945	53.694
LG19	13659176	19	28.945	53.801
LG19	13699044	19	28.945	53.908
LG19	13699082	19	28.945	53.908
LG19	13711042	19	28.945	54.014
LG19	13776914	19	28.945	54.121
LG19	13816906	19	28.945	54.121
LG19	13843440	19	28.945	54.121
LG19	13852494	19	28.945	54.121
LG19	13852500	19	28.945	54.335
LG19	13894735	19	28.945	54.335
LG19	13894744	19	28.945	54.335
LG19	13910127	19	28.945	54.441
LG19	13935449	19	28.945	54.441
LG19	13980463	19	28.945	54.548
LG19	13991196	19	28.945	54.548
LG19	14001618	19	28.945	54.548
LG19	14047351	19	28.945	54.762
LG19	14047375	19	28.945	54.762
LG19	14077583	19	28.945	54.762
LG19	14077619	19	28.945	54.869
LG19	14077622	19	28.945	55.082
LG19	14088770	19	28.945	55.082
LG19	14088773	19	28.945	55.082
LG19	14097650	19	28.945	55.082
LG19	14097652	19	28.945	55.082
LG19	14150370	19	28.945	55.082
LG19	14164811	19	28.945	55.296
LG19	14166431	19	28.945	55.296
LG19	14168985	19	28.945	55.510
LG19	14168995	19	28.945	55.510
LG19	14180902	19	28.945	55.510
LG19	14208797	19	28.945	55.510
LG19	14222363	19	28.945	55.510
LG19	14223978	19	28.945	55.510
LG19	14223992	19	28.945	55.510
LG19	14241651	19	28.945	55.616
LG19	14241652	19	28.945	55.616
LG19	14243328	19	28.945	55.616
LG19	14257950	19	29.052	55.723
LG19	14294937	19	29.052	55.830
LG19	14326594	19	29.052	55.936
LG19	14326635	19	29.052	55.936
LG19	14342702	19	29.159	56.365
LG19	14367480	19	29.159	56.578
LG19	14373043	19	29.159	56.578
LG19	14412141	19	29.159	56.685
LG19	14419070	19	29.159	56.685
LG19	14432630	19	29.159	56.792
LG19	14432648	19	29.159	57.006
LG19	14448001	19	29.159	57.006
LG19	14448015	19	29.159	57.006
LG19	14455413	19	29.159	57.112
LG19	14455419	19	29.266	57.433
LG19	14598669	19	29.266	57.433
LG19	14598695	19	29.266	57.540
LG19	14700002	19	29.266	58.400
LG19	14755794	19	29.266	58.507
LG19	14845583	19	29.266	58.614
LG19	14846031	19	29.266	58.614
LG19	14871395	19	29.266	59.365
LG19	14871396	19	29.266	59.365
LG19	14871397	19	29.266	59.472
LG19	15063630	19	29.266	59.579
LG19	15063668	19	29.266	59.579
LG19	15063673	19	29.266	59.579
LG19	15063681	19	29.266	59.686
LG19	15078319	19	29.266	59.899
LG19	15085363	19	29.266	59.899
LG19	15098959	19	29.266	59.899
LG19	15105487	19	29.266	60.113
LG19	15124291	19	29.266	60.220
LG19	15150933	19	29.266	60.541
LG19	15202529	19	29.266	60.541
LG19	15202566	19	29.266	60.541
LG19	15203154	19	29.266	60.541
LG19	15226005	19	29.266	60.541
LG19	15226009	19	29.266	60.541
LG19	15226045	19	29.266	60.541
LG19	15237137	19	29.372	60.647
LG19	15240377	19	29.372	60.647
LG19	15240384	19	29.372	60.861
LG19	15374292	19	29.372	60.968
LG19	15374297	19	29.372	61.074
LG19	15374742	19	29.372	61.181
LG19	15422838	19	29.372	61.395
LG19	15450041	19	29.479	61.716
LG19	15545447	19	29.479	61.929
LG19	15670010	19	29.586	61.929
LG19	15695750	19	29.586	61.929
LG19	15734950	19	29.586	61.929
LG19	15734975	19	29.586	62.465
LG19	15742301	19	29.586	62.786
LG19	15742326	19	29.586	62.786
LG19	15751706	19	29.692	63.107
LG19	15760056	19	29.692	63.321
LG19	15775043	19	29.799	63.534
LG19	15828519	19	29.799	63.534
LG19	15906266	19	29.799	63.641
LG19	15906293	19	29.799	63.641
LG19	15906304	19	29.799	63.641
LG19	15906347	19	29.799	63.855
LG19	16009654	19	29.906	64.932
LG19	16013366	19	30.227	65.361
LG19	16053040	19	30.440	66.221
LG19	16172819	19	30.547	66.221
LG19	16225921	19	30.547	66.649
LG19	16234691	19	30.547	66.649
LG19	16234701	19	30.547	66.649
LG19	16241312	19	30.654	67.077
LG19	16241319	19	30.654	67.077
LG19	16241327	19	30.654	67.077
LG19	16250607	19	30.761	67.829
LG19	16268071	19	31.081	68.473
LG19	16268072	19	31.081	68.473
LG19	16268087	19	31.081	68.473
LG19	16268090	19	31.081	68.473
LG19	16268091	19	31.081	68.580
LG19	16268092	19	31.081	68.580
LG19	16507384	19	31.081	69.008
LG19	16508251	19	31.081	69.115
LG19	16516773	19	31.081	69.221
LG19	16518386	19	31.188	69.328
LG19	16521067	19	31.509	69.435
LG19	16523531	19	31.509	69.542
LG19	16541798	19	31.509	69.862
LG19	16571486	19	31.616	70.506
LG19	16644885	19	32.260	70.827
LG19	16654991	19	32.366	71.471
LG19	16677943	19	32.473	71.685
LG19	16677963	19	32.473	71.685
LG19	16677974	19	32.473	71.685
LG19	16677982	19	32.473	71.685
LG19	16690824	19	33.009	72.545
LG19	16712000	19	33.223	72.866
LG19	16721849	19	33.436	73.187
LG19	16731304	19	33.436	73.507
LG19	16742949	19	33.436	73.614
LG19	16777315	19	33.436	73.614
LG19	16779220	19	33.436	73.721
LG19	16795639	19	33.650	73.935
LG19	16795641	19	33.650	74.041
LG19	16823158	19	33.757	74.362
LG19	16834863	19	33.970	74.576
LG19	16839123	19	33.970	74.789
LG19	16839254	19	33.970	74.789
LG19	16861910	19	33.970	75.003
LG19	16876270	19	34.077	75.110
LG19	16880299	19	34.077	75.110
LG19	16880559	19	34.077	75.217
LG19	16880580	19	34.184	75.217
LG19	16895802	19	34.397	75.537
LG19	16924778	19	34.397	75.751
LG19	16926539	19	34.718	75.858
LG19	16975355	19	34.825	75.858
LG19	16975366	19	34.825	75.858
LG19	17001695	19	34.932	75.858
LG19	17002261	19	35.038	76.179
LG19	17026733	19	35.145	76.179
LG19	17031256	19	35.145	76.179
LG19	17061505	19	35.359	76.392
LG19	17070458	19	35.359	76.392
LG19	17070499	19	35.466	76.392
LG19	17075711	19	35.466	76.606
LG19	17075735	19	35.466	76.606
LG19	17090850	19	35.572	76.820
LG19	17090882	19	35.679	76.820
LG19	17101252	19	35.893	76.926
LG19	17101274	19	35.893	76.926
LG19	17120152	19	36.214	78.113
LG19	17120153	19	36.214	78.113
LG19	17131868	19	36.427	78.113
LG19	17131870	19	36.641	78.220
LG19	17143205	19	36.641	78.327
LG19	17182372	19	37.177	78.862
LG19	17204297	19	37.821	78.862
LG19	17204303	19	38.141	79.723
LG19	17294988	19	38.141	80.151
LG19	17348718	19	38.355	80.258
LG19	17366681	19	38.355	80.364
LG19	17380634	19	38.569	81.333
LG19	17397547	19	38.676	81.977
LG19	17469484	19	39.211	82.084
LG19	17512693	19	39.640	82.836
LG19	17525903	19	39.961	83.588
LG19	17663233	19	40.174	84.339
LG19	17675559	19	40.495	84.875
LG19	17694461	19	40.495	84.982
LG19	17757916	19	40.602	85.089
LG19	17757926	19	40.602	85.089
LG19	17777104	19	40.602	85.302
LG19	17777152	19	40.602	85.516
LG19	17799432	19	40.816	86.052
LG19	17799469	19	40.816	86.052
LG19	17800246	19	40.816	86.159
LG19	17800263	19	40.816	86.159
LG19	17806282	19	40.816	86.372
LG19	17809180	19	40.922	86.372
LG19	17809181	19	40.922	86.372
LG19	17810367	19	40.922	86.586
LG19	17816903	19	40.922	86.586
LG19	17816944	19	40.922	86.586
LG19	17838514	19	40.922	86.586
LG19	17839942	19	40.922	86.586
LG19	17844900	19	40.922	87.230
LG19	17844906	19	41.136	87.658
LG19	17845824	19	41.457	87.658
LG19	17926618	19	41.563	87.658
LG19	17926633	19	41.563	87.658
LG19	17953886	19	41.563	87.765
LG19	17953892	19	41.563	87.765
LG19	17954475	19	41.884	88.517
LG19	17961406	19	42.098	88.838
LG19	17977945	19	42.205	89.374
LG19	18000844	19	42.741	89.802
LG19	18115113	19	43.493	90.879
LG19	18116070	19	43.599	90.879
LG19	18116104	19	43.599	91.308
LG19	18134257	19	43.599	91.308
LG19	18143823	19	43.706	91.629
LG19	18143840	19	43.706	91.949
LG19	18143850	19	43.706	91.949
LG19	18176357	19	43.813	92.056
LG19	18192964	19	43.919	92.056
LG19	18194030	19	43.919	92.056
LG19	18198998	19	44.348	92.377
LG19	18199002	19	44.454	92.484
LG19	18203915	19	44.668	92.697
LG19	18216453	19	44.775	93.126
LG19	18250823	19	45.203	93.232
LG19	18276780	19	45.524	93.446
LG19	18276806	19	45.738	94.090
LG19	18290968	19	46.058	94.734
LG19	18373337	19	46.594	94.840
LG19	18427723	19	46.808	94.947
LG19	18427735	19	46.915	94.947
LG19	18449915	19	47.022	95.268
LG19	18504872	19	47.342	95.589
LG19	18510989	19	47.342	96.449
LG19	18558569	19	47.556	97.201
LG19	18558608	19	47.556	97.308
LG19	18558611	19	47.556	97.308
LG19	18627261	19	47.556	97.629
LG19	18642276	19	47.770	98.272
LG19	18654810	19	47.876	98.272
LG19	18662400	19	48.090	98.808
LG19	18667020	19	48.304	98.915
LG19	18667024	19	48.304	98.915
LG19	18709860	19	48.411	99.236
LG19	18709893	19	48.411	99.236
LG19	18709902	19	48.411	99.557
LG19	18709936	19	48.411	99.557
LG19	18719138	19	48.624	99.770
LG19	18719165	19	48.624	99.770
LG19	18719173	19	48.624	99.770
LG19	18719179	19	48.624	99.770
LG19	18731625	19	48.731	99.877
LG19	18741625	19	48.945	100.305
LG19	18751252	19	49.373	100.412
LG19	18882488	19	49.694	101.927
LG19	18950701	19	50.015	102.463
LG19	18952143	19	50.335	103.541
LG19	19012653	19	50.442	103.648
LG19	19018504	19	50.549	103.648
LG19	19147308	19	50.977	104.076
LG19	19147310	19	50.977	104.076
LG19	19178972	19	51.513	104.612
LG19	19179934	19	51.513	104.718
LG19	19179997	19	51.513	104.718
LG19	19180315	19	51.513	104.718
LG19	19191149	19	51.513	104.825
LG19	19197273	19	51.727	104.932
LG19	19257887	19	51.940	104.932
LG19	19257923	19	51.940	105.039
LG19	19267883	19	52.047	105.039
LG19	19268302	19	52.261	105.360
LG19	19274414	19	52.261	105.360
LG19	19281711	19	52.368	105.680
LG19	19304271	19	52.581	105.680
LG19	19304275	19	52.581	105.680
LG19	19304298	19	52.795	106.001
LG19	19401614	19	53.331	106.108
LG19	19401625	19	53.331	106.215
LG19	19403275	19	53.438	106.215
LG19	19403328	19	53.438	106.215
LG19	19438439	19	53.544	106.215
LG19	19459490	19	53.758	106.215
LG19	19459534	19	53.758	106.321
LG19	19470720	19	53.972	106.428
LG19	19542041	19	54.400	106.856
LG19	19549629	19	54.400	106.856
LG19	19569787	19	54.614	106.963
LG19	19570040	19	54.614	106.963
LG19	19572181	19	54.614	106.963
LG19	19580290	19	54.614	106.963
LG19	19580315	19	54.614	106.963
LG19	19597900	19	54.614	106.963
LG19	19598065	19	54.614	106.963
LG19	19598501	19	54.614	106.963
LG19	19598533	19	54.614	106.963
LG19	19611094	19	54.614	106.963
LG19	19611168	19	54.827	106.963
LG19	19611178	19	55.041	106.963
LG19	19611191	19	55.041	106.963
LG19	19611205	19	55.041	106.963
LG19	19649438	19	55.148	106.963
LG19	19664682	19	55.361	107.070
LG19	19698120	19	55.468	107.177
LG19	19698122	19	55.575	107.177
LG19	19710152	19	55.575	107.177
LG19	19724809	19	55.896	107.283
LG19	19750916	19	55.896	107.283
LG19	19791429	19	55.896	107.497
LG19	19792475	19	55.896	107.604
LG19	19792489	19	55.896	107.604
LG19	19793702	19	55.896	107.604
LG19	19797640	19	55.896	107.604
LG19	19802171	19	55.896	107.604
LG19	19805054	19	55.896	107.604
LG19	19805058	19	56.109	107.711
LG19	19839638	19	56.109	107.711
LG19	19860248	19	56.109	107.711
LG19	19864070	19	56.109	108.140
LG19	19864074	19	56.109	108.462
LG19	19875821	19	56.216	108.569
LG19	19888148	19	56.323	108.569
LG19	19888660	19	56.323	108.569
LG19	19936115	19	56.430	108.569
LG19	19936120	19	56.538	108.569
LG19	19939066	19	56.538	108.787
LG19	19955045	19	57.194	108.787
LG19	19979732	19	57.194	108.787
LG19	19979789	19	57.194	109.235
LG19	20019463	19	57.304	109.235
LG19	20019469	19	57.304	109.235
LG19	20019471	19	57.304	109.235
LG19	20045152	19	57.304	109.235
LG19	20051959	19	57.304	109.235
LG19	20055801	19	57.304	109.235
LG19	20068260	19	57.304	109.235
LG19	20068314	19	57.304	109.235
LG19	20207115	19	57.304	109.235
LG19	20234389	19	57.304	109.235
LG20	54691	20	0.000	0.000
LG20	54721	20	0.000	0.000
LG20	93854	20	0.000	0.000
LG20	149773	20	0.000	0.000
LG20	149809	20	0.130	0.278
LG20	153014	20	0.130	0.278
LG20	202391	20	0.130	0.278
LG20	237724	20	0.251	0.278
LG20	237734	20	0.366	0.278
LG20	237754	20	0.366	0.278
LG20	257984	20	0.366	0.278
LG20	319181	20	0.366	0.278
LG20	319208	20	0.366	0.278
LG20	328064	20	0.366	0.278
LG20	328097	20	0.366	0.278
LG20	329293	20	0.366	0.278
LG20	364764	20	0.366	0.386
LG20	383093	20	0.366	0.386
LG20	402239	20	0.366	0.386
LG20	402260	20	0.366	0.386
LG20	402261	20	0.366	0.386
LG20	411691	20	0.366	0.386
LG20	413533	20	0.366	0.386
LG20	413896	20	0.366	0.386
LG20	413913	20	0.366	0.602
LG20	415521	20	0.473	0.602
LG20	415559	20	0.473	0.602
LG20	458107	20	0.580	0.602
LG20	485131	20	0.580	0.602
LG20	522295	20	0.580	0.602
LG20	522296	20	0.580	0.602
LG20	522299	20	0.580	0.602
LG20	525403	20	0.580	0.602
LG20	527054	20	0.687	0.602
LG20	527058	20	0.687	0.602
LG20	534008	20	0.687	0.602
LG20	534009	20	0.687	0.602
LG20	534010	20	0.687	0.602
LG20	546566	20	0.687	0.602
LG20	547522	20	0.794	0.602
LG20	562866	20	0.794	0.602
LG20	570107	20	0.901	0.709
LG20	572637	20	0.901	0.709
LG20	573334	20	1.007	0.709
LG20	573335	20	1.007	0.709
LG20	574706	20	1.007	0.816
LG20	574707	20	1.007	0.816
LG20	574728	20	1.007	0.816
LG20	574739	20	1.221	0.816
LG20	574862	20	1.221	0.816
LG20	597904	20	1.328	0.816
LG20	614009	20	1.649	1.136
LG20	637235	20	1.755	1.136
LG20	649834	20	1.755	1.136
LG20	671618	20	1.969	1.457
LG20	682267	20	2.183	1.457
LG20	682269	20	2.183	1.457
LG20	682297	20	2.183	1.457
LG20	715093	20	2.289	1.564
LG20	731465	20	2.289	1.564
LG20	820123	20	2.503	1.778
LG20	820126	20	2.610	1.884
LG20	860835	20	2.717	2.205
LG20	861359	20	2.823	2.205
LG20	861385	20	2.823	2.205
LG20	865831	20	2.823	2.205
LG20	880558	20	2.930	2.205
LG20	887358	20	3.037	2.312
LG20	890678	20	3.037	2.312
LG20	920214	20	3.143	2.312
LG20	996719	20	3.143	2.312
LG20	996737	20	3.143	2.312
LG20	999827	20	3.250	2.312
LG20	1008791	20	3.250	2.312
LG20	1008802	20	3.250	2.312
LG20	1013802	20	3.357	2.312
LG20	1013851	20	3.357	2.312
LG20	1013852	20	3.464	2.312
LG20	1015253	20	3.464	2.312
LG20	1022606	20	3.464	2.312
LG20	1022624	20	3.464	2.312
LG20	1027222	20	3.464	2.312
LG20	1031866	20	3.464	2.312
LG20	1031884	20	3.570	2.312
LG20	1031910	20	3.677	2.312
LG20	1039461	20	3.891	2.419
LG20	1056495	20	3.891	2.419
LG20	1056515	20	3.891	2.419
LG20	1056824	20	3.891	2.419
LG20	1056953	20	3.997	2.632
LG20	1143983	20	4.104	2.739
LG20	1152002	20	4.211	2.739
LG20	1152028	20	4.318	2.739
LG20	1173472	20	4.318	2.739
LG20	1173483	20	4.424	2.846
LG20	1204325	20	4.531	2.846
LG20	1214915	20	4.638	2.846
LG20	1214921	20	4.638	2.953
LG20	1214941	20	5.066	3.059
LG20	1216937	20	5.066	3.059
LG20	1276224	20	5.280	3.166
LG20	1303298	20	5.280	3.273
LG20	1303327	20	5.386	3.273
LG20	1303330	20	5.386	3.486
LG20	1303337	20	5.386	3.486
LG20	1303344	20	5.386	3.486
LG20	1397718	20	5.493	3.486
LG20	1397725	20	5.493	3.486
LG20	1431359	20	5.493	3.486
LG20	1443845	20	5.814	3.486
LG20	1445326	20	5.921	3.593
LG20	1506356	20	6.134	3.593
LG20	1507476	20	6.241	3.593
LG20	1507516	20	6.562	3.807
LG20	1558600	20	6.883	3.807
LG20	1558605	20	6.883	3.807
LG20	1614709	20	6.990	3.807
LG20	1624369	20	7.203	3.807
LG20	1624372	20	7.203	3.807
LG20	1643880	20	7.203	3.807
LG20	1643901	20	7.203	3.807
LG20	1704327	20	7.203	3.914
LG20	1704716	20	7.203	3.914
LG20	1706929	20	7.203	3.914
LG20	1708708	20	7.203	3.914
LG20	1708726	20	7.203	3.914
LG20	1708730	20	7.203	3.914
LG20	1713304	20	7.203	3.914
LG20	1713328	20	7.203	3.914
LG20	1713343	20	7.203	4.020
LG20	1722332	20	7.310	4.234
LG20	1722398	20	7.524	4.341
LG20	1722412	20	7.524	4.341
LG20	1756485	20	7.524	4.341
LG20	1769941	20	7.737	4.341
LG20	1770724	20	7.737	4.341
LG20	1770748	20	7.737	4.447
LG20	1779725	20	7.737	4.554
LG20	1779752	20	7.737	4.768
LG20	1811280	20	7.737	4.768
LG20	1821293	20	7.844	4.768
LG20	1831878	20	8.058	4.981
LG20	1866158	20	8.058	4.981
LG20	1897415	20	8.058	4.981
LG20	1897533	20	8.271	4.981
LG20	1898811	20	8.271	4.981
LG20	1920900	20	8.271	4.981
LG20	1961646	20	8.485	5.195
LG20	1961698	20	8.485	5.302
LG20	1993540	20	8.485	5.409
LG20	1993572	20	8.592	5.409
LG20	1995033	20	8.699	5.409
LG20	1995447	20	8.699	5.409
LG20	2018434	20	8.805	5.837
LG20	2033893	20	9.126	6.373
LG20	2033909	20	9.554	6.801
LG20	2056203	20	9.768	7.122
LG20	2145676	20	10.089	7.550
LG20	2157470	20	10.089	7.550
LG20	2161607	20	10.089	7.871
LG20	2299204	20	10.410	8.515
LG20	2299205	20	10.623	8.515
LG20	2306302	20	10.730	9.267
LG20	2306342	20	11.158	10.019
LG20	2306346	20	11.372	11.205
LG20	2345027	20	11.693	11.419
LG20	2372797	20	11.800	11.419
LG20	2496421	20	12.336	12.934
LG20	2527035	20	12.764	12.934
LG20	2586921	20	13.085	12.934
LG20	2586947	20	13.085	13.148
LG20	2620761	20	13.298	13.362
LG20	2622306	20	13.512	13.682
LG20	2643882	20	13.940	13.682
LG20	2643885	20	13.940	13.682
LG20	2643886	20	13.940	13.682
LG20	2643894	20	13.940	13.682
LG20	2669800	20	14.584	14.003
LG20	2669820	20	14.691	14.003
LG20	2671853	20	14.798	14.003
LG20	2685485	20	14.904	14.324
LG20	2723310	20	15.118	14.538
LG20	2726818	20	15.439	14.751
LG20	2726827	20	15.439	14.751
LG20	2760706	20	15.653	15.180
LG20	2844866	20	15.759	15.501
LG20	2844912	20	15.759	15.714
LG20	2845706	20	15.759	15.714
LG20	2933384	20	16.511	16.143
LG20	2933400	20	16.511	16.143
LG20	2933401	20	16.618	16.143
LG20	2936568	20	17.370	16.786
LG20	2936593	20	17.370	16.786
LG20	2947434	20	17.583	17.322
LG20	2959872	20	17.797	17.322
LG20	2991222	20	17.797	17.751
LG20	3004509	20	17.797	17.964
LG20	3032452	20	18.225	18.500
LG20	3061712	20	18.546	20.015
LG20	3069112	20	18.760	20.015
LG20	3069149	20	19.188	20.015
LG20	3098839	20	19.295	20.336
LG20	3098860	20	20.047	20.657
LG20	3152495	20	20.799	21.301
LG20	3218318	20	20.799	21.301
LG20	3222714	20	21.120	21.837
LG20	3258802	20	21.333	22.373
LG20	3260934	20	21.333	22.694
LG20	3268753	20	21.333	23.122
LG20	3268785	20	21.333	23.122
LG20	3269545	20	21.333	23.335
LG20	3290438	20	21.333	23.335
LG20	3292234	20	21.333	23.442
LG20	3292252	20	21.440	23.656
LG20	3351960	20	21.547	23.656
LG20	3351972	20	21.547	23.656
LG20	3376193	20	21.547	24.300
LG20	3385383	20	22.190	24.621
LG20	3396118	20	22.190	24.727
LG20	3404813	20	22.190	25.048
LG20	3404814	20	22.190	25.155
LG20	3408441	20	22.297	25.155
LG20	3418784	20	22.404	25.476
LG20	3423565	20	22.618	25.689
LG20	3423627	20	22.724	26.225
LG20	3453614	20	22.938	27.086
LG20	3533415	20	23.152	27.406
LG20	3533434	20	23.152	27.406
LG20	3609458	20	23.152	27.406
LG20	3609472	20	23.152	27.620
LG20	3613194	20	23.365	27.834
LG20	3629912	20	23.365	28.370
LG20	3631212	20	23.901	29.447
LG20	3635965	20	23.901	29.447
LG20	3649008	20	23.901	29.447
LG20	3728630	20	24.329	29.876
LG20	3738428	20	24.543	29.876
LG20	3756415	20	24.650	29.982
LG20	3756417	20	24.650	29.982
LG20	3781377	20	24.650	29.982
LG20	3798227	20	24.650	29.982
LG20	3803761	20	24.650	29.982
LG20	3803775	20	24.650	29.982
LG20	3814691	20	24.757	29.982
LG20	3814726	20	24.757	29.982
LG20	3827651	20	24.863	30.089
LG20	3827652	20	24.863	30.089
LG20	3834265	20	24.863	30.196
LG20	3834272	20	24.863	30.196
LG20	3837321	20	24.863	30.196
LG20	3837330	20	24.863	30.409
LG20	3873526	20	24.970	30.730
LG20	3881389	20	24.970	30.837
LG20	3882231	20	24.970	30.837
LG20	3912523	20	25.506	31.158
LG20	3912526	20	25.506	31.158
LG20	3934663	20	25.613	31.158
LG20	3934932	20	25.613	31.158
LG20	3934943	20	25.613	31.694
LG20	3934953	20	25.613	31.694
LG20	3934956	20	25.613	31.800
LG20	3978487	20	25.613	32.121
LG20	3998789	20	25.613	32.228
LG20	3999783	20	25.613	32.228
LG20	4001339	20	25.719	32.549
LG20	4031078	20	25.826	32.549
LG20	4108065	20	26.040	33.085
LG20	4155449	20	26.040	33.085
LG20	4155837	20	26.253	33.085
LG20	4155840	20	26.253	33.085
LG20	4174367	20	26.253	33.513
LG20	4177019	20	26.360	33.513
LG20	4179324	20	26.360	33.513
LG20	4180447	20	26.467	33.620
LG20	4184893	20	26.574	33.833
LG20	4197828	20	26.574	33.833
LG20	4197849	20	26.574	33.833
LG20	4197850	20	26.574	33.833
LG20	4197864	20	26.574	33.833
LG20	4202507	20	26.574	33.833
LG20	4206490	20	26.680	33.940
LG20	4206495	20	26.680	33.940
LG20	4219313	20	26.680	33.940
LG20	4237330	20	26.680	34.047
LG20	4247464	20	26.787	34.261
LG20	4251578	20	26.894	34.367
LG20	4280448	20	27.215	34.474
LG20	4300094	20	27.428	34.581
LG20	4328890	20	27.428	34.581
LG20	4328916	20	27.428	34.902
LG20	4369121	20	27.642	35.330
LG20	4377259	20	27.856	35.544
LG20	4388619	20	27.962	35.757
LG20	4439540	20	28.283	35.864
LG20	4439547	20	28.390	35.971
LG20	4445810	20	28.390	36.184
LG20	4450632	20	28.390	36.184
LG20	4450635	20	28.390	36.291
LG20	4450668	20	28.390	36.398
LG20	4464403	20	28.390	36.505
LG20	4464449	20	28.604	36.933
LG20	4501809	20	28.604	36.933
LG20	4501817	20	28.604	36.933
LG20	4502061	20	28.817	37.040
LG20	4502472	20	28.817	37.146
LG20	4502488	20	28.817	37.146
LG20	4502492	20	28.817	37.146
LG20	4508839	20	29.031	37.253
LG20	4508847	20	29.031	37.253
LG20	4508849	20	29.031	37.253
LG20	4544726	20	29.245	37.789
LG20	4544727	20	29.351	37.789
LG20	4588644	20	29.458	37.789
LG20	4590809	20	29.458	37.789
LG20	4591868	20	29.565	38.003
LG20	4599863	20	29.565	38.109
LG20	4651315	20	29.565	38.323
LG20	4651320	20	29.565	38.323
LG20	4694165	20	29.565	38.537
LG20	4695419	20	29.565	38.537
LG20	4718225	20	29.565	38.537
LG20	4733484	20	29.565	38.857
LG20	4747002	20	29.565	38.964
LG20	4766479	20	29.779	39.285
LG20	4792884	20	30.207	39.821
LG20	4792945	20	30.207	39.821
LG20	4792952	20	30.314	40.035
LG20	4792963	20	30.314	40.035
LG20	4792970	20	30.314	40.356
LG20	4792977	20	30.314	40.356
LG20	4836835	20	30.527	40.676
LG20	4850680	20	30.634	40.783
LG20	4904828	20	30.741	41.211
LG20	4906804	20	30.741	41.211
LG20	4906808	20	30.741	41.211
LG20	4906845	20	30.741	41.211
LG20	4929874	20	30.741	41.318
LG20	4941660	20	30.954	41.425
LG20	4941687	20	30.954	41.425
LG20	4943776	20	30.954	41.746
LG20	4943817	20	30.954	41.852
LG20	4985870	20	30.954	41.852
LG20	5020017	20	31.061	42.173
LG20	5020026	20	31.061	42.173
LG20	5020032	20	31.275	42.280
LG20	5042053	20	31.275	42.280
LG20	5057720	20	31.275	42.387
LG20	5065632	20	31.275	42.600
LG20	5065676	20	31.275	42.600
LG20	5070462	20	31.275	42.600
LG20	5070463	20	31.275	42.600
LG20	5077436	20	31.275	42.814
LG20	5077444	20	31.381	42.814
LG20	5077485	20	31.381	42.814
LG20	5077486	20	31.381	42.814
LG20	5083182	20	31.381	42.921
LG20	5088327	20	31.381	43.242
LG20	5088348	20	31.381	43.348
LG20	5101716	20	31.381	43.348
LG20	5115238	20	31.381	43.669
LG20	5115242	20	31.381	43.669
LG20	5118760	20	31.488	43.669
LG20	5145327	20	31.702	43.776
LG20	5150135	20	31.702	43.776
LG20	5150143	20	31.702	43.990
LG20	5156172	20	31.702	43.990
LG20	5176949	20	31.702	44.096
LG20	5176981	20	31.702	44.096
LG20	5201980	20	31.702	44.096
LG20	5201988	20	31.702	44.096
LG20	5201996	20	31.702	44.096
LG20	5275158	20	31.702	44.310
LG20	5359846	20	31.809	44.310
LG20	5371569	20	31.809	44.417
LG20	5380868	20	31.915	44.523
LG20	5396999	20	31.915	44.630
LG20	5397006	20	32.022	44.630
LG20	5398699	20	32.129	44.737
LG20	5402334	20	32.129	44.737
LG20	5402336	20	32.129	44.737
LG20	5402337	20	32.129	44.737
LG20	5418987	20	32.236	44.951
LG20	5418990	20	32.236	44.951
LG20	5419004	20	32.236	44.951
LG20	5419028	20	32.236	44.951
LG20	5419030	20	32.236	44.951
LG20	5480847	20	32.449	44.951
LG20	5480855	20	32.449	45.057
LG20	5489948	20	32.449	45.057
LG20	5504120	20	32.449	45.057
LG20	5504122	20	32.449	45.164
LG20	5504139	20	32.449	45.164
LG20	5505738	20	32.449	45.164
LG20	5511633	20	32.449	45.271
LG20	5516489	20	32.556	45.484
LG20	5540122	20	32.556	45.591
LG20	5540132	20	32.556	45.591
LG20	5609543	20	32.770	45.698
LG20	5609553	20	32.770	45.698
LG20	5609579	20	32.770	45.912
LG20	5615544	20	32.876	46.018
LG20	5615550	20	32.876	46.018
LG20	5631065	20	32.876	46.125
LG20	5631106	20	32.876	46.125
LG20	5646928	20	32.876	46.232
LG20	5646940	20	32.876	46.232
LG20	5646942	20	32.876	46.232
LG20	5707472	20	33.197	46.768
LG20	5708152	20	33.197	46.981
LG20	5714552	20	33.197	47.517
LG20	5716487	20	33.197	47.517
LG20	5732697	20	33.411	47.731
LG20	5782779	20	33.625	48.052
LG20	5794452	20	33.625	48.052
LG20	5794464	20	33.625	48.373
LG20	5802462	20	33.625	48.373
LG20	5845259	20	33.625	48.586
LG20	5845267	20	33.625	48.586
LG20	5845277	20	33.731	48.586
LG20	5856509	20	33.838	48.586
LG20	5856542	20	33.838	48.586
LG20	5857807	20	33.945	48.586
LG20	5857829	20	33.945	48.586
LG20	5857830	20	33.945	48.586
LG20	5901987	20	33.945	48.693
LG20	5904604	20	34.266	48.693
LG20	5927576	20	34.266	48.693
LG20	5948122	20	34.479	48.907
LG20	5977769	20	34.479	49.013
LG20	5977813	20	34.479	49.013
LG20	5992844	20	34.479	49.120
LG20	5993738	20	34.479	49.120
LG20	6020932	20	34.479	49.120
LG20	6020938	20	34.479	49.120
LG20	6023198	20	34.479	49.120
LG20	6023231	20	34.479	49.120
LG20	6030799	20	34.479	49.120
LG20	6044536	20	34.479	49.120
LG20	6046371	20	34.479	49.120
LG20	6046397	20	34.586	49.334
LG20	6052897	20	34.586	49.334
LG20	6052905	20	34.586	49.441
LG20	6073383	20	34.586	49.441
LG20	6074946	20	34.586	49.441
LG20	6077451	20	34.586	49.441
LG20	6080567	20	34.586	49.547
LG20	6082618	20	34.586	49.547
LG20	6103638	20	34.586	49.868
LG20	6116170	20	34.693	49.868
LG20	6116187	20	34.693	49.975
LG20	6145120	20	34.693	50.188
LG20	6145121	20	34.693	50.188
LG20	6145185	20	34.693	50.188
LG20	6160896	20	34.693	50.188
LG20	6197281	20	34.693	50.188
LG20	6197300	20	34.693	50.295
LG20	6227816	20	34.693	50.402
LG20	6227832	20	34.693	50.723
LG20	6232166	20	34.693	50.830
LG20	6278806	20	34.693	51.043
LG20	6289296	20	34.693	51.043
LG20	6312722	20	34.693	51.257
LG20	6312758	20	34.693	51.257
LG20	6318453	20	34.693	51.364
LG20	6332803	20	34.693	51.470
LG20	6340877	20	34.693	51.470
LG20	6371430	20	34.693	51.684
LG20	6374451	20	34.693	51.684
LG20	6377305	20	34.693	51.684
LG20	6377337	20	34.693	51.684
LG20	6385093	20	34.693	51.791
LG20	6404878	20	34.693	51.791
LG20	6421256	20	34.693	51.791
LG20	6421263	20	34.693	51.897
LG20	6500514	20	35.014	52.004
LG20	6500515	20	35.014	52.004
LG20	6500539	20	35.014	52.004
LG20	6521765	20	35.014	52.004
LG20	6523143	20	35.120	52.004
LG20	6543524	20	35.120	52.004
LG20	6550926	20	35.227	52.004
LG20	6586429	20	35.227	52.004
LG20	6586833	20	35.227	52.004
LG20	6609820	20	35.227	52.004
LG20	6609831	20	35.227	52.004
LG20	6611987	20	35.227	52.004
LG20	6628963	20	35.227	52.111
LG20	6628981	20	35.227	52.111
LG20	6628991	20	35.227	52.111
LG20	6631019	20	35.227	52.218
LG20	6631029	20	35.334	52.324
LG20	6631927	20	35.334	52.324
LG20	6631981	20	35.334	52.324
LG20	6650076	20	35.334	52.324
LG20	6672965	20	35.334	52.324
LG20	6673010	20	35.334	52.324
LG20	6696705	20	35.334	52.324
LG20	6697420	20	35.334	52.324
LG20	6697448	20	35.334	52.324
LG20	6698459	20	35.334	52.324
LG20	6702667	20	35.334	52.324
LG20	6702671	20	35.440	52.324
LG20	6739935	20	35.440	52.324
LG20	6743222	20	35.440	52.324
LG20	6767667	20	35.440	52.324
LG20	6784431	20	35.440	52.324
LG20	6825799	20	35.440	52.324
LG20	6843207	20	35.547	52.324
LG20	6843223	20	35.547	52.324
LG20	6843247	20	35.547	52.324
LG20	6843252	20	35.547	52.324
LG20	6858733	20	35.654	52.431
LG20	6907399	20	35.654	52.431
LG20	6947195	20	35.654	52.538
LG20	7047926	20	35.868	52.538
LG20	7116109	20	35.868	52.966
LG20	7141507	20	35.868	53.180
LG20	7243590	20	36.081	53.286
LG20	7270958	20	36.081	53.393
LG20	7283615	20	36.081	53.607
LG20	7309684	20	36.081	53.714
LG20	7309692	20	36.081	53.820
LG20	7315798	20	36.081	53.820
LG20	7369706	20	36.081	53.820
LG20	7372509	20	36.081	53.820
LG20	7427669	20	36.188	53.820
LG20	7438800	20	36.295	53.820
LG20	7438801	20	36.295	53.820
LG20	7438825	20	36.295	53.820
LG20	7438827	20	36.295	53.820
LG20	7455736	20	36.295	53.820
LG20	7455747	20	36.295	53.820
LG20	7456505	20	36.401	53.820
LG20	7475536	20	36.401	53.820
LG20	7475538	20	36.401	53.820
LG20	7475578	20	36.401	53.820
LG20	7481606	20	36.401	53.820
LG20	7481636	20	36.401	53.820
LG20	7485515	20	36.401	53.820
LG20	7494291	20	36.508	53.820
LG20	7562601	20	36.508	53.927
LG20	7573344	20	36.508	53.927
LG20	7626591	20	36.508	54.034
LG20	7637617	20	36.508	54.034
LG20	7640235	20	36.508	54.034
LG20	7650184	20	36.508	54.247
LG20	7650480	20	36.508	54.568
LG20	7743231	20	36.508	54.568
LG20	7758690	20	36.508	54.568
LG20	7770430	20	36.508	54.568
LG20	7770434	20	36.508	54.568
LG20	7850130	20	36.508	54.568
LG20	7859373	20	36.508	54.568
LG20	7934827	20	36.615	54.568
LG20	7934848	20	36.615	54.568
LG20	7966210	20	36.615	54.568
LG20	7969458	20	36.615	54.568
LG20	7977827	20	36.615	54.568
LG20	7977856	20	36.615	54.568
LG20	7978005	20	36.615	54.568
LG20	7990491	20	36.615	54.568
LG20	7990558	20	36.615	54.568
LG20	7993627	20	36.615	54.568
LG20	7995495	20	36.615	54.568
LG20	8012097	20	36.722	54.568
LG20	8012102	20	36.722	54.568
LG20	8014179	20	36.722	54.568
LG20	8014223	20	36.722	54.568
LG20	8017639	20	36.722	54.568
LG20	8021807	20	36.722	54.568
LG20	8021808	20	36.722	54.568
LG20	8075029	20	36.722	54.568
LG20	8083336	20	36.722	54.568
LG20	8116152	20	36.722	54.568
LG20	8116317	20	36.722	54.568
LG20	8116334	20	36.722	54.568
LG20	8116435	20	36.722	54.568
LG20	8145930	20	36.722	54.568
LG20	8156767	20	36.722	54.568
LG20	8165078	20	36.722	54.675
LG20	8167637	20	36.722	54.675
LG20	8177275	20	36.722	54.675
LG20	8185600	20	36.722	54.782
LG20	8209475	20	36.722	54.782
LG20	8274445	20	36.722	54.782
LG20	8278631	20	36.722	54.888
LG20	8299027	20	36.722	54.888
LG20	8336070	20	36.722	54.888
LG20	8336093	20	36.722	54.995
LG20	8336100	20	36.722	54.995
LG20	8340812	20	36.722	54.995
LG20	8342447	20	36.722	54.995
LG20	8377616	20	36.722	54.995
LG20	8400220	20	36.722	54.995
LG20	8419070	20	36.828	54.995
LG20	8428637	20	36.828	55.102
LG20	8441917	20	36.828	55.102
LG20	8441948	20	36.828	55.102
LG20	8459755	20	36.828	55.209
LG20	8459766	20	36.828	55.209
LG20	8459784	20	36.828	55.209
LG20	8459790	20	36.828	55.209
LG20	8459792	20	36.828	55.209
LG20	8560479	20	36.828	55.209
LG20	8629258	20	36.828	55.315
LG20	8629267	20	36.828	55.315
LG20	8629273	20	36.828	55.315
LG20	8692800	20	36.828	55.315
LG20	8692829	20	36.828	55.315
LG20	8692859	20	36.828	55.315
LG20	8718331	20	36.828	55.315
LG20	8725077	20	36.828	55.422
LG20	8742989	20	36.828	55.422
LG20	8782673	20	36.828	55.422
LG20	8792384	20	36.828	55.529
LG20	8813332	20	36.828	55.636
LG20	8868386	20	36.828	55.636
LG20	8868435	20	36.828	55.636
LG20	8872183	20	36.828	55.636
LG20	8872591	20	36.828	55.849
LG20	8872598	20	36.828	55.849
LG20	8872621	20	36.828	55.849
LG20	8872642	20	36.828	55.849
LG20	8911372	20	36.828	55.956
LG20	8968603	20	36.828	55.956
LG20	8969630	20	36.828	55.956
LG20	8969631	20	36.828	55.956
LG20	8985603	20	36.828	55.956
LG20	9006582	20	36.828	56.063
LG20	9006586	20	36.828	56.063
LG20	9037600	20	36.828	56.276
LG20	9112231	20	36.828	56.276
LG20	9154748	20	36.828	56.276
LG20	9172634	20	36.828	56.276
LG20	9174236	20	36.828	56.276
LG20	9184890	20	36.828	56.276
LG20	9186368	20	36.828	56.276
LG20	9186373	20	36.828	56.276
LG20	9254606	20	36.935	56.276
LG20	9358804	20	36.935	56.383
LG20	9363616	20	36.935	56.383
LG20	9383416	20	36.935	56.383
LG20	9383420	20	36.935	56.383
LG20	9386986	20	36.935	56.383
LG20	9421425	20	36.935	56.490
LG20	9428641	20	36.935	56.490
LG20	9510064	20	36.935	56.490
LG20	9510088	20	36.935	56.490
LG20	9515093	20	36.935	56.490
LG20	9535837	20	36.935	56.490
LG20	9540819	20	36.935	56.490
LG20	9540863	20	36.935	56.490
LG20	9566786	20	36.935	56.596
LG20	9567381	20	36.935	56.596
LG20	9602793	20	36.935	56.596
LG20	9634973	20	36.935	56.596
LG20	9634999	20	36.935	56.596
LG20	9661998	20	36.935	56.596
LG20	9662024	20	36.935	56.596
LG20	9688301	20	36.935	56.596
LG20	9741135	20	36.935	56.596
LG20	9741136	20	36.935	56.596
LG20	9771902	20	37.042	56.596
LG20	9794649	20	37.042	56.596
LG20	9794667	20	37.042	56.596
LG20	9794700	20	37.042	56.596
LG20	9796304	20	37.042	56.596
LG20	9798614	20	37.042	56.596
LG20	9845572	20	37.042	56.596
LG20	9878124	20	37.042	56.596
LG20	9897757	20	37.042	56.596
LG20	9898050	20	37.042	56.596
LG20	9899405	20	37.042	56.596
LG20	9910880	20	37.042	56.596
LG20	9910952	20	37.042	56.703
LG20	9940080	20	37.042	56.703
LG20	9950392	20	37.042	56.703
LG20	9980966	20	37.042	56.810
LG20	10013888	20	37.042	56.810
LG20	10014144	20	37.042	56.810
LG20	10032302	20	37.148	56.810
LG20	10032412	20	37.148	56.810
LG20	10070036	20	37.148	56.917
LG20	10233553	20	37.148	57.130
LG20	10240038	20	37.148	57.130
LG20	10270825	20	37.148	57.130
LG20	10284577	20	37.148	57.130
LG20	10284579	20	37.148	57.130
LG20	10339315	20	37.148	57.130
LG20	10339319	20	37.148	57.130
LG20	10358182	20	37.148	57.130
LG20	10358184	20	37.148	57.130
LG20	10358189	20	37.148	57.130
LG20	10419086	20	37.148	57.130
LG20	10419093	20	37.148	57.130
LG20	10419096	20	37.148	57.130
LG20	10452163	20	37.148	57.130
LG20	10458912	20	37.148	57.130
LG20	10458925	20	37.148	57.130
LG20	10458930	20	37.148	57.237
LG20	10466127	20	37.148	57.237
LG20	10483470	20	37.148	57.237
LG20	10491070	20	37.148	57.237
LG20	10517639	20	37.148	57.237
LG20	10585432	20	37.148	57.237
LG20	10590268	20	37.148	57.237
LG20	10618375	20	37.148	57.344
LG20	10626664	20	37.148	57.344
LG20	10668106	20	37.148	57.344
LG20	10722319	20	37.148	57.344
LG20	10722327	20	37.148	57.344
LG20	10722365	20	37.148	57.344
LG20	10791238	20	37.148	57.557
LG20	11055455	20	37.148	57.557
LG20	11055475	20	37.148	57.557
LG20	11062108	20	37.148	57.557
LG20	11092264	20	37.148	57.557
LG20	11101550	20	37.148	57.557
LG20	11129824	20	37.148	57.557
LG20	11148861	20	37.148	57.557
LG20	11161809	20	37.148	57.557
LG20	11161811	20	37.148	57.557
LG20	11161827	20	37.148	57.557
LG20	11215538	20	37.148	57.557
LG20	11215559	20	37.148	57.557
LG20	11440829	20	37.148	57.557
LG20	11581506	20	37.148	57.557
LG20	11637156	20	37.148	57.557
LG20	11744489	20	37.148	57.557
LG20	12503354	20	37.148	57.557
LG20	12542274	20	37.148	57.557
LG20	12717633	20	37.148	57.557
LG20	12853950	20	37.148	57.557
LG20	12919773	20	37.148	57.557
LG20	12919789	20	37.148	57.557
LG20	12925241	20	37.148	57.557
LG20	12925436	20	37.148	57.557
LG20	12947514	20	37.148	57.664
LG20	12974241	20	37.148	57.664
LG20	12974265	20	37.148	57.664
LG20	12975214	20	37.148	57.664
LG20	12978016	20	37.148	57.664
LG20	13008990	20	37.148	57.664
LG20	13044994	20	37.148	57.664
LG20	13044995	20	37.148	57.664
LG20	13044999	20	37.148	57.664
LG20	13278165	20	37.148	57.664
LG20	13373276	20	37.148	57.664
LG20	13373304	20	37.148	57.664
LG20	13379616	20	37.148	57.664
LG20	13385250	20	37.148	57.664
LG20	13439047	20	37.148	57.664
LG20	13542282	20	37.148	57.664
LG20	13649498	20	37.148	57.664
LG20	13665768	20	37.148	57.664
LG20	13698278	20	37.148	57.664
LG20	13705098	20	37.148	57.664
LG20	13768659	20	37.148	57.664
LG20	13787722	20	37.148	57.664
LG20	14035573	20	37.148	57.664
LG20	14435025	20	37.148	57.664
LG20	14437948	20	37.148	57.664
LG20	14593467	20	37.148	57.771
LG20	14643522	20	37.148	57.771
LG20	14653794	20	37.148	57.771
LG20	14678629	20	37.148	58.092
LG20	14686269	20	37.148	58.092
LG20	14747297	20	37.148	58.198
LG20	14783473	20	37.148	58.305
LG20	14793663	20	37.148	58.305
LG20	14822479	20	37.148	58.305
LG20	14834342	20	37.148	58.412
LG20	14834343	20	37.148	58.519
LG20	14876419	20	37.148	58.519
LG20	14889617	20	37.148	58.519
LG20	14901125	20	37.148	58.519
LG20	14906367	20	37.148	58.519
LG20	14906371	20	37.148	58.519
LG20	14906422	20	37.148	58.625
LG20	14914550	20	37.148	58.625
LG20	14914557	20	37.148	58.625
LG20	14914578	20	37.148	58.625
LG20	14924694	20	37.148	58.625
LG20	14940110	20	37.148	58.625
LG20	14941456	20	37.148	58.946
LG20	14970684	20	37.148	58.946
LG20	15037261	20	37.148	58.946
LG20	15081931	20	37.148	58.946
LG20	15086939	20	37.148	58.946
LG20	15128824	20	37.148	59.053
LG20	15139579	20	37.148	59.053
LG20	15149457	20	37.148	59.053
LG20	15166271	20	37.148	59.160
LG20	15171749	20	37.148	59.160
LG20	15248522	20	37.148	59.266
LG20	15289265	20	37.148	59.266
LG20	15300259	20	37.148	59.373
LG20	15303595	20	37.148	59.480
LG20	15303619	20	37.148	59.587
LG20	15401578	20	37.148	59.693
LG20	15410787	20	37.148	59.693
LG20	15415024	20	37.148	59.693
LG20	15415082	20	37.148	59.693
LG20	15419746	20	37.148	59.693
LG20	15509140	20	37.255	59.800
LG20	15509146	20	37.255	59.800
LG20	15512926	20	37.255	59.800
LG20	15514854	20	37.255	59.800
LG20	15514860	20	37.255	59.800
LG20	15514861	20	37.255	59.800
LG20	15514877	20	37.255	60.121
LG20	15516746	20	37.255	60.121
LG20	15518318	20	37.255	60.228
LG20	15518320	20	37.255	60.334
LG20	15518365	20	37.255	60.334
LG20	15526433	20	37.255	60.441
LG20	15526434	20	37.255	60.441
LG20	15526435	20	37.255	60.441
LG20	15526441	20	37.255	60.441
LG20	15547344	20	37.255	60.762
LG20	15554530	20	37.255	60.762
LG20	15557668	20	37.255	60.762
LG20	15560540	20	37.255	60.762
LG20	15565586	20	37.255	60.869
LG20	15619630	20	37.255	60.869
LG20	15619632	20	37.255	60.869
LG20	15743097	20	37.362	61.082
LG20	15869240	20	37.362	61.403
LG20	15879955	20	37.362	61.403
LG20	15879996	20	37.362	61.617
LG20	15879998	20	37.362	61.617
LG20	15931978	20	37.469	61.938
LG20	15932008	20	37.469	61.938
LG20	15951333	20	37.682	61.938
LG20	16060506	20	37.682	61.938
LG20	16176866	20	37.789	61.938
LG20	16179199	20	37.789	62.044
LG20	16180447	20	37.789	62.044
LG20	16186106	20	37.789	62.258
LG20	16186136	20	37.789	62.258
LG20	16191566	20	37.789	62.365
LG20	16191609	20	37.789	62.901
LG20	16221135	20	38.003	63.007
LG20	16249532	20	38.109	63.007
LG20	16285987	20	38.109	63.328
LG20	16289095	20	38.109	63.757
LG20	16299747	20	38.109	64.292
LG20	16326397	20	38.109	64.292
LG20	16359675	20	38.109	64.292
LG20	16393206	20	38.109	64.506
LG20	16407295	20	38.109	64.506
LG20	16464732	20	38.109	64.506
LG20	16476317	20	38.216	64.613
LG20	16484742	20	38.216	64.613
LG20	16484783	20	38.216	64.613
LG20	16492072	20	38.216	64.613
LG20	16508533	20	38.216	64.720
LG20	16515057	20	38.216	64.720
LG20	16545953	20	38.323	64.826
LG20	16548829	20	38.323	64.933
LG20	16570883	20	38.323	65.147
LG20	16593841	20	38.323	65.575
LG20	16618314	20	38.323	65.682
LG20	16666225	20	38.323	65.788
LG20	16666260	20	38.323	65.895
LG20	16669041	20	38.323	66.002
LG20	16673303	20	38.323	66.109
LG20	16673312	20	38.323	66.215
LG20	16682879	20	38.323	66.429
LG20	16699622	20	38.430	66.750
LG20	16755383	20	38.536	67.502
LG20	16758957	20	38.536	67.502
LG20	16759644	20	38.536	67.608
LG20	16809382	20	38.536	67.822
LG20	16833452	20	38.643	67.822
LG20	16846774	20	38.857	68.036
LG20	16868030	20	38.857	68.036
LG20	16869198	20	38.857	68.143
LG20	16911123	20	38.857	68.143
LG20	16911124	20	38.857	68.143
LG20	16911217	20	38.857	68.356
LG20	16956335	20	38.857	68.785
LG20	16956380	20	38.963	68.785
LG20	16965274	20	38.963	68.785
LG20	16965701	20	38.963	68.785
LG20	16971209	20	38.963	68.785
LG20	17039308	20	38.963	68.785
LG20	17046005	20	38.963	68.785
LG20	17046028	20	39.070	68.891
LG20	17076229	20	39.070	69.320
LG20	17076258	20	39.070	69.855
LG20	17117314	20	39.070	69.962
LG20	17117348	20	39.070	70.069
LG20	17146891	20	39.177	70.390
LG20	17175085	20	39.284	70.390
LG20	17214024	20	39.390	70.711
LG20	17266493	20	39.604	70.817
LG20	17266495	20	39.604	70.817
LG20	17266496	20	39.604	70.924
LG20	17318487	20	39.604	70.924
LG20	17318491	20	39.604	70.924
LG20	17326602	20	39.604	71.245
LG20	17372961	20	39.711	71.889
LG20	17375868	20	39.817	72.317
LG20	17400005	20	40.031	72.638
LG20	17415124	20	40.031	73.282
LG20	17415129	20	40.031	73.282
LG20	17415130	20	40.031	73.388
LG20	17418139	20	40.245	74.249
LG20	17540351	20	40.245	74.677
LG20	17599905	20	40.245	75.105
LG20	17615532	20	40.352	75.212
LG20	17629917	20	40.352	75.319
LG20	17629918	20	40.352	75.425
LG20	17631032	20	40.458	75.639
LG20	17713634	20	40.458	76.067
LG20	17713656	20	40.458	76.281
LG20	17726369	20	40.458	76.709
LG20	17757665	20	40.779	77.245
LG20	17758784	20	40.779	77.352
LG20	17788064	20	40.779	77.565
LG20	17798263	20	40.886	77.886
LG20	17834828	20	40.993	78.100
LG20	17855726	20	41.099	78.421
LG20	17855746	20	41.099	78.421
LG20	17855770	20	41.099	78.421
LG20	17860278	20	41.099	78.528
LG20	17861782	20	41.099	79.063
LG20	17861794	20	41.099	79.063
LG20	17873467	20	41.099	79.277
LG20	17911862	20	41.099	79.921
LG20	17950648	20	41.099	80.242
LG20	17969607	20	41.099	80.242
LG20	17969617	20	41.099	80.349
LG20	17969633	20	41.099	80.349
LG20	17970854	20	41.206	80.992
LG20	17970862	20	41.206	80.992
LG20	18010861	20	41.420	80.992
LG20	18040521	20	41.526	81.313
LG20	18040527	20	41.526	81.313
LG20	18044781	20	41.633	81.313
LG20	18051100	20	41.740	81.957
LG20	18067215	20	41.954	82.601
LG20	18070666	20	42.060	82.707
LG20	18089352	20	42.274	83.243
LG20	18089353	20	42.274	83.243
LG20	18130830	20	42.274	83.564
LG20	18131155	20	42.274	83.671
LG20	18131180	20	42.274	83.671
LG20	18131208	20	42.274	84.099
LG20	18139132	20	42.274	84.206
LG20	18139137	20	42.274	84.206
LG20	18139151	20	42.274	84.420
LG20	18139184	20	42.274	84.420
LG20	18156427	20	42.595	84.848
LG20	18172910	20	42.702	85.169
LG20	18228885	20	43.130	86.904
LG20	18253867	20	43.130	87.764
LG20	18301016	20	43.130	87.978
LG20	18301017	20	43.558	88.406
LG20	18370218	20	43.772	88.727
LG20	18439387	20	43.985	89.696
LG20	18460723	20	44.199	89.696
LG20	18518928	20	44.199	89.696
LG20	18526529	20	44.306	89.803
LG20	18574518	20	44.306	90.017
LG20	18584655	20	44.306	90.017
LG20	18587553	20	44.306	90.017
LG20	18600972	20	44.306	90.123
LG20	18624522	20	44.306	90.123
LG20	18632795	20	44.413	90.444
LG20	18632802	20	44.413	90.444
LG20	18634735	20	44.413	90.980
LG20	18666651	20	44.841	92.605
LG20	18680222	20	45.377	94.451
LG20	18756611	20	45.590	94.772
LG20	18756625	20	45.697	94.986
LG20	18829666	20	45.697	95.200
LG20	18935821	20	46.018	96.277
LG20	19011181	20	46.018	96.384
LG20	19142705	20	46.554	97.244
LG20	19142708	20	46.554	97.244
LG20	19142728	20	46.554	97.565
LG20	19157063	20	46.554	97.565
LG20	19163924	20	46.554	97.565
LG20	19166211	20	46.554	97.886
LG20	19203473	20	46.554	98.099
LG20	19203986	20	46.661	98.206
LG20	19203994	20	46.661	98.313
LG20	19206952	20	46.661	98.313
LG20	19208075	20	46.661	98.527
LG20	19216208	20	46.874	98.740
LG20	19250952	20	46.981	99.061
LG20	19269187	20	46.981	99.275
LG20	19285359	20	46.981	99.275
LG20	19310582	20	47.409	100.027
LG20	19311145	20	47.623	100.027
LG20	19311367	20	47.623	100.348
LG20	19349383	20	48.159	100.776
LG20	19350787	20	48.266	100.883
LG20	19484581	20	48.372	101.203
LG20	19527288	20	48.801	101.203
LG20	19527310	20	48.801	101.203
LG20	19558542	20	48.801	101.310
LG20	19584870	20	48.907	101.738
LG20	19595018	20	49.014	102.167
LG20	19595021	20	49.014	102.273
LG20	19660689	20	49.658	102.702
LG20	19665937	20	49.658	102.808
LG20	19680666	20	49.765	103.022
LG20	19680679	20	49.978	103.343
LG20	19783655	20	50.406	103.557
LG20	19783680	20	50.513	103.557
LG20	19804042	20	50.727	104.308
LG20	19889978	20	51.048	104.308
LG20	19926343	20	51.048	104.308
LG20	19926346	20	51.048	104.308
LG20	19926371	20	51.476	104.415
LG20	19938887	20	51.476	104.522
LG20	20023468	20	51.690	104.522
LG20	20059682	20	51.690	104.736
LG20	20069130	20	51.796	105.056
LG20	20078831	20	52.010	105.270
LG20	20156884	20	52.438	105.698
LG20	20234402	20	53.299	106.342
LG20	20241650	20	53.299	106.342
LG20	20314831	20	53.944	107.111
LG20	20315437	20	54.158	107.663
LG20	20315463	20	54.265	107.663
LG20	20507681	20	54.479	107.772
LG20	20507715	20	54.586	107.772
LG20	20571360	20	55.138	107.994
LG20	20633841	20	55.368	107.994
LG20	20640820	20	55.485	107.994
LG20	20643785	20	55.603	107.994
LG20	20838550	20	55.603	108.112
LG20	20891466	20	55.603	108.112
LG20	20897391	20	55.977	108.112
LG20	20937049	20	55.977	108.432
LG20	21005420	20	56.291	108.432
LG20	21005421	20	56.291	108.432
LG20	21119845	20	56.291	108.432
LG21	22442	21	0.000	0.000
LG21	22458	21	0.000	0.000
LG21	53924	21	0.000	0.000
LG21	66925	21	0.000	0.000
LG21	168366	21	0.000	0.000
LG21	182643	21	0.000	0.000
LG21	250545	21	0.417	0.140
LG21	262911	21	0.676	0.140
LG21	276808	21	0.676	0.140
LG21	279897	21	0.792	0.140
LG21	348629	21	0.904	0.140
LG21	367872	21	1.016	0.140
LG21	380195	21	1.016	0.140
LG21	411406	21	1.016	0.140
LG21	415399	21	1.016	0.140
LG21	417121	21	1.016	0.140
LG21	417161	21	1.016	0.140
LG21	421852	21	1.126	0.140
LG21	421883	21	1.126	0.140
LG21	526543	21	1.126	0.140
LG21	551242	21	1.126	0.140
LG21	551244	21	1.126	0.140
LG21	578689	21	1.554	0.140
LG21	578690	21	1.554	0.140
LG21	643709	21	1.554	0.140
LG21	706271	21	1.554	0.247
LG21	709047	21	1.554	0.247
LG21	711261	21	1.554	0.247
LG21	712234	21	1.661	0.247
LG21	719004	21	1.661	0.247
LG21	747522	21	1.661	0.247
LG21	750629	21	1.661	0.247
LG21	750639	21	1.661	0.353
LG21	753062	21	1.661	0.353
LG21	759198	21	1.661	0.353
LG21	787895	21	1.661	0.353
LG21	787915	21	1.661	0.353
LG21	787943	21	1.661	0.353
LG21	829159	21	1.661	0.460
LG21	844518	21	1.661	0.460
LG21	864210	21	1.661	0.460
LG21	864229	21	1.661	0.460
LG21	896779	21	1.661	0.460
LG21	913909	21	1.874	0.460
LG21	913921	21	1.874	0.460
LG21	922104	21	1.874	0.460
LG21	924225	21	1.874	0.460
LG21	940193	21	1.981	0.460
LG21	959774	21	1.981	0.460
LG21	959815	21	1.981	0.460
LG21	967561	21	2.088	0.460
LG21	967572	21	2.088	0.460
LG21	972428	21	2.194	0.460
LG21	1016524	21	2.194	0.460
LG21	1016529	21	2.194	0.460
LG21	1017967	21	2.194	0.460
LG21	1017974	21	2.194	0.460
LG21	1017976	21	2.301	0.460
LG21	1022806	21	2.515	0.460
LG21	1045218	21	2.729	0.567
LG21	1045618	21	2.729	0.567
LG21	1143008	21	2.835	0.567
LG21	1143025	21	2.835	0.567
LG21	1143058	21	2.835	0.567
LG21	1153456	21	2.835	0.567
LG21	1153458	21	2.942	0.673
LG21	1155601	21	2.942	0.673
LG21	1163936	21	3.049	0.673
LG21	1163947	21	3.049	0.673
LG21	1163957	21	3.049	0.673
LG21	1166697	21	3.477	0.673
LG21	1166711	21	3.584	0.673
LG21	1166713	21	3.584	0.673
LG21	1166738	21	3.584	0.673
LG21	1167519	21	3.584	0.673
LG21	1167556	21	3.584	0.673
LG21	1174560	21	3.690	0.673
LG21	1178745	21	3.797	0.673
LG21	1188883	21	3.904	0.673
LG21	1188949	21	4.118	0.673
LG21	1190890	21	4.118	0.673
LG21	1190932	21	4.224	0.780
LG21	1190937	21	4.224	0.780
LG21	1198668	21	4.438	1.101
LG21	1263727	21	4.652	1.101
LG21	1263730	21	4.652	1.101
LG21	1263743	21	4.652	1.101
LG21	1265421	21	5.080	1.101
LG21	1273640	21	5.294	1.315
LG21	1280847	21	5.722	1.636
LG21	1293445	21	6.582	1.849
LG21	1333242	21	6.582	1.849
LG21	1346787	21	6.796	1.849
LG21	1352240	21	6.902	1.849
LG21	1352247	21	7.116	1.849
LG21	1359090	21	7.223	1.849
LG21	1372605	21	7.330	1.956
LG21	1380026	21	7.330	2.170
LG21	1380053	21	7.436	2.598
LG21	1385942	21	7.865	2.812
LG21	1397430	21	8.185	3.240
LG21	1399126	21	8.721	3.454
LG21	1438062	21	8.828	3.560
LG21	1438089	21	9.042	3.774
LG21	1504899	21	9.042	3.881
LG21	1512657	21	9.042	3.881
LG21	1552927	21	9.042	3.881
LG21	1552946	21	9.042	3.881
LG21	1552955	21	9.148	3.987
LG21	1579055	21	9.148	4.523
LG21	1591940	21	9.255	4.630
LG21	1615994	21	9.362	4.844
LG21	1624515	21	9.362	4.844
LG21	1624575	21	9.362	4.844
LG21	1639531	21	9.469	4.844
LG21	1693045	21	9.575	4.950
LG21	1713522	21	9.682	5.379
LG21	1757851	21	9.896	5.379
LG21	1757881	21	9.896	5.379
LG21	1757890	21	10.002	5.379
LG21	1774612	21	10.002	5.379
LG21	1774626	21	10.216	5.485
LG21	1774636	21	10.323	5.485
LG21	1782960	21	10.430	5.485
LG21	1790012	21	10.430	5.485
LG21	1790013	21	10.430	5.485
LG21	1798672	21	10.643	5.485
LG21	1806078	21	10.750	5.592
LG21	1806079	21	10.750	5.592
LG21	1806114	21	10.964	5.699
LG21	1826538	21	10.964	5.699
LG21	1841146	21	11.824	6.127
LG21	1841168	21	12.468	6.341
LG21	1874166	21	12.468	6.448
LG21	1927916	21	13.004	6.983
LG21	1939021	21	13.324	7.304
LG21	1973069	21	13.538	7.733
LG21	2003363	21	13.966	8.053
LG21	2003364	21	14.073	8.160
LG21	2017313	21	14.609	8.267
LG21	2044245	21	14.716	8.588
LG21	2047095	21	14.822	8.694
LG21	2047107	21	14.822	8.801
LG21	2051555	21	15.466	8.801
LG21	2051601	21	15.680	8.801
LG21	2051616	21	15.680	9.015
LG21	2091283	21	16.001	9.443
LG21	2091301	21	16.001	9.979
LG21	2124472	21	16.214	10.086
LG21	2124499	21	16.321	10.514
LG21	2152378	21	16.321	10.514
LG21	2174162	21	16.321	10.514
LG21	2174176	21	16.321	10.514
LG21	2176818	21	16.535	10.514
LG21	2183947	21	16.749	10.835
LG21	2183948	21	16.749	10.835
LG21	2193108	21	16.749	10.835
LG21	2193168	21	16.962	11.049
LG21	2193825	21	16.962	11.369
LG21	2193826	21	17.176	11.476
LG21	2197167	21	17.390	11.690
LG21	2199363	21	17.496	11.690
LG21	2205551	21	17.817	12.226
LG21	2219894	21	18.031	12.439
LG21	2287172	21	18.031	12.546
LG21	2304143	21	18.031	12.546
LG21	2320087	21	18.459	12.653
LG21	2358898	21	18.459	12.653
LG21	2358916	21	18.459	12.653
LG21	2358932	21	18.459	12.653
LG21	2391443	21	18.673	12.974
LG21	2391461	21	18.673	12.974
LG21	2406467	21	19.101	13.080
LG21	2411490	21	19.208	13.080
LG21	2413661	21	19.208	13.080
LG21	2435172	21	19.314	14.049
LG21	2435178	21	19.421	14.049
LG21	2435190	21	19.421	14.049
LG21	2435191	21	19.421	14.156
LG21	2435192	21	19.421	14.156
LG21	2443084	21	19.849	14.908
LG21	2471413	21	19.849	15.229
LG21	2483248	21	20.278	15.657
LG21	2483261	21	20.278	15.657
LG21	2504439	21	20.384	15.764
LG21	2505151	21	20.384	15.870
LG21	2521369	21	20.384	16.084
LG21	2521402	21	20.491	16.191
LG21	2550631	21	21.027	16.835
LG21	2667472	21	21.027	16.941
LG21	2667475	21	21.027	16.941
LG21	2689454	21	21.348	17.048
LG21	2689455	21	21.348	17.048
LG21	2691554	21	21.884	17.369
LG21	2708192	21	22.420	17.583
LG21	2753092	21	22.527	17.689
LG21	2763232	21	22.633	18.225
LG21	2800809	21	22.633	18.332
LG21	2813605	21	22.633	18.332
LG21	2837645	21	22.847	18.653
LG21	2839630	21	23.275	18.653
LG21	2858201	21	23.275	19.189
LG21	2874433	21	23.489	19.402
LG21	2874435	21	23.489	19.402
LG21	2874477	21	23.596	19.402
LG21	2874509	21	23.702	19.509
LG21	2874521	21	23.702	19.509
LG21	2886414	21	23.809	19.723
LG21	2891176	21	24.237	19.936
LG21	2946744	21	24.773	20.797
LG21	3005748	21	24.987	21.010
LG21	3005777	21	24.987	21.117
LG21	3042374	21	25.308	21.331
LG21	3079425	21	25.521	21.438
LG21	3079451	21	25.628	22.081
LG21	3107526	21	25.735	22.081
LG21	3107535	21	25.949	22.510
LG21	3158717	21	26.055	22.510
LG21	3183777	21	26.376	23.153
LG21	3224212	21	26.697	23.260
LG21	3263457	21	26.804	23.260
LG21	3265182	21	26.804	23.260
LG21	3265222	21	26.910	23.260
LG21	3277332	21	26.910	23.260
LG21	3277377	21	27.124	23.581
LG21	3277378	21	27.231	23.581
LG21	3284912	21	27.338	23.581
LG21	3303683	21	27.338	23.581
LG21	3320043	21	27.338	23.581
LG21	3325923	21	27.338	23.581
LG21	3328078	21	27.338	23.795
LG21	3329206	21	27.444	23.795
LG21	3331838	21	27.551	23.795
LG21	3334813	21	27.765	23.901
LG21	3356194	21	27.765	24.008
LG21	3360003	21	27.978	24.329
LG21	3369950	21	28.192	24.329
LG21	3372716	21	28.192	24.329
LG21	3372738	21	28.192	24.543
LG21	3387575	21	28.192	24.543
LG21	3405945	21	28.299	24.649
LG21	3408341	21	28.299	24.649
LG21	3421537	21	28.299	24.863
LG21	3421546	21	28.405	24.863
LG21	3427710	21	28.405	24.863
LG21	3427753	21	28.512	24.970
LG21	3459344	21	28.512	25.076
LG21	3464305	21	28.512	25.076
LG21	3484956	21	28.619	25.290
LG21	3484976	21	28.619	25.290
LG21	3503888	21	28.833	25.718
LG21	3524563	21	28.833	25.932
LG21	3539901	21	28.833	26.039
LG21	3543531	21	29.046	26.145
LG21	3558654	21	29.046	26.252
LG21	3563570	21	29.046	26.466
LG21	3563605	21	29.046	26.680
LG21	3565526	21	29.046	26.786
LG21	3592791	21	29.260	26.786
LG21	3606790	21	29.260	26.893
LG21	3608860	21	29.260	27.000
LG21	3608865	21	29.260	27.000
LG21	3608903	21	29.260	27.106
LG21	3622576	21	29.474	27.106
LG21	3622597	21	29.474	27.213
LG21	3622606	21	29.474	27.534
LG21	3641738	21	29.474	27.534
LG21	3641750	21	29.580	27.534
LG21	3657267	21	29.794	27.534
LG21	3665250	21	29.901	27.748
LG21	3665293	21	30.114	27.748
LG21	3672378	21	30.114	27.748
LG21	3672865	21	30.221	27.748
LG21	3672875	21	30.221	27.748
LG21	3672923	21	30.221	27.748
LG21	3675253	21	30.221	27.748
LG21	3686077	21	30.221	27.748
LG21	3686128	21	30.328	27.961
LG21	3698046	21	30.542	27.961
LG21	3698095	21	30.542	27.961
LG21	3708419	21	30.542	27.961
LG21	3708466	21	30.542	27.961
LG21	3718693	21	30.648	27.961
LG21	3723703	21	30.755	28.497
LG21	3727508	21	31.076	28.711
LG21	3739769	21	31.183	28.711
LG21	3742962	21	31.183	29.247
LG21	3750217	21	31.611	29.354
LG21	3788103	21	32.039	29.674
LG21	3811938	21	32.039	29.781
LG21	3840541	21	32.253	29.781
LG21	3844415	21	32.253	29.781
LG21	3859369	21	32.253	29.888
LG21	3871044	21	32.253	29.888
LG21	3923844	21	32.466	29.888
LG21	3933996	21	32.573	29.995
LG21	3944988	21	32.573	29.995
LG21	3949926	21	32.573	30.101
LG21	3949948	21	32.573	30.101
LG21	3953259	21	32.680	30.101
LG21	3953268	21	32.680	30.101
LG21	3953273	21	32.680	30.101
LG21	3980417	21	32.680	30.208
LG21	3980501	21	32.680	30.422
LG21	3983201	21	32.680	30.635
LG21	3997449	21	32.680	30.849
LG21	4006247	21	32.680	30.849
LG21	4006248	21	32.894	30.849
LG21	4019449	21	32.894	30.849
LG21	4019514	21	32.894	30.849
LG21	4021850	21	33.000	30.956
LG21	4030756	21	33.000	30.956
LG21	4030759	21	33.000	31.063
LG21	4039826	21	33.214	31.276
LG21	4039830	21	33.321	31.276
LG21	4045742	21	33.321	31.276
LG21	4050981	21	33.427	31.276
LG21	4051023	21	33.427	31.383
LG21	4051037	21	33.748	31.490
LG21	4061039	21	34.069	31.811
LG21	4141122	21	34.283	31.811
LG21	4141123	21	34.283	31.811
LG21	4150771	21	34.283	31.811
LG21	4150781	21	34.390	31.917
LG21	4158519	21	34.496	32.024
LG21	4172140	21	34.603	32.024
LG21	4176024	21	34.603	32.024
LG21	4192232	21	34.924	32.131
LG21	4192241	21	35.031	32.452
LG21	4201347	21	35.244	32.880
LG21	4207054	21	35.244	33.094
LG21	4241493	21	35.565	33.200
LG21	4273110	21	35.886	33.200
LG21	4278493	21	35.993	33.200
LG21	4305508	21	35.993	33.307
LG21	4315179	21	36.099	33.414
LG21	4315916	21	36.099	33.627
LG21	4316239	21	36.099	33.627
LG21	4318481	21	36.099	33.841
LG21	4320126	21	36.528	33.841
LG21	4341413	21	36.634	33.841
LG21	4370339	21	36.741	33.948
LG21	4396336	21	36.955	33.948
LG21	4403704	21	37.168	34.161
LG21	4427564	21	37.168	34.161
LG21	4436072	21	37.382	34.268
LG21	4461551	21	37.382	34.589
LG21	4493684	21	37.382	34.589
LG21	4494625	21	37.382	34.803
LG21	4494654	21	37.810	35.231
LG21	4516673	21	38.024	35.445
LG21	4534008	21	38.024	35.445
LG21	4541591	21	38.131	35.873
LG21	4552099	21	38.238	36.409
LG21	4597564	21	38.238	36.516
LG21	4603208	21	38.344	36.622
LG21	4678745	21	38.558	36.836
LG21	4689989	21	38.558	36.943
LG21	4690003	21	38.558	36.943
LG21	4690004	21	38.558	36.943
LG21	4783140	21	38.772	37.479
LG21	4841761	21	38.772	37.479
LG21	4866454	21	38.772	37.585
LG21	4870408	21	38.772	37.692
LG21	4909439	21	38.772	37.799
LG21	4968172	21	38.985	37.799
LG21	4968208	21	38.985	37.799
LG21	4974919	21	38.985	37.799
LG21	4977660	21	38.985	38.012
LG21	4978307	21	38.985	38.012
LG21	4978325	21	38.985	38.012
LG21	4978339	21	38.985	38.012
LG21	4994377	21	39.092	38.226
LG21	4994420	21	39.092	38.333
LG21	4994706	21	39.199	38.333
LG21	4997507	21	39.199	38.440
LG21	5008001	21	39.199	38.653
LG21	5036189	21	39.412	38.867
LG21	5048832	21	39.412	38.867
LG21	5079057	21	39.412	38.867
LG21	5104137	21	39.626	39.188
LG21	5112503	21	39.626	39.401
LG21	5112509	21	39.626	39.401
LG21	5118448	21	39.626	39.508
LG21	5118484	21	39.626	39.615
LG21	5123142	21	39.626	40.043
LG21	5153772	21	39.840	40.043
LG21	5170258	21	40.053	40.150
LG21	5171282	21	40.160	40.794
LG21	5171287	21	40.160	40.794
LG21	5184933	21	40.374	41.115
LG21	5244002	21	40.481	41.328
LG21	5250202	21	40.481	41.435
LG21	5258278	21	40.801	41.863
LG21	5258285	21	40.801	41.863
LG21	5387416	21	41.015	42.077
LG21	5411284	21	41.015	42.077
LG21	5411316	21	41.229	42.077
LG21	5416988	21	41.229	42.077
LG21	5424509	21	41.442	42.077
LG21	5441149	21	41.442	42.184
LG21	5449438	21	41.442	42.290
LG21	5450485	21	41.442	42.397
LG21	5456554	21	41.656	42.718
LG21	5456566	21	41.656	42.718
LG21	5475154	21	41.763	42.932
LG21	5524536	21	41.763	42.932
LG21	5526097	21	41.763	42.932
LG21	5526113	21	41.763	43.038
LG21	5543994	21	41.763	43.467
LG21	5576611	21	41.763	43.467
LG21	5576615	21	41.763	43.467
LG21	5579079	21	41.763	43.467
LG21	5579117	21	41.763	43.467
LG21	5579189	21	41.870	43.467
LG21	5586100	21	41.870	43.680
LG21	5586114	21	41.870	43.680
LG21	5589798	21	41.870	43.680
LG21	5606673	21	41.976	43.787
LG21	5611503	21	41.976	43.787
LG21	5611507	21	41.976	43.787
LG21	5614047	21	42.083	44.001
LG21	5619599	21	42.083	44.001
LG21	5619600	21	42.083	44.001
LG21	5634984	21	42.083	44.001
LG21	5635132	21	42.083	44.107
LG21	5635172	21	42.190	44.321
LG21	5638922	21	42.190	44.321
LG21	5639313	21	42.190	44.321
LG21	5652956	21	42.190	44.321
LG21	5719610	21	42.190	44.428
LG21	5789389	21	42.296	44.641
LG21	5789457	21	42.296	44.641
LG21	5789461	21	42.296	44.641
LG21	5789488	21	42.296	44.641
LG21	5809232	21	42.296	44.641
LG21	5809353	21	42.296	44.641
LG21	5809878	21	42.296	44.641
LG21	5809895	21	42.296	44.641
LG21	5809929	21	42.296	44.748
LG21	5814395	21	42.296	44.855
LG21	5831519	21	42.296	44.855
LG21	5831522	21	42.296	44.855
LG21	5839487	21	42.296	44.855
LG21	5855214	21	42.296	44.855
LG21	5855245	21	42.296	44.962
LG21	5855255	21	42.296	44.962
LG21	5855828	21	42.296	44.962
LG21	5855873	21	42.296	44.962
LG21	5876150	21	42.296	44.962
LG21	5877249	21	42.296	45.068
LG21	5880750	21	42.403	45.068
LG21	5917950	21	42.617	45.282
LG21	5917977	21	42.617	45.282
LG21	5917982	21	42.617	45.282
LG21	5939606	21	42.724	45.496
LG21	5967064	21	42.724	45.496
LG21	5975955	21	42.724	45.602
LG21	5986748	21	42.724	45.709
LG21	5999908	21	42.937	45.816
LG21	6008840	21	42.937	45.923
LG21	6012289	21	42.937	45.923
LG21	6034432	21	42.937	46.029
LG21	6034454	21	42.937	46.136
LG21	6037364	21	42.937	46.136
LG21	6041800	21	42.937	46.136
LG21	6067211	21	43.044	46.243
LG21	6074344	21	43.044	46.349
LG21	6163656	21	43.151	46.456
LG21	6216665	21	43.151	46.563
LG21	6220569	21	43.257	46.563
LG21	6220588	21	43.257	46.563
LG21	6242769	21	43.257	47.423
LG21	6244953	21	43.257	47.744
LG21	6295542	21	43.257	47.744
LG21	6333730	21	43.257	47.744
LG21	6333745	21	43.257	47.744
LG21	6333755	21	43.257	47.744
LG21	6339399	21	43.257	48.065
LG21	6339438	21	43.686	48.817
LG21	6438556	21	43.686	48.817
LG21	6453269	21	43.686	48.923
LG21	6454937	21	43.686	48.923
LG21	6516754	21	43.792	49.137
LG21	6562877	21	44.006	49.244
LG21	6603985	21	44.006	49.565
LG21	6641437	21	44.006	49.565
LG21	6652485	21	44.006	49.565
LG21	6662133	21	44.006	49.671
LG21	6662135	21	44.006	49.671
LG21	6662141	21	44.006	49.671
LG21	6690703	21	44.006	49.671
LG21	6690709	21	44.006	49.671
LG21	6733340	21	44.327	50.207
LG21	6733375	21	44.434	50.207
LG21	6740796	21	44.540	50.314
LG21	6745439	21	44.540	50.314
LG21	6755886	21	44.647	50.421
LG21	6829362	21	44.647	50.634
LG21	6839694	21	44.647	50.848
LG21	6947822	21	44.647	50.955
LG21	6998823	21	44.754	50.955
LG21	7012210	21	44.754	50.955
LG21	7012786	21	44.861	51.062
LG21	7012795	21	44.861	51.062
LG21	7024455	21	44.861	51.168
LG21	7024461	21	44.967	51.382
LG21	7024473	21	44.967	51.382
LG21	7062829	21	44.967	51.596
LG21	7062870	21	44.967	51.702
LG21	7139770	21	45.074	51.702
LG21	7166615	21	45.074	51.809
LG21	7184240	21	45.181	51.809
LG21	7187118	21	45.181	52.130
LG21	7230829	21	45.181	52.237
LG21	7297913	21	45.181	52.237
LG21	7297939	21	45.181	52.343
LG21	7335453	21	45.181	52.343
LG21	7335479	21	45.394	52.450
LG21	7354853	21	45.394	52.450
LG21	7368376	21	45.394	52.557
LG21	7379448	21	45.394	52.771
LG21	7388055	21	45.501	52.877
LG21	7467033	21	45.501	53.306
LG21	7467040	21	45.501	53.412
LG21	7637285	21	45.501	53.626
LG21	7683830	21	45.501	53.626
LG21	7700026	21	45.715	53.626
LG21	7762950	21	45.715	53.626
LG21	7794116	21	45.822	53.626
LG21	7794118	21	45.822	53.626
LG21	7794154	21	45.822	53.626
LG21	7794157	21	45.822	53.626
LG21	7794169	21	45.822	53.626
LG21	7798064	21	45.928	53.840
LG21	7856153	21	46.035	53.840
LG21	7864819	21	46.035	53.840
LG21	7881260	21	46.035	53.946
LG21	7881292	21	46.035	53.946
LG21	7881295	21	46.035	53.946
LG21	7881340	21	46.035	53.946
LG21	7887636	21	46.035	54.053
LG21	7950657	21	46.035	54.053
LG21	7970633	21	46.035	54.053
LG21	7981252	21	46.035	54.053
LG21	8008050	21	46.035	54.053
LG21	8008066	21	46.035	54.053
LG21	8029114	21	46.035	54.053
LG21	8048756	21	46.035	54.053
LG21	8091674	21	46.035	54.160
LG21	8091686	21	46.035	54.160
LG21	8091697	21	46.035	54.160
LG21	8092161	21	46.035	54.160
LG21	8092186	21	46.035	54.160
LG21	8105218	21	46.035	54.160
LG21	8105775	21	46.035	54.160
LG21	8126942	21	46.035	54.160
LG21	8141085	21	46.035	54.160
LG21	8154536	21	46.142	54.267
LG21	8154544	21	46.142	54.267
LG21	8217844	21	46.142	54.373
LG21	8228980	21	46.142	54.373
LG21	8287485	21	46.142	54.480
LG21	8489567	21	46.142	54.480
LG21	8493554	21	46.248	54.480
LG21	8611334	21	46.248	54.480
LG21	8611349	21	46.248	54.480
LG21	8675367	21	46.248	54.480
LG21	8687351	21	46.248	54.480
LG21	8693276	21	46.248	54.480
LG21	8745388	21	46.248	54.587
LG21	8745394	21	46.248	54.587
LG21	8848920	21	46.462	54.587
LG21	8874116	21	46.462	54.587
LG21	8973883	21	46.462	54.587
LG21	8991527	21	46.462	54.693
LG21	8996211	21	46.462	54.693
LG21	9000595	21	46.462	54.693
LG21	9244135	21	46.462	54.693
LG21	9332688	21	46.462	54.693
LG21	9704924	21	46.462	54.693
LG21	9713199	21	46.462	54.693
LG21	9754561	21	46.462	54.693
LG21	9851042	21	46.462	54.693
LG21	9876850	21	46.462	54.693
LG21	9883911	21	46.462	54.693
LG21	9927391	21	46.462	54.693
LG21	9972403	21	46.462	54.693
LG21	9992860	21	46.462	54.693
LG21	10043013	21	46.462	54.693
LG21	10045631	21	46.462	54.693
LG21	10055338	21	46.462	54.693
LG21	10241020	21	46.462	54.693
LG21	10265108	21	46.462	54.693
LG21	10460131	21	46.462	54.693
LG21	10615742	21	46.462	54.693
LG21	10631438	21	46.462	54.693
LG21	10730053	21	46.462	54.693
LG21	10770765	21	46.462	54.693
LG21	10770789	21	46.462	54.693
LG21	10777117	21	46.462	54.693
LG21	10800578	21	46.462	54.800
LG21	10804664	21	46.462	54.800
LG21	10913919	21	46.462	54.800
LG21	11003018	21	46.462	54.907
LG21	11011042	21	46.676	54.907
LG21	11011054	21	46.676	54.907
LG21	11114746	21	46.676	54.907
LG21	11132074	21	46.676	54.907
LG21	11144308	21	46.676	54.907
LG21	11148286	21	46.676	54.907
LG21	11178082	21	46.676	54.907
LG21	11178092	21	46.676	54.907
LG21	11178093	21	46.676	54.907
LG21	11197832	21	46.889	54.907
LG21	11197851	21	46.889	54.907
LG21	11197941	21	46.889	54.907
LG21	11199990	21	46.889	54.907
LG21	11222421	21	46.889	54.907
LG21	11222432	21	46.889	54.907
LG21	11237281	21	46.889	55.014
LG21	11241366	21	46.889	55.014
LG21	11241566	21	46.889	55.014
LG21	11241685	21	46.889	55.120
LG21	11260167	21	46.889	55.120
LG21	11328109	21	46.889	55.334
LG21	11383384	21	46.889	55.334
LG21	11410490	21	46.889	55.441
LG21	11411467	21	46.889	55.441
LG21	11448815	21	46.889	55.977
LG21	11544431	21	46.889	56.190
LG21	11576817	21	46.889	56.190
LG21	11576862	21	46.889	56.190
LG21	11631108	21	46.889	56.297
LG21	11641853	21	46.889	56.404
LG21	11651367	21	46.889	56.510
LG21	11661675	21	46.889	56.510
LG21	11661699	21	46.889	56.510
LG21	11661707	21	46.889	56.510
LG21	11676964	21	46.889	56.617
LG21	11677024	21	46.889	56.617
LG21	11695847	21	46.996	56.617
LG21	11708825	21	46.996	56.617
LG21	11708870	21	46.996	56.617
LG21	11729516	21	47.210	56.724
LG21	11729528	21	47.210	56.724
LG21	11752965	21	47.210	57.045
LG21	11771416	21	47.210	57.045
LG21	11772398	21	47.210	57.473
LG21	11776362	21	47.210	58.009
LG21	11784553	21	47.210	58.437
LG21	11784555	21	47.210	58.437
LG21	11816847	21	47.210	58.973
LG21	11870043	21	47.317	59.294
LG21	12119150	21	47.317	59.508
LG21	12144248	21	47.317	60.694
LG21	12208622	21	47.317	60.801
LG21	12208664	21	47.317	61.229
LG21	12208665	21	47.317	61.229
LG21	12211785	21	47.317	61.550
LG21	12211819	21	47.317	61.871
LG21	12302497	21	47.317	62.192
LG21	12316639	21	47.317	62.192
LG21	12328849	21	47.317	62.299
LG21	12329850	21	47.423	62.512
LG21	12338831	21	47.423	62.726
LG21	12338876	21	47.423	62.726
LG21	12389357	21	47.423	62.940
LG21	12392453	21	47.423	62.940
LG21	12414491	21	47.423	62.940
LG21	12414546	21	47.423	62.940
LG21	12414558	21	47.423	63.046
LG21	12414559	21	47.423	63.046
LG21	12414561	21	47.423	63.046
LG21	12424783	21	47.423	63.046
LG21	12424809	21	47.423	63.153
LG21	12428217	21	47.423	63.260
LG21	12428271	21	47.423	63.260
LG21	12446852	21	47.423	63.688
LG21	12460965	21	47.423	63.902
LG21	12491065	21	47.530	64.223
LG21	12496449	21	47.530	64.866
LG21	12496464	21	47.530	64.866
LG21	12558111	21	47.530	64.973
LG21	12597513	21	47.530	65.187
LG21	12604789	21	47.530	65.294
LG21	12604864	21	47.530	65.400
LG21	12604883	21	47.530	65.400
LG21	12619113	21	47.530	65.400
LG21	12623423	21	47.637	65.400
LG21	12623445	21	47.850	65.507
LG21	12631984	21	47.850	65.614
LG21	12631992	21	47.850	65.614
LG21	12632001	21	47.850	65.614
LG21	12647202	21	47.850	65.614
LG21	12664874	21	47.850	66.042
LG21	12665630	21	47.850	66.042
LG21	12665634	21	47.850	66.042
LG21	12665807	21	48.064	66.363
LG21	12665809	21	48.064	66.363
LG21	12725356	21	48.064	66.470
LG21	12725415	21	48.064	67.113
LG21	12797085	21	48.278	67.542
LG21	12797104	21	48.278	67.755
LG21	12797158	21	48.384	67.755
LG21	12797163	21	48.384	67.755
LG21	12797630	21	48.598	68.291
LG21	12860660	21	48.705	68.291
LG21	12867256	21	48.812	68.398
LG21	12889971	21	48.918	68.826
LG21	12891851	21	48.918	68.933
LG21	12891874	21	48.918	69.040
LG21	12919755	21	49.025	69.468
LG21	12934354	21	49.025	69.575
LG21	12984190	21	49.132	70.543
LG21	12984303	21	49.132	70.543
LG21	12984325	21	49.239	70.757
LG21	12984338	21	49.239	70.864
LG21	13002952	21	49.239	70.864
LG21	13005579	21	49.239	70.971
LG21	13025970	21	49.239	70.971
LG21	13048170	21	49.239	71.399
LG21	13056495	21	49.239	71.720
LG21	13134447	21	49.345	72.256
LG21	13215507	21	49.345	72.362
LG21	13227158	21	49.345	72.362
LG21	13236267	21	49.452	72.576
LG21	13236324	21	49.452	72.576
LG21	13236326	21	49.452	72.576
LG21	13236328	21	49.666	72.576
LG21	13249873	21	49.879	72.683
LG21	13261781	21	49.986	72.789
LG21	13262922	21	49.986	72.789
LG21	13272675	21	49.986	73.003
LG21	13319477	21	50.093	73.431
LG21	13319509	21	50.093	73.538
LG21	13322631	21	50.093	73.538
LG21	13322675	21	50.093	73.538
LG21	13350894	21	50.306	73.966
LG21	13365569	21	50.306	74.073
LG21	13365579	21	50.413	74.180
LG21	13365586	21	50.413	74.824
LG21	13389004	21	50.413	74.824
LG21	13397566	21	50.413	75.252
LG21	13413614	21	50.413	75.680
LG21	13413616	21	50.413	75.680
LG21	13420786	21	50.413	75.894
LG21	13420797	21	50.520	75.894
LG21	13428490	21	50.520	76.322
LG21	13428559	21	50.520	76.643
LG21	13428564	21	50.627	76.857
LG21	13505614	21	50.840	77.393
LG21	13505663	21	50.947	77.713
LG21	13560304	21	51.054	77.927
LG21	13618266	21	51.375	78.355
LG21	13618270	21	51.375	78.355
LG21	13726772	21	51.481	78.676
LG21	13774085	21	51.588	78.676
LG21	13774465	21	51.588	78.783
LG21	13778603	21	51.588	78.997
LG21	13788880	21	51.588	79.210
LG21	13798527	21	51.588	79.210
LG21	13800751	21	51.588	79.210
LG21	13801419	21	51.588	79.210
LG21	13803234	21	51.588	79.317
LG21	13847806	21	51.588	79.424
LG21	13853512	21	51.588	79.530
LG21	13853548	21	51.588	79.530
LG21	13853566	21	51.588	79.637
LG21	13871198	21	51.588	80.065
LG21	13871727	21	51.588	80.494
LG21	13877814	21	51.588	80.494
LG21	13890048	21	51.588	80.494
LG21	13914346	21	51.588	80.815
LG21	13932091	21	51.588	80.815
LG21	13932103	21	51.588	80.815
LG21	13932135	21	51.588	80.815
LG21	13938115	21	51.588	81.243
LG21	13938122	21	51.588	81.350
LG21	14022553	21	51.695	81.779
LG21	14035914	21	51.695	81.779
LG21	14035942	21	51.695	81.779
LG21	14086715	21	51.695	81.886
LG21	14086716	21	51.695	81.886
LG21	14089287	21	51.695	81.886
LG21	14089348	21	51.801	82.314
LG21	14140529	21	51.801	82.314
LG21	14140538	21	51.801	82.421
LG21	14140555	21	51.801	82.958
LG21	14171447	21	51.801	83.172
LG21	14171453	21	52.015	83.708
LG21	14206555	21	52.015	84.029
LG21	14224577	21	52.122	84.566
LG21	14238280	21	52.122	85.210
LG21	14248044	21	52.122	85.317
LG21	14270820	21	52.229	85.424
LG21	14270821	21	52.229	85.424
LG21	14270822	21	52.229	85.424
LG21	14270859	21	52.229	85.424
LG21	14308122	21	52.229	86.073
LG21	14308123	21	52.229	86.181
LG21	14308630	21	52.229	86.181
LG21	14342937	21	52.229	86.289
LG21	14342947	21	52.442	86.289
LG21	14342949	21	52.442	86.289
LG21	14588053	21	52.550	86.938
LG21	14688508	21	52.550	86.938
LG21	14694203	21	52.657	87.047
LG21	14708142	21	52.657	87.047
LG21	14708229	21	52.657	87.047
LG21	14726461	21	52.657	87.047
LG21	14747557	21	52.657	87.047
LG21	14819014	21	52.657	87.272
LG21	14819027	21	52.657	87.272
LG21	14845553	21	52.657	87.501
LG21	14873456	21	52.657	87.740
LG21	14874262	21	52.776	87.989
LG21	14959545	21	54.729	88.116
LG21	14959553	21	54.729	88.250
LG21	15020791	21	54.729	88.560
LG21	15227432	21	54.898	88.726
LG21	15230467	21	54.898	89.088
LG21	15230490	21	55.223	89.088
LG21	15248942	21	55.223	89.088
LG21	15248943	21	55.223	89.088
LG21	15248944	21	55.223	89.088
